TITLE="SYNTHETIC PIV DEMO - NOT MEASURED DATA"
VARIABLES="X(mm)" "Y(mm)" "Z(mm)" "U(m/s)" "V(m/s)" "W(m/s)" "Velocity(m/s)" "Vorticity" "Flag"
ZONE T="ZONE 1"
I=153, J=79, K=1, F=POINT
DT=(DOUBLE DOUBLE DOUBLE DOUBLE DOUBLE DOUBLE DOUBLE DOUBLE DOUBLE)
253 512 0 0.0249642078 2.60395873e-05 0 0.0249642214 0.00213342338 1
257 512 0 0.0249601506 2.86098345e-05 0 0.024960167 0.0023547767 1
261 512 0 0.0249556965 3.13835245e-05 0 0.0249557163 0.00259550793 1
265 512 0 0.0249508146 3.43709159e-05 0 0.0249508383 0.00285690423 1
269 512 0 0.0249454724 3.75821246e-05 0 0.0249455007 0.00314029503 1
273 512 0 0.0249396358 4.10270323e-05 0 0.0249396695 0.00344704885 1
277 512 0 0.0249332694 4.47151873e-05 0 0.0249333095 0.00377856958 1
281 512 0 0.0249263365 4.86556974e-05 0 0.024926384 0.00413629211 1
285 512 0 0.0249187988 5.28571153e-05 0 0.0249188549 0.00452167744 1
289 512 0 0.0249106171 5.73273171e-05 0 0.024910683 0.00493620711 1
293 512 0 0.0249017507 6.20733748e-05 0 0.0249018281 0.00538137699 1
297 512 0 0.0248921584 6.71014218e-05 0 0.0248922489 0.00585869048 1
301 512 0 0.0248817978 7.24165149e-05 0 0.0248819032 0.006369651 1
305 512 0 0.024870626 7.80224912e-05 0 0.0248707484 0.00691575395 1
309 512 0 0.0248585995 8.39218225e-05 0 0.0248587411 0.00749847796 1
313 512 0 0.0248456746 9.01154681e-05 0 0.024845838 0.00811927559 1
317 512 0 0.0248318078 9.66027269e-05 0 0.0248319957 0.00877956346 1
321 512 0 0.0248169554 0.000103381091 0 0.0248171707 0.00948071183 1
325 512 0 0.0248010746 0.000110446102 0 0.0248013205 0.0102240337 1
329 512 0 0.0247841232 0.000117791213 0 0.0247844032 0.0110107735 1
333 512 0 0.0247660603 0.000125407653 0 0.0247663779 0.0118420953 1
337 512 0 0.0247468464 0.000133284305 0 0.0247472053 0.0127190708 1
341 512 0 0.0247264436 0.000141407593 0 0.024726848 0.013642667 1
345 512 0 0.0247048167 0.000149761377 0 0.0247052706 0.0146137339 1
349 512 0 0.0246819326 0.000158326868 0 0.0246824404 0.0156329919 1
353 512 0 0.0246577616 0.000167082556 0 0.0246583276 0.0167010189 1
357 512 0 0.024632277 0.000176004161 0 0.0246329058 0.0178182387 1
361 512 0 0.0246054563 0.000185064595 0 0.0246061523 0.018984908 1
365 512 0 0.024577281 0.000194233961 0 0.0245780485 0.0202011052 1
369 512 0 0.0245477373 0.000203479561 0 0.0245485806 0.0214667184 1
373 512 0 0.0245168165 0.000212765941 0 0.0245177397 0.022781435 1
377 512 0 0.0244845153 0.000222054955 0 0.0244855222 0.0241447314 1
381 512 0 0.0244508363 0.000231305866 0 0.0244519304 0.0255558635 1
385 512 0 0.0244157884 0.000240475468 0 0.0244169726 0.027013858 1
389 512 0 0.024379387 0.000249518242 0 0.0243806639 0.0285175056 1
393 512 0 0.0243416545 0.000258386544 0 0.0243430258 0.0300653538 1
397 512 0 0.0243026204 0.00026703082 0 0.0243040874 0.0316557024 1
401 512 0 0.0242623218 0.000275399853 0 0.0242638848 0.0332865992 1
405 512 0 0.0242208035 0.000283441038 0 0.0242224619 0.0349558381 1
409 512 0 0.0241781182 0.000291100686 0 0.0241798706 0.0366609579 1
413 512 0 0.0241343266 0.000298324359 0 0.0241361704 0.038399243 1
417 512 0 0.0240894976 0.000305057218 0 0.0240914291 0.040167726 1
421 512 0 0.0240437081 0.00031124441 0 0.0240457225 0.0419631916 1
425 512 0 0.0239970433 0.000316831463 0 0.0239991347 0.043782182 1
429 512 0 0.0239495963 0.0003217647 0 0.0239517576 0.0456210054 1
433 512 0 0.0239014682 0.000325991672 0 0.0239036912 0.0474757441 1
437 512 0 0.0238527677 0.000329461594 0 0.0238550429 0.0493422667 1
441 512 0 0.0238036109 0.000332125793 0 0.0238059278 0.0512162401 1
445 512 0 0.023754121 0.000333938153 0 0.0237564682 0.0530931446 1
449 512 0 0.0237044279 0.00033485556 0 0.0237067929 0.0549682897 1
453 512 0 0.0236546674 0.000334838335 0 0.0236570371 0.0568368322 1
457 512 0 0.0236049811 0.000333850667 0 0.0236073419 0.0586937956 1
461 512 0 0.0235555157 0.00033186101 0 0.0235578533 0.0605340903 1
465 512 0 0.023506422 0.000328842478 0 0.023508722 0.0623525365 1
469 512 0 0.0234578545 0.000324773197 0 0.0234601027 0.0641438868 1
473 512 0 0.0234099708 0.000319636638 0 0.0234121528 0.0659028506 1
477 512 0 0.0233629302 0.00031342191 0 0.0233650324 0.0676241195 1
481 512 0 0.0233168934 0.000306124008 0 0.0233189028 0.0693023932 1
485 512 0 0.0232720212 0.000297744032 0 0.0232739258 0.0709324056 1
489 512 0 0.0232284741 0.000288289343 0 0.023230263 0.0725089522 1
493 512 0 0.0231864107 0.000277773681 0 0.0231880745 0.0740269168 1
497 512 0 0.0231459872 0.000266217224 0 0.0231475181 0.0754812986 1
501 512 0 0.0231073564 0.0002536466 0 0.0231087484 0.076867239 1
505 512 0 0.0230706665 0.000240094834 0 0.0230719158 0.0781800485 1
509 512 0 0.0230360606 0.000225601249 0 0.0230371652 0.0794152319 1
513 512 0 0.0230036751 0.000210211304 0 0.0230046356 0.080568514 1
517 512 0 0.0229736396 0.000193976378 0 0.0229744585 0.0816358632 1
521 512 0 0.0229460754 0.0001769535 0 0.0229467577 0.082613515 1
525 512 0 0.0229210951 0.000159205025 0 0.022921648 0.0834979934 1
529 512 0 0.0228988014 0.000140798264 0 0.0228992343 0.0842861309 1
533 512 0 0.0228792869 0.000121805057 0 0.0228796112 0.084975087 1
537 512 0 0.0228626332 0.000102301317 0 0.0228628621 0.0855623651 1
541 512 0 0.0228489102 8.23665156e-05 0 0.0228490587 0.0860458271 1
545 512 0 0.0228381759 6.2083155e-05 0 0.0228382602 0.0864237059 1
549 512 0 0.0228304757 4.1536192e-05 0 0.0228305135 0.086694616 1
553 512 0 0.0228258424 2.08124486e-05 0 0.0228258519 0.086857562 1
557 512 0 0.0228242958 -0 0 0.0228242958 0.0869119441 1
561 512 0 0.0228258424 -2.08124486e-05 0 0.0228258519 0.086857562 1
565 512 0 0.0228304757 -4.1536192e-05 0 0.0228305135 0.086694616 1
569 512 0 0.0228381759 -6.2083155e-05 0 0.0228382602 0.0864237059 1
573 512 0 0.0228489102 -8.23665156e-05 0 0.0228490587 0.0860458271 1
577 512 0 0.0228626332 -0.000102301317 0 0.0228628621 0.0855623651 1
581 512 0 0.0228792869 -0.000121805057 0 0.0228796112 0.084975087 1
585 512 0 0.0228988014 -0.000140798264 0 0.0228992343 0.0842861309 1
589 512 0 0.0229210951 -0.000159205025 0 0.022921648 0.0834979934 1
593 512 0 0.0229460754 -0.0001769535 0 0.0229467577 0.082613515 1
597 512 0 0.0229736396 -0.000193976378 0 0.0229744585 0.0816358632 1
601 512 0 0.0230036751 -0.000210211304 0 0.0230046356 0.080568514 1
605 512 0 0.0230360606 -0.000225601249 0 0.0230371652 0.0794152319 1
609 512 0 0.0230706665 -0.000240094834 0 0.0230719158 0.0781800485 1
613 512 0 0.0231073564 -0.0002536466 0 0.0231087484 0.076867239 1
617 512 0 0.0231459872 -0.000266217224 0 0.0231475181 0.0754812986 1
621 512 0 0.0231864107 -0.000277773681 0 0.0231880745 0.0740269168 1
625 512 0 0.0232284741 -0.000288289343 0 0.023230263 0.0725089522 1
629 512 0 0.0232720212 -0.000297744032 0 0.0232739258 0.0709324056 1
633 512 0 0.0233168934 -0.000306124008 0 0.0233189028 0.0693023932 1
637 512 0 0.0233629302 -0.00031342191 0 0.0233650324 0.0676241195 1
641 512 0 0.0234099708 -0.000319636638 0 0.0234121528 0.0659028506 1
645 512 0 0.0234578545 -0.000324773197 0 0.0234601027 0.0641438868 1
649 512 0 0.023506422 -0.000328842478 0 0.023508722 0.0623525365 1
653 512 0 0.0235555157 -0.00033186101 0 0.0235578533 0.0605340903 1
657 512 0 0.0236049811 -0.000333850667 0 0.0236073419 0.0586937956 1
661 512 0 0.0236546674 -0.000334838335 0 0.0236570371 0.0568368322 1
665 512 0 0.0237044279 -0.00033485556 0 0.0237067929 0.0549682897 1
669 512 0 0.023754121 -0.000333938153 0 0.0237564682 0.0530931446 1
673 512 0 0.0238036109 -0.000332125793 0 0.0238059278 0.0512162401 1
677 512 0 0.0238527677 -0.000329461594 0 0.0238550429 0.0493422667 1
681 512 0 0.0239014682 -0.000325991672 0 0.0239036912 0.0474757441 1
685 512 0 0.0239495963 -0.0003217647 0 0.0239517576 0.0456210054 1
689 512 0 0.0239970433 -0.000316831463 0 0.0239991347 0.043782182 1
693 512 0 0.0240437081 -0.00031124441 0 0.0240457225 0.0419631916 1
697 512 0 0.0240894976 -0.000305057218 0 0.0240914291 0.040167726 1
701 512 0 0.0241343266 -0.000298324359 0 0.0241361704 0.038399243 1
705 512 0 0.0241781182 -0.000291100686 0 0.0241798706 0.0366609579 1
709 512 0 0.0242208035 -0.000283441038 0 0.0242224619 0.0349558381 1
713 512 0 0.0242623218 -0.000275399853 0 0.0242638848 0.0332865992 1
717 512 0 0.0243026204 -0.00026703082 0 0.0243040874 0.0316557024 1
721 512 0 0.0243416545 -0.000258386544 0 0.0243430258 0.0300653538 1
725 512 0 0.024379387 -0.000249518242 0 0.0243806639 0.0285175056 1
729 512 0 0.0244157884 -0.000240475468 0 0.0244169726 0.027013858 1
733 512 0 0.0244508363 -0.000231305866 0 0.0244519304 0.0255558635 1
737 512 0 0.0244845153 -0.000222054955 0 0.0244855222 0.0241447314 1
741 512 0 0.0245168165 -0.000212765941 0 0.0245177397 0.022781435 1
745 512 0 0.0245477373 -0.000203479561 0 0.0245485806 0.0214667184 1
749 512 0 0.024577281 -0.000194233961 0 0.0245780485 0.0202011052 1
753 512 0 0.0246054563 -0.000185064595 0 0.0246061523 0.018984908 1
757 512 0 0.024632277 -0.000176004161 0 0.0246329058 0.0178182387 1
761 512 0 0.0246577616 -0.000167082556 0 0.0246583276 0.0167010189 1
765 512 0 0.0246819326 -0.000158326868 0 0.0246824404 0.0156329919 1
769 512 0 0.0247048167 -0.000149761377 0 0.0247052706 0.0146137339 1
773 512 0 0.0247264436 -0.000141407593 0 0.024726848 0.013642667 1
777 512 0 0.0247468464 -0.000133284305 0 0.0247472053 0.0127190708 1
781 512 0 0.0247660603 -0.000125407653 0 0.0247663779 0.0118420953 1
785 512 0 0.0247841232 -0.000117791213 0 0.0247844032 0.0110107735 1
789 512 0 0.0248010746 -0.000110446102 0 0.0248013205 0.0102240337 1
793 512 0 0.0248169554 -0.000103381091 0 0.0248171707 0.00948071183 1
797 512 0 0.0248318078 -9.66027269e-05 0 0.0248319957 0.00877956346 1
801 512 0 0.0248456746 -9.01154681e-05 0 0.024845838 0.00811927559 1
805 512 0 0.0248585995 -8.39218225e-05 0 0.0248587411 0.00749847796 1
809 512 0 0.024870626 -7.80224912e-05 0 0.0248707484 0.00691575395 1
813 512 0 0.0248817978 -7.24165149e-05 0 0.0248819032 0.006369651 1
817 512 0 0.0248921584 -6.71014218e-05 0 0.0248922489 0.00585869048 1
821 512 0 0.0249017507 -6.20733748e-05 0 0.0249018281 0.00538137699 1
825 512 0 0.0249106171 -5.73273171e-05 0 0.024910683 0.00493620711 1
829 512 0 0.0249187988 -5.28571153e-05 0 0.0249188549 0.00452167744 1
833 512 0 0.0249263365 -4.86556974e-05 0 0.024926384 0.00413629211 1
837 512 0 0.0249332694 -4.47151873e-05 0 0.0249333095 0.00377856958 1
841 512 0 0.0249396358 -4.10270323e-05 0 0.0249396695 0.00344704885 1
845 512 0 0.0249454724 -3.75821246e-05 0 0.0249455007 0.00314029503 1
849 512 0 0.0249508146 -3.43709159e-05 0 0.0249508383 0.00285690423 1
853 512 0 0.0249556965 -3.13835245e-05 0 0.0249557163 0.00259550793 1
857 512 0 0.0249601506 -2.86098345e-05 0 0.024960167 0.0023547767 1
861 512 0 0.0249642078 -2.60395873e-05 0 0.0249642214 0.00213342338 1
253 516 0 0.0249577225 3.15671799e-05 0 0.0249577425 0.00247921464 1
257 516 0 0.0249529302 3.46830301e-05 0 0.0249529543 0.00273541755 1
261 516 0 0.0249476691 3.80455093e-05 0 0.0249476981 0.00301392452 1
265 516 0 0.0249419026 4.16670537e-05 0 0.0249419374 0.00331620325 1
269 516 0 0.0249355924 4.55599266e-05 0 0.024935634 0.00364376812 1
273 516 0 0.0249286982 4.97361073e-05 0 0.0249287479 0.00399817647 1
277 516 0 0.0249211783 5.4207171e-05 0 0.0249212373 0.00438102417 1
281 516 0 0.0249129892 5.89841588e-05 0 0.024913059 0.00479394056 1
285 516 0 0.0249040858 6.40774389e-05 0 0.0249041682 0.00523858266 1
289 516 0 0.0248944215 6.94965596e-05 0 0.0248945185 0.00571662877 1
293 516 0 0.0248839487 7.52500938e-05 0 0.0248840625 0.00622977121 1
297 516 0 0.0248726183 8.1345477e-05 0 0.0248727514 0.00677970849 1
301 516 0 0.0248603805 8.77888395e-05 0 0.0248605355 0.00736813668 1
305 516 0 0.0248471844 9.45848328e-05 0 0.0248473644 0.00799674011 1
309 516 0 0.0248329787 0.000101736454 0 0.0248331871 0.00866718139 1
313 516 0 0.024817712 0.000109244865 0 0.0248179525 0.00938109076 1
317 516 0 0.0248013326 0.000117109216 0 0.0248016091 0.0101400548 1
321 516 0 0.0247837891 0.000125326468 0 0.024784106 0.0109456047 1
325 516 0 0.0247650308 0.000133891215 0 0.0247653927 0.0117992036 1
329 516 0 0.024745008 0.00014279552 0 0.02474542 0.0127022341 1
333 516 0 0.0247236722 0.000152028751 0 0.0247241396 0.0136559847 1
337 516 0 0.0247009768 0.000161577432 0 0.0247015053 0.0146616364 1
341 516 0 0.0246768773 0.000171425103 0 0.0246774727 0.0157202488 1
345 516 0 0.0246513317 0.000181552199 0 0.0246520002 0.0168327462 1
349 516 0 0.0246243012 0.000191935942 0 0.0246250492 0.0179999032 1
353 516 0 0.0245957505 0.000202550257 0 0.0245965845 0.0192223315 1
357 516 0 0.0245656484 0.000213365709 0 0.024566575 0.0205004652 1
361 516 0 0.024533968 0.000224349461 0 0.0245349937 0.0218345478 1
365 516 0 0.0245006875 0.000235465267 0 0.0245018189 0.0232246191 1
369 516 0 0.0244657907 0.000246673491 0 0.0244670342 0.0246705023 1
373 516 0 0.0244292673 0.000257931151 0 0.0244306289 0.0261717924 1
377 516 0 0.0243911133 0.000269192005 0 0.0243925987 0.0277278447 1
381 516 0 0.024351332 0.000280406667 0 0.0243529464 0.029337765 1
385 516 0 0.0243099337 0.000291522759 0 0.0243116816 0.0310004 1
389 516 0 0.0242669366 0.000302485102 0 0.0242688218 0.0327143296 1
393 516 0 0.0242223672 0.000313235936 0 0.0242243925 0.0344778601 1
397 516 0 0.0241762605 0.000323715189 0 0.0241784276 0.0362890187 1
401 516 0 0.0241286601 0.000333860771 0 0.0241309697 0.0381455498 1
405 516 0 0.024079619 0.000343608911 0 0.0240820705 0.040044913 1
409 516 0 0.0240291994 0.000352894522 0 0.0240317906 0.0419842822 1
413 516 0 0.0239774731 0.00036165161 0 0.0239802004 0.0439605471 1
417 516 0 0.0239245214 0.000369813697 0 0.0239273794 0.0459703164 1
421 516 0 0.0238704352 0.000377314285 0 0.023873417 0.0480099223 1
425 516 0 0.023815315 0.000384087338 0 0.0238184121 0.0500754282 1
429 516 0 0.023759271 0.000390067785 0 0.0237624727 0.0521626369 1
433 516 0 0.0237024224 0.000395192044 0 0.0237057167 0.0542671017 1
437 516 0 0.0236448978 0.000399398549 0 0.0236482708 0.0563841393 1
441 516 0 0.0235868342 0.000402628296 0 0.0235902704 0.0585088442 1
445 516 0 0.0235283771 0.000404825377 0 0.0235318596 0.0606361059 1
449 516 0 0.02346968 0.000405937527 0 0.0234731903 0.0627606265 1
453 516 0 0.0234109032 0.000405916647 0 0.023414422 0.0648769414 1
457 516 0 0.0233522142 0.000404719319 0 0.0233557211 0.0669794413 1
461 516 0 0.023293786 0.000402307305 0 0.0232972599 0.0690623949 1
465 516 0 0.0232357969 0.000398648009 0 0.0232392163 0.0711199741 1
469 516 0 0.0231784294 0.000393714916 0 0.023181773 0.0731462802 1
473 516 0 0.0231218695 0.000387487986 0 0.0231251161 0.0751353703 1
477 516 0 0.0230663055 0.000379954017 0 0.0230694346 0.0770812864 1
481 516 0 0.0230119271 0.000371106942 0 0.0230149193 0.0789780835 1
485 516 0 0.0229589245 0.000360948094 0 0.0229617616 0.0808198592 1
489 516 0 0.0229074869 0.000349486397 0 0.0229101527 0.0826007837 1
493 516 0 0.0228578019 0.000336738507 0 0.0228602822 0.0843151296 1
497 516 0 0.022810054 0.000322728886 0 0.0228123369 0.085957302 1
501 516 0 0.0227644236 0.000307489813 0 0.0227665002 0.087521868 1
505 516 0 0.0227210858 0.000291061326 0 0.02272295 0.089003586 1
509 516 0 0.0226802095 0.000273491094 0 0.0226818584 0.0903974345 1
513 516 0 0.022641956 0.000254834225 0 0.0226433901 0.0916986393 1
517 516 0 0.0226064783 0.000235153005 0 0.0226077013 0.0929027004 1
521 516 0 0.0225739197 0.00021451657 0 0.022574939 0.0940054173 1
525 516 0 0.0225444131 0.000193000511 0 0.0225452393 0.0950029125 1
529 516 0 0.02251808 0.000170686427 0 0.0225187269 0.095891654 1
533 516 0 0.0224950297 0.000147661409 0 0.0224955143 0.0966684752 1
537 516 0 0.0224753584 0.000124017482 0 0.0224757006 0.0973305934 1
541 516 0 0.0224591489 9.98509916e-05 0 0.0224593708 0.097875626 1
545 516 0 0.0224464696 7.52619501e-05 0 0.0224465957 0.0983016042 1
549 516 0 0.0224373742 5.03533496e-05 0 0.0224374307 0.0986069845 1
553 516 0 0.0224319014 2.52304424e-05 0 0.0224319156 0.0987906582 1
557 516 0 0.0224300745 -0 0 0.0224300745 0.0988519571 1
561 516 0 0.0224319014 -2.52304424e-05 0 0.0224319156 0.0987906582 1
565 516 0 0.0224373742 -5.03533496e-05 0 0.0224374307 0.0986069845 1
569 516 0 0.0224464696 -7.52619501e-05 0 0.0224465957 0.0983016042 1
573 516 0 0.0224591489 -9.98509916e-05 0 0.0224593708 0.097875626 1
577 516 0 0.0224753584 -0.000124017482 0 0.0224757006 0.0973305934 1
581 516 0 0.0224950297 -0.000147661409 0 0.0224955143 0.0966684752 1
585 516 0 0.02251808 -0.000170686427 0 0.0225187269 0.095891654 1
589 516 0 0.0225444131 -0.000193000511 0 0.0225452393 0.0950029125 1
593 516 0 0.0225739197 -0.00021451657 0 0.022574939 0.0940054173 1
597 516 0 0.0226064783 -0.000235153005 0 0.0226077013 0.0929027004 1
601 516 0 0.022641956 -0.000254834225 0 0.0226433901 0.0916986393 1
605 516 0 0.0226802095 -0.000273491094 0 0.0226818584 0.0903974345 1
609 516 0 0.0227210858 -0.000291061326 0 0.02272295 0.089003586 1
613 516 0 0.0227644236 -0.000307489813 0 0.0227665002 0.087521868 1
617 516 0 0.022810054 -0.000322728886 0 0.0228123369 0.085957302 1
621 516 0 0.0228578019 -0.000336738507 0 0.0228602822 0.0843151296 1
625 516 0 0.0229074869 -0.000349486397 0 0.0229101527 0.0826007837 1
629 516 0 0.0229589245 -0.000360948094 0 0.0229617616 0.0808198592 1
633 516 0 0.0230119271 -0.000371106942 0 0.0230149193 0.0789780835 1
637 516 0 0.0230663055 -0.000379954017 0 0.0230694346 0.0770812864 1
641 516 0 0.0231218695 -0.000387487986 0 0.0231251161 0.0751353703 1
645 516 0 0.0231784294 -0.000393714916 0 0.023181773 0.0731462802 1
649 516 0 0.0232357969 -0.000398648009 0 0.0232392163 0.0711199741 1
653 516 0 0.023293786 -0.000402307305 0 0.0232972599 0.0690623949 1
657 516 0 0.0233522142 -0.000404719319 0 0.0233557211 0.0669794413 1
661 516 0 0.0234109032 -0.000405916647 0 0.023414422 0.0648769414 1
665 516 0 0.02346968 -0.000405937527 0 0.0234731903 0.0627606265 1
669 516 0 0.0235283771 -0.000404825377 0 0.0235318596 0.0606361059 1
673 516 0 0.0235868342 -0.000402628296 0 0.0235902704 0.0585088442 1
677 516 0 0.0236448978 -0.000399398549 0 0.0236482708 0.0563841393 1
681 516 0 0.0237024224 -0.000395192044 0 0.0237057167 0.0542671017 1
685 516 0 0.023759271 -0.000390067785 0 0.0237624727 0.0521626369 1
689 516 0 0.023815315 -0.000384087338 0 0.0238184121 0.0500754282 1
693 516 0 0.0238704352 -0.000377314285 0 0.023873417 0.0480099223 1
697 516 0 0.0239245214 -0.000369813697 0 0.0239273794 0.0459703164 1
701 516 0 0.0239774731 -0.00036165161 0 0.0239802004 0.0439605471 1
705 516 0 0.0240291994 -0.000352894522 0 0.0240317906 0.0419842822 1
709 516 0 0.024079619 -0.000343608911 0 0.0240820705 0.040044913 1
713 516 0 0.0241286601 -0.000333860771 0 0.0241309697 0.0381455498 1
717 516 0 0.0241762605 -0.000323715189 0 0.0241784276 0.0362890187 1
721 516 0 0.0242223672 -0.000313235936 0 0.0242243925 0.0344778601 1
725 516 0 0.0242669366 -0.000302485102 0 0.0242688218 0.0327143296 1
729 516 0 0.0243099337 -0.000291522759 0 0.0243116816 0.0310004 1
733 516 0 0.024351332 -0.000280406667 0 0.0243529464 0.029337765 1
737 516 0 0.0243911133 -0.000269192005 0 0.0243925987 0.0277278447 1
741 516 0 0.0244292673 -0.000257931151 0 0.0244306289 0.0261717924 1
745 516 0 0.0244657907 -0.000246673491 0 0.0244670342 0.0246705023 1
749 516 0 0.0245006875 -0.000235465267 0 0.0245018189 0.0232246191 1
753 516 0 0.024533968 -0.000224349461 0 0.0245349937 0.0218345478 1
757 516 0 0.0245656484 -0.000213365709 0 0.024566575 0.0205004652 1
761 516 0 0.0245957505 -0.000202550257 0 0.0245965845 0.0192223315 1
765 516 0 0.0246243012 -0.000191935942 0 0.0246250492 0.0179999032 1
769 516 0 0.0246513317 -0.000181552199 0 0.0246520002 0.0168327462 1
773 516 0 0.0246768773 -0.000171425103 0 0.0246774727 0.0157202488 1
777 516 0 0.0247009768 -0.000161577432 0 0.0247015053 0.0146616364 1
781 516 0 0.0247236722 -0.000152028751 0 0.0247241396 0.0136559847 1
785 516 0 0.024745008 -0.00014279552 0 0.02474542 0.0127022341 1
789 516 0 0.0247650308 -0.000133891215 0 0.0247653927 0.0117992036 1
793 516 0 0.0247837891 -0.000125326468 0 0.024784106 0.0109456047 1
797 516 0 0.0248013326 -0.000117109216 0 0.0248016091 0.0101400548 1
801 516 0 0.024817712 -0.000109244865 0 0.0248179525 0.00938109076 1
805 516 0 0.0248329787 -0.000101736454 0 0.0248331871 0.00866718139 1
809 516 0 0.0248471844 -9.45848328e-05 0 0.0248473644 0.00799674011 1
813 516 0 0.0248603805 -8.77888395e-05 0 0.0248605355 0.00736813668 1
817 516 0 0.0248726183 -8.1345477e-05 0 0.0248727514 0.00677970849 1
821 516 0 0.0248839487 -7.52500938e-05 0 0.0248840625 0.00622977121 1
825 516 0 0.0248944215 -6.94965596e-05 0 0.0248945185 0.00571662877 1
829 516 0 0.0249040858 -6.40774389e-05 0 0.0249041682 0.00523858266 1
833 516 0 0.0249129892 -5.89841588e-05 0 0.024913059 0.00479394056 1
837 516 0 0.0249211783 -5.4207171e-05 0 0.0249212373 0.00438102417 1
841 516 0 0.0249286982 -4.97361073e-05 0 0.0249287479 0.00399817647 1
845 516 0 0.0249355924 -4.55599266e-05 0 0.024935634 0.00364376812 1
849 516 0 0.0249419026 -4.16670537e-05 0 0.0249419374 0.00331620325 1
853 516 0 0.0249476691 -3.80455093e-05 0 0.0249476981 0.00301392452 1
857 516 0 0.0249529302 -3.46830301e-05 0 0.0249529543 0.00273541755 1
861 516 0 0.0249577225 -3.15671799e-05 0 0.0249577425 0.00247921464 1
253 520 0 0.0249503456 3.80772873e-05 0 0.0249503747 0.00286469029 1
257 520 0 0.0249447171 4.183572e-05 0 0.0249447522 0.00315946844 1
261 520 0 0.024938538 4.58916442e-05 0 0.0249385802 0.00347975545 1
265 520 0 0.0249317653 5.02600606e-05 0 0.024931816 0.00382721277 1
269 520 0 0.024924354 5.49557616e-05 0 0.0249244146 0.00420355285 1
273 520 0 0.024916257 5.99931971e-05 0 0.0249163292 0.0046105347 1
277 520 0 0.024907425 6.53863293e-05 0 0.0249075108 0.00504995876 1
281 520 0 0.0248978069 7.11484765e-05 0 0.0248979086 0.00552366095 1
285 520 0 0.0248873499 7.72921451e-05 0 0.02488747 0.00603350599 1
289 520 0 0.0248759994 8.38288524e-05 0 0.0248761407 0.00658137992 1
293 520 0 0.0248636992 9.07689394e-05 0 0.0248638649 0.00716918182 1
297 520 0 0.0248503919 9.8121375e-05 0 0.0248505856 0.00779881478 1
301 520 0 0.0248360186 0.000105893554 0 0.0248362444 0.00847217601 1
305 520 0 0.02482052 0.000114091087 0 0.0248207822 0.00919114624 1
309 520 0 0.0248038357 0.000122717588 0 0.0248041392 0.00995757833 1
313 520 0 0.0247859051 0.00013177446 0 0.0247862554 0.0107732852 1
317 520 0 0.0247666676 0.000141260679 0 0.0247670705 0.0116400271 1
321 520 0 0.024746063 0.000151172576 0 0.0247465248 0.0125594981 1
325 520 0 0.0247240317 0.000161503633 0 0.0247245591 0.0135333122 1
329 520 0 0.0247005151 0.000172244275 0 0.0247011157 0.0145629891 1
333 520 0 0.0246754565 0.000183381678 0 0.0246761379 0.0156499389 1
337 520 0 0.0246488011 0.000194899586 0 0.0246495716 0.0167954472 1
341 520 0 0.0246204965 0.000206778145 0 0.0246213648 0.0180006598 1
345 520 0 0.0245904935 0.000218993754 0 0.0245914686 0.0192665666 1
349 520 0 0.0245587465 0.000231518939 0 0.0245598378 0.0205939869 1
353 520 0 0.0245252141 0.000244322247 0 0.0245264311 0.0219835529 1
357 520 0 0.0244898595 0.000257368172 0 0.0244912118 0.0234356955 1
361 520 0 0.0244526513 0.000270617106 0 0.0244541487 0.0249506287 1
365 520 0 0.0244135638 0.000284025328 0 0.0244152159 0.0265283355 1
369 520 0 0.0243725779 0.000297545027 0 0.0243743941 0.0281685543 1
373 520 0 0.0243296816 0.000311124357 0 0.0243316708 0.0298707658 1
377 520 0 0.0242848703 0.000324707539 0 0.024287041 0.031634181 1
381 520 0 0.0242381476 0.000338235003 0 0.0242405075 0.0334577304 1
385 520 0 0.0241895258 0.00035164357 0 0.0241920816 0.0353400539 1
389 520 0 0.0241390263 0.00036486668 0 0.0241417837 0.0372794929 1
393 520 0 0.0240866802 0.000377834661 0 0.0240896434 0.0392740828 1
397 520 0 0.0240325283 0.000390475054 0 0.0240357003 0.041321548 1
401 520 0 0.0239766223 0.000402712961 0 0.023980004 0.0434192982 1
405 520 0 0.0239190241 0.000414471462 0 0.0239226149 0.0455644263 1
409 520 0 0.023859807 0.000425672048 0 0.0238636038 0.0477537087 1
413 520 0 0.0237990551 0.000436235112 0 0.0238030529 0.0499836071 1
417 520 0 0.023736864 0.000446080468 0 0.0237410551 0.0522502726 1
421 520 0 0.0236733404 0.000455127904 0 0.023677715 0.054549552 1
425 520 0 0.0236086025 0.000463297765 0 0.023613148 0.0568769958 1
429 520 0 0.0235427795 0.000470511562 0 0.0235474807 0.0592278688 1
433 520 0 0.0234760116 0.000476692598 0 0.0234808508 0.0615971624 1
437 520 0 0.0234084496 0.000481766612 0 0.0234134067 0.0639796097 1
441 520 0 0.0233402546 0.000485662429 0 0.0233453069 0.0663697019 1
445 520 0 0.0232715976 0.000488312616 0 0.0232767202 0.0687617071 1
449 520 0 0.0232026585 0.000489654125 0 0.0232078246 0.0711496913 1
453 520 0 0.023133626 0.000489628938 0 0.0231388069 0.073527541 1
457 520 0 0.0230646964 0.000488184685 0 0.0230698623 0.0758889874 1
461 520 0 0.0229960732 0.000485275241 0 0.0230011929 0.0782276326 1
465 520 0 0.0229279657 0.000480861288 0 0.0229330076 0.0805369773 1
469 520 0 0.0228605883 0.000474910841 0 0.0228655208 0.0828104492 1
473 520 0 0.0227941594 0.00046739973 0 0.022798951 0.0850414334 1
477 520 0 0.0227289002 0.000458312028 0 0.0227335205 0.0872233036 1
481 520 0 0.0226650335 0.00044764042 0 0.0226694536 0.0893494532 1
485 520 0 0.0226027826 0.00043538651 0 0.0226069755 0.0914133284 1
489 520 0 0.0225423698 0.000421561064 0 0.0225463113 0.0934084605 1
493 520 0 0.0224840154 0.000406184173 0 0.0224876841 0.0953284989 1
497 520 0 0.0224279361 0.000389285345 0 0.0224313143 0.0971672441 1
501 520 0 0.0223743437 0.000370903514 0 0.0223774178 0.0989186794 1
505 520 0 0.0223234441 0.000351086976 0 0.0223262047 0.100577004 1
509 520 0 0.0222754354 0.00032989323 0 0.0222778781 0.102136662 1
513 520 0 0.0222305072 0.000307388751 0 0.0222326323 0.103592377 1
517 520 0 0.0221888391 0.000283648668 0 0.022190652 0.104939174 1
521 520 0 0.0221505994 0.000258756376 0 0.0221521107 0.106172413 1
525 520 0 0.0221159443 0.000232803055 0 0.0221171696 0.107287813 1
529 520 0 0.0220850164 0.000205887131 0 0.022085976 0.108281475 1
533 520 0 0.022057944 0.000178113658 0 0.0220586631 0.109149905 1
537 520 0 0.0220348404 0.000149593639 0 0.0220353482 0.109890033 1
541 520 0 0.0220158025 0.000120443287 0 0.022016132 0.110499229 1
545 520 0 0.0220009108 9.07832408e-05 0 0.0220010981 0.110975325 1
549 520 0 0.0219902284 6.07377335e-05 0 0.0219903123 0.111316617 1
553 520 0 0.0219838007 3.04337228e-05 0 0.0219838218 0.111521883 1
557 520 0 0.0219816551 -0 0 0.0219816551 0.111590387 1
561 520 0 0.0219838007 -3.04337228e-05 0 0.0219838218 0.111521883 1
565 520 0 0.0219902284 -6.07377335e-05 0 0.0219903123 0.111316617 1
569 520 0 0.0220009108 -9.07832408e-05 0 0.0220010981 0.110975325 1
573 520 0 0.0220158025 -0.000120443287 0 0.022016132 0.110499229 1
577 520 0 0.0220348404 -0.000149593639 0 0.0220353482 0.109890033 1
581 520 0 0.022057944 -0.000178113658 0 0.0220586631 0.109149905 1
585 520 0 0.0220850164 -0.000205887131 0 0.022085976 0.108281475 1
589 520 0 0.0221159443 -0.000232803055 0 0.0221171696 0.107287813 1
593 520 0 0.0221505994 -0.000258756376 0 0.0221521107 0.106172413 1
597 520 0 0.0221888391 -0.000283648668 0 0.022190652 0.104939174 1
601 520 0 0.0222305072 -0.000307388751 0 0.0222326323 0.103592377 1
605 520 0 0.0222754354 -0.00032989323 0 0.0222778781 0.102136662 1
609 520 0 0.0223234441 -0.000351086976 0 0.0223262047 0.100577004 1
613 520 0 0.0223743437 -0.000370903514 0 0.0223774178 0.0989186794 1
617 520 0 0.0224279361 -0.000389285345 0 0.0224313143 0.0971672441 1
621 520 0 0.0224840154 -0.000406184173 0 0.0224876841 0.0953284989 1
625 520 0 0.0225423698 -0.000421561064 0 0.0225463113 0.0934084605 1
629 520 0 0.0226027826 -0.00043538651 0 0.0226069755 0.0914133284 1
633 520 0 0.0226650335 -0.00044764042 0 0.0226694536 0.0893494532 1
637 520 0 0.0227289002 -0.000458312028 0 0.0227335205 0.0872233036 1
641 520 0 0.0227941594 -0.00046739973 0 0.022798951 0.0850414334 1
645 520 0 0.0228605883 -0.000474910841 0 0.0228655208 0.0828104492 1
649 520 0 0.0229279657 -0.000480861288 0 0.0229330076 0.0805369773 1
653 520 0 0.0229960732 -0.000485275241 0 0.0230011929 0.0782276326 1
657 520 0 0.0230646964 -0.000488184685 0 0.0230698623 0.0758889874 1
661 520 0 0.023133626 -0.000489628938 0 0.0231388069 0.073527541 1
665 520 0 0.0232026585 -0.000489654125 0 0.0232078246 0.0711496913 1
669 520 0 0.0232715976 -0.000488312616 0 0.0232767202 0.0687617071 1
673 520 0 0.0233402546 -0.000485662429 0 0.0233453069 0.0663697019 1
677 520 0 0.0234084496 -0.000481766612 0 0.0234134067 0.0639796097 1
681 520 0 0.0234760116 -0.000476692598 0 0.0234808508 0.0615971624 1
685 520 0 0.0235427795 -0.000470511562 0 0.0235474807 0.0592278688 1
689 520 0 0.0236086025 -0.000463297765 0 0.023613148 0.0568769958 1
693 520 0 0.0236733404 -0.000455127904 0 0.023677715 0.054549552 1
697 520 0 0.023736864 -0.000446080468 0 0.0237410551 0.0522502726 1
701 520 0 0.0237990551 -0.000436235112 0 0.0238030529 0.0499836071 1
705 520 0 0.023859807 -0.000425672048 0 0.0238636038 0.0477537087 1
709 520 0 0.0239190241 -0.000414471462 0 0.0239226149 0.0455644263 1
713 520 0 0.0239766223 -0.000402712961 0 0.023980004 0.0434192982 1
717 520 0 0.0240325283 -0.000390475054 0 0.0240357003 0.041321548 1
721 520 0 0.0240866802 -0.000377834661 0 0.0240896434 0.0392740828 1
725 520 0 0.0241390263 -0.00036486668 0 0.0241417837 0.0372794929 1
729 520 0 0.0241895258 -0.00035164357 0 0.0241920816 0.0353400539 1
733 520 0 0.0242381476 -0.000338235003 0 0.0242405075 0.0334577304 1
737 520 0 0.0242848703 -0.000324707539 0 0.024287041 0.031634181 1
741 520 0 0.0243296816 -0.000311124357 0 0.0243316708 0.0298707658 1
745 520 0 0.0243725779 -0.000297545027 0 0.0243743941 0.0281685543 1
749 520 0 0.0244135638 -0.000284025328 0 0.0244152159 0.0265283355 1
753 520 0 0.0244526513 -0.000270617106 0 0.0244541487 0.0249506287 1
757 520 0 0.0244898595 -0.000257368172 0 0.0244912118 0.0234356955 1
761 520 0 0.0245252141 -0.000244322247 0 0.0245264311 0.0219835529 1
765 520 0 0.0245587465 -0.000231518939 0 0.0245598378 0.0205939869 1
769 520 0 0.0245904935 -0.000218993754 0 0.0245914686 0.0192665666 1
773 520 0 0.0246204965 -0.000206778145 0 0.0246213648 0.0180006598 1
777 520 0 0.0246488011 -0.000194899586 0 0.0246495716 0.0167954472 1
781 520 0 0.0246754565 -0.000183381678 0 0.0246761379 0.0156499389 1
785 520 0 0.0247005151 -0.000172244275 0 0.0247011157 0.0145629891 1
789 520 0 0.0247240317 -0.000161503633 0 0.0247245591 0.0135333122 1
793 520 0 0.024746063 -0.000151172576 0 0.0247465248 0.0125594981 1
797 520 0 0.0247666676 -0.000141260679 0 0.0247670705 0.0116400271 1
801 520 0 0.0247859051 -0.00013177446 0 0.0247862554 0.0107732852 1
805 520 0 0.0248038357 -0.000122717588 0 0.0248041392 0.00995757833 1
809 520 0 0.02482052 -0.000114091087 0 0.0248207822 0.00919114624 1
813 520 0 0.0248360186 -0.000105893554 0 0.0248362444 0.00847217601 1
817 520 0 0.0248503919 -9.8121375e-05 0 0.0248505856 0.00779881478 1
821 520 0 0.0248636992 -9.07689394e-05 0 0.0248638649 0.00716918182 1
825 520 0 0.0248759994 -8.38288524e-05 0 0.0248761407 0.00658137992 1
829 520 0 0.0248873499 -7.72921451e-05 0 0.02488747 0.00603350599 1
833 520 0 0.0248978069 -7.11484765e-05 0 0.0248979086 0.00552366095 1
837 520 0 0.024907425 -6.53863293e-05 0 0.0249075108 0.00504995876 1
841 520 0 0.024916257 -5.99931971e-05 0 0.0249163292 0.0046105347 1
845 520 0 0.024924354 -5.49557616e-05 0 0.0249244146 0.00420355285 1
849 520 0 0.0249317653 -5.02600606e-05 0 0.024931816 0.00382721277 1
853 520 0 0.024938538 -4.58916442e-05 0 0.0249385802 0.00347975545 1
857 520 0 0.0249447171 -4.183572e-05 0 0.0249447522 0.00315946844 1
861 520 0 0.0249503456 -3.80772873e-05 0 0.0249503747 0.00286469029 1
253 524 0 0.0249420148 4.5700899e-05 0 0.0249420567 0.00329126555 1
257 524 0 0.0249354419 5.02118232e-05 0 0.0249354925 0.00362840199 1
261 524 0 0.0249282261 5.50798007e-05 0 0.024928287 0.00399452491 1
265 524 0 0.0249203172 6.03228359e-05 0 0.0249203902 0.00439150114 1
269 524 0 0.0249116625 6.59586827e-05 0 0.0249117498 0.00482125253 1
273 524 0 0.0249022069 7.20046841e-05 0 0.024902311 0.00528575069 1
277 524 0 0.0248918931 7.84775978e-05 0 0.0248920168 0.00578701102 1
281 524 0 0.0248806614 8.53934083e-05 0 0.0248808079 0.0063270858 1
285 524 0 0.02486845 9.27671263e-05 0 0.024868623 0.00690805651 1
289 524 0 0.0248551951 0.000100612575 0 0.0248553988 0.00753202517 1
293 524 0 0.0248408313 0.000108942165 0 0.0248410701 0.00820110491 1
297 524 0 0.0248252912 0.000117766663 0 0.0248255705 0.00891740962 1
301 524 0 0.0248085065 0.000127094942 0 0.0248088321 0.00968304272 1
305 524 0 0.0247904075 0.000136933737 0 0.0247907857 0.0105000851 1
309 524 0 0.024770924 0.000147287385 0 0.0247713619 0.0113705824 1
313 524 0 0.0247499851 0.000158157572 0 0.0247504904 0.012296531 1
317 524 0 0.0247275201 0.000169543066 0 0.0247281013 0.0132798643 1
321 524 0 0.0247034585 0.000181439465 0 0.0247041248 0.014322437 1
325 524 0 0.0246777308 0.000193838946 0 0.0246784921 0.01542601 1
329 524 0 0.0246502688 0.000206730017 0 0.0246511356 0.016592234 1
333 524 0 0.024621006 0.000220097285 0 0.0246219897 0.0178226334 1
337 524 0 0.0245898783 0.000233921241 0 0.024590991 0.0191185889 1
341 524 0 0.0245568249 0.000248178055 0 0.0245580789 0.0204813208 1
345 524 0 0.0245217881 0.000262839403 0 0.0245231967 0.0219118717 1
349 524 0 0.0244847148 0.000277872307 0 0.0244862915 0.0234110896 1
353 524 0 0.0244455565 0.000293239019 0 0.0244473152 0.024979611 1
357 524 0 0.0244042702 0.000308896922 0 0.0244062251 0.0266178439 1
361 524 0 0.0243608193 0.00032479848 0 0.0243629845 0.0283259521 1
365 524 0 0.0243151739 0.000340891218 0 0.0243175634 0.0301038397 1
369 524 0 0.0242673116 0.000357117752 0 0.0242699391 0.0319511359 1
373 524 0 0.0242172183 0.000373415856 0 0.0242200971 0.0338671817 1
377 524 0 0.0241648888 0.000389718583 0 0.0241680311 0.0358510167 1
381 524 0 0.0241103271 0.000405954437 0 0.0241137445 0.0379013678 1
385 524 0 0.0240535478 0.000422047589 0 0.0240572501 0.0400166393 1
389 524 0 0.0239945757 0.000437918152 0 0.0239985715 0.0421949035 1
393 524 0 0.0239334471 0.000453482507 0 0.0239377429 0.0444338945 1
397 524 0 0.0238702099 0.000468653685 0 0.0238748101 0.0467310025 1
401 524 0 0.0238049241 0.000483341795 0 0.0238098306 0.0490832708 1
405 524 0 0.0237376624 0.000497454514 0 0.0237428743 0.0514873941 1
409 524 0 0.0236685101 0.000510897615 0 0.0236740234 0.0539397198 1
413 524 0 0.0235975655 0.000523575555 0 0.0236033732 0.0564362506 1
417 524 0 0.0235249402 0.00053539209 0 0.0235310317 0.0589726496 1
421 524 0 0.0234507589 0.000546250951 0 0.0234571201 0.0615442483 1
425 524 0 0.0233751595 0.000556056534 0 0.0233817724 0.0641460559 1
429 524 0 0.023298293 0.000564714635 0 0.0233051359 0.0667727716 1
433 524 0 0.023220323 0.000572133202 0 0.0232273704 0.0694187992 1
437 524 0 0.0231414257 0.000578223105 0 0.0231486485 0.0720782635 1
441 524 0 0.0230617893 0.00058289892 0 0.0230691547 0.0747450297 1
445 524 0 0.0229816132 0.000586079711 0 0.0229890852 0.0774127241 1
449 524 0 0.0229011078 0.000587689809 0 0.0229086473 0.0800747577 1
453 524 0 0.0228204933 0.00058765958 0 0.0228280586 0.0827243511 1
457 524 0 0.0227399991 0.000585926168 0 0.0227475464 0.085354562 1
461 524 0 0.0226598625 0.000582434212 0 0.0226673466 0.0879583133 1
465 524 0 0.0225803282 0.000577136522 0 0.0225877026 0.0905284241 1
469 524 0 0.0225016466 0.000569994712 0 0.0225088647 0.093057641 1
473 524 0 0.0224240725 0.000560979771 0 0.0224310884 0.0955386711 1
477 524 0 0.0223478643 0.000550072582 0 0.0223546331 0.097964216 1
481 524 0 0.0222732824 0.000537264366 0 0.0222797612 0.100327006 1
485 524 0 0.0222005872 0.00052255705 0 0.0222067363 0.102619837 1
489 524 0 0.0221300387 0.000505963555 0 0.0221358219 0.104835601 1
493 524 0 0.0220618938 0.000487507993 0 0.0220672794 0.10696733 1
497 524 0 0.0219964057 0.000467225779 0 0.0220013673 0.109008224 1
501 524 0 0.0219338218 0.000445163646 0 0.0219383388 0.110951689 1
505 524 0 0.0218743824 0.000421379557 0 0.0218784407 0.112791371 1
509 524 0 0.021818319 0.000395942523 0 0.0218219113 0.11452119 1
513 524 0 0.021765853 0.000368932329 0 0.0217689795 0.116135372 1
517 524 0 0.021717194 0.000340439146 0 0.0217198622 0.11762848 1
521 524 0 0.0216725386 0.000310563064 0 0.0216747636 0.118995442 1
525 524 0 0.0216320692 0.000279413521 0 0.0216338736 0.120231583 1
529 524 0 0.0215959523 0.000247108648 0 0.021597366 0.121332644 1
533 524 0 0.0215643379 0.000213774533 0 0.0215653974 0.122294812 1
537 524 0 0.021537358 0.000179544402 0 0.0215381063 0.123114736 1
541 524 0 0.021515126 0.000144557737 0 0.0215156116 0.123789551 1
545 524 0 0.0214977358 0.00010895933 0 0.0214980119 0.124316888 1
549 524 0 0.0214852612 7.28982872e-05 0 0.0214853848 0.124694892 1
553 524 0 0.021477755 3.65269848e-05 0 0.0214777861 0.12492223 1
557 524 0 0.0214752494 -0 0 0.0214752494 0.124998099 1
561 524 0 0.021477755 -3.65269848e-05 0 0.0214777861 0.12492223 1
565 524 0 0.0214852612 -7.28982872e-05 0 0.0214853848 0.124694892 1
569 524 0 0.0214977358 -0.00010895933 0 0.0214980119 0.124316888 1
573 524 0 0.021515126 -0.000144557737 0 0.0215156116 0.123789551 1
577 524 0 0.021537358 -0.000179544402 0 0.0215381063 0.123114736 1
581 524 0 0.0215643379 -0.000213774533 0 0.0215653974 0.122294812 1
585 524 0 0.0215959523 -0.000247108648 0 0.021597366 0.121332644 1
589 524 0 0.0216320692 -0.000279413521 0 0.0216338736 0.120231583 1
593 524 0 0.0216725386 -0.000310563064 0 0.0216747636 0.118995442 1
597 524 0 0.021717194 -0.000340439146 0 0.0217198622 0.11762848 1
601 524 0 0.021765853 -0.000368932329 0 0.0217689795 0.116135372 1
605 524 0 0.021818319 -0.000395942523 0 0.0218219113 0.11452119 1
609 524 0 0.0218743824 -0.000421379557 0 0.0218784407 0.112791371 1
613 524 0 0.0219338218 -0.000445163646 0 0.0219383388 0.110951689 1
617 524 0 0.0219964057 -0.000467225779 0 0.0220013673 0.109008224 1
621 524 0 0.0220618938 -0.000487507993 0 0.0220672794 0.10696733 1
625 524 0 0.0221300387 -0.000505963555 0 0.0221358219 0.104835601 1
629 524 0 0.0222005872 -0.00052255705 0 0.0222067363 0.102619837 1
633 524 0 0.0222732824 -0.000537264366 0 0.0222797612 0.100327006 1
637 524 0 0.0223478643 -0.000550072582 0 0.0223546331 0.097964216 1
641 524 0 0.0224240725 -0.000560979771 0 0.0224310884 0.0955386711 1
645 524 0 0.0225016466 -0.000569994712 0 0.0225088647 0.093057641 1
649 524 0 0.0225803282 -0.000577136522 0 0.0225877026 0.0905284241 1
653 524 0 0.0226598625 -0.000582434212 0 0.0226673466 0.0879583133 1
657 524 0 0.0227399991 -0.000585926168 0 0.0227475464 0.085354562 1
661 524 0 0.0228204933 -0.00058765958 0 0.0228280586 0.0827243511 1
665 524 0 0.0229011078 -0.000587689809 0 0.0229086473 0.0800747577 1
669 524 0 0.0229816132 -0.000586079711 0 0.0229890852 0.0774127241 1
673 524 0 0.0230617893 -0.00058289892 0 0.0230691547 0.0747450297 1
677 524 0 0.0231414257 -0.000578223105 0 0.0231486485 0.0720782635 1
681 524 0 0.023220323 -0.000572133202 0 0.0232273704 0.0694187992 1
685 524 0 0.023298293 -0.000564714635 0 0.0233051359 0.0667727716 1
689 524 0 0.0233751595 -0.000556056534 0 0.0233817724 0.0641460559 1
693 524 0 0.0234507589 -0.000546250951 0 0.0234571201 0.0615442483 1
697 524 0 0.0235249402 -0.00053539209 0 0.0235310317 0.0589726496 1
701 524 0 0.0235975655 -0.000523575555 0 0.0236033732 0.0564362506 1
705 524 0 0.0236685101 -0.000510897615 0 0.0236740234 0.0539397198 1
709 524 0 0.0237376624 -0.000497454514 0 0.0237428743 0.0514873941 1
713 524 0 0.0238049241 -0.000483341795 0 0.0238098306 0.0490832708 1
717 524 0 0.0238702099 -0.000468653685 0 0.0238748101 0.0467310025 1
721 524 0 0.0239334471 -0.000453482507 0 0.0239377429 0.0444338945 1
725 524 0 0.0239945757 -0.000437918152 0 0.0239985715 0.0421949035 1
729 524 0 0.0240535478 -0.000422047589 0 0.0240572501 0.0400166393 1
733 524 0 0.0241103271 -0.000405954437 0 0.0241137445 0.0379013678 1
737 524 0 0.0241648888 -0.000389718583 0 0.0241680311 0.0358510167 1
741 524 0 0.0242172183 -0.000373415856 0 0.0242200971 0.0338671817 1
745 524 0 0.0242673116 -0.000357117752 0 0.0242699391 0.0319511359 1
749 524 0 0.0243151739 -0.000340891218 0 0.0243175634 0.0301038397 1
753 524 0 0.0243608193 -0.00032479848 0 0.0243629845 0.0283259521 1
757 524 0 0.0244042702 -0.000308896922 0 0.0244062251 0.0266178439 1
761 524 0 0.0244455565 -0.000293239019 0 0.0244473152 0.024979611 1
765 524 0 0.0244847148 -0.000277872307 0 0.0244862915 0.0234110896 1
769 524 0 0.0245217881 -0.000262839403 0 0.0245231967 0.0219118717 1
773 524 0 0.0245568249 -0.000248178055 0 0.0245580789 0.0204813208 1
777 524 0 0.0245898783 -0.000233921241 0 0.024590991 0.0191185889 1
781 524 0 0.024621006 -0.000220097285 0 0.0246219897 0.0178226334 1
785 524 0 0.0246502688 -0.000206730017 0 0.0246511356 0.016592234 1
789 524 0 0.0246777308 -0.000193838946 0 0.0246784921 0.01542601 1
793 524 0 0.0247034585 -0.000181439465 0 0.0247041248 0.014322437 1
797 524 0 0.0247275201 -0.000169543066 0 0.0247281013 0.0132798643 1
801 524 0 0.0247499851 -0.000158157572 0 0.0247504904 0.012296531 1
805 524 0 0.024770924 -0.000147287385 0 0.0247713619 0.0113705824 1
809 524 0 0.0247904075 -0.000136933737 0 0.0247907857 0.0105000851 1
813 524 0 0.0248085065 -0.000127094942 0 0.0248088321 0.00968304272 1
817 524 0 0.0248252912 -0.000117766663 0 0.0248255705 0.00891740962 1
821 524 0 0.0248408313 -0.000108942165 0 0.0248410701 0.00820110491 1
825 524 0 0.0248551951 -0.000100612575 0 0.0248553988 0.00753202517 1
829 524 0 0.02486845 -9.27671263e-05 0 0.024868623 0.00690805651 1
833 524 0 0.0248806614 -8.53934083e-05 0 0.0248808079 0.0063270858 1
837 524 0 0.0248918931 -7.84775978e-05 0 0.0248920168 0.00578701102 1
841 524 0 0.0249022069 -7.20046841e-05 0 0.024902311 0.00528575069 1
845 524 0 0.0249116625 -6.59586827e-05 0 0.0249117498 0.00482125253 1
849 524 0 0.0249203172 -6.03228359e-05 0 0.0249203902 0.00439150114 1
853 524 0 0.0249282261 -5.50798007e-05 0 0.024928287 0.00399452491 1
857 524 0 0.0249354419 -5.02118232e-05 0 0.0249354925 0.00362840199 1
861 524 0 0.0249420148 -4.5700899e-05 0 0.0249420567 0.00329126555 1
253 528 0 0.024932676 5.45772959e-05 0 0.0249327358 0.00375980732 1
257 528 0 0.0249250445 5.99643681e-05 0 0.0249251167 0.00414307383 1
261 528 0 0.0249166666 6.57778435e-05 0 0.0249167534 0.00455906399 1
265 528 0 0.0249074839 7.20392232e-05 0 0.0249075881 0.00500985942 1
269 528 0 0.0248974353 7.87697096e-05 0 0.0248975599 0.00549760021 1
273 528 0 0.0248864568 8.5990014e-05 0 0.0248866054 0.00602447879 1
277 528 0 0.0248744819 9.37201492e-05 0 0.0248746585 0.006592733 1
281 528 0 0.0248614413 0.000101979204 0 0.0248616505 0.00720463811 1
285 528 0 0.0248472632 0.000110785105 0 0.0248475102 0.00786249798 1
289 528 0 0.0248318736 0.00012015436 0 0.0248321643 0.00856863518 1
293 528 0 0.0248151963 0.000130101791 0 0.0248155374 0.00932538026 1
297 528 0 0.0247971535 0.000140640253 0 0.0247975523 0.01013506 1
301 528 0 0.0247776655 0.000151780345 0 0.0247781304 0.0109999846 1
305 528 0 0.0247566516 0.00016353011 0 0.0247571917 0.0119224343 1
309 528 0 0.0247340301 0.000175894728 0 0.0247346556 0.012904645 1
313 528 0 0.0247097189 0.00018887621 0 0.0247104408 0.0139487926 1
317 528 0 0.0246836358 0.000202473086 0 0.0246844662 0.0150569773 1
321 528 0 0.024655699 0.0002166801 0 0.0246566511 0.0162312071 1
325 528 0 0.0246258277 0.000231487908 0 0.0246269157 0.01747338 1
329 528 0 0.0245939428 0.000246882786 0 0.0245951819 0.0187852664 1
333 528 0 0.024559967 0.000262846353 0 0.0245613735 0.0201684911 1
337 528 0 0.0245238262 0.000279355309 0 0.0245254172 0.0216245146 1
341 528 0 0.0244854493 0.000296381197 0 0.024487243 0.0231546144 1
345 528 0 0.0244447697 0.00031389019 0 0.0244467849 0.0247598666 1
349 528 0 0.0244017255 0.000331842906 0 0.0244039818 0.026441127 1
353 528 0 0.0243562605 0.000350194264 0 0.024358778 0.028199013 1
357 528 0 0.0243083249 0.000368893371 0 0.0243111239 0.0300338856 1
361 528 0 0.024257876 0.000387883458 0 0.024260977 0.0319458325 1
365 528 0 0.0242048792 0.000407101858 0 0.0242083025 0.0339346508 1
369 528 0 0.0241493084 0.000426480039 0 0.024153074 0.0359998322 1
373 528 0 0.0240911474 0.000445943692 0 0.0240952744 0.038140548 1
377 528 0 0.0240303899 0.000465412867 0 0.0240348964 0.0403556357 1
381 528 0 0.0239670408 0.000484802179 0 0.0239719436 0.0426435875 1
385 528 0 0.0239011168 0.000504021073 0 0.0239064306 0.0450025397 1
389 528 0 0.023832647 0.000522974144 0 0.0238383843 0.047430264 1
393 528 0 0.0237616733 0.000541561534 0 0.023767844 0.0499241609 1
397 528 0 0.0236882515 0.00055967938 0 0.0236948623 0.0524812548 1
401 528 0 0.0236124511 0.000577220333 0 0.0236195053 0.0550981916 1
405 528 0 0.0235343566 0.000594074138 0 0.0235418534 0.0577712377 1
409 528 0 0.0234540669 0.000610128267 0 0.0234620014 0.0604962822 1
413 528 0 0.0233716963 0.000625268618 0 0.0233800588 0.063268841 1
417 528 0 0.0232873743 0.000639380256 0 0.0232961501 0.0660840634 1
421 528 0 0.0232012457 0.000652348213 0 0.0232104149 0.0689367413 1
425 528 0 0.0231134707 0.000664058315 0 0.023123008 0.0718213205 1
429 528 0 0.0230242244 0.000674398062 0 0.0230340991 0.074731915 1
433 528 0 0.022933697 0.000683257522 0 0.0229438728 0.0776623237 1
437 528 0 0.022842093 0.000690530256 0 0.0228525281 0.0806060489 1
441 528 0 0.0227496307 0.000696114246 0 0.0227602784 0.083556318 1
445 528 0 0.0226565418 0.000699912835 0 0.0226673502 0.0865061068 1
449 528 0 0.0225630706 0.00070183566 0 0.0225739835 0.0894481657 1
453 528 0 0.0224694727 0.000701799559 0 0.0224804299 0.0923750471 1
457 528 0 0.0223760145 0.000699729469 0 0.0223869526 0.0952791352 1
461 528 0 0.0222829716 0.000695559278 0 0.0222938248 0.0981526778 1
465 528 0 0.0221906279 0.000689232628 0 0.0222013289 0.100987819 1
469 528 0 0.0220992741 0.000680703678 0 0.0221097552 0.103776634 1
473 528 0 0.0220092063 0.000669937782 0 0.0220194001 0.106511163 1
477 528 0 0.0219207245 0.000656912111 0 0.0219305653 0.109183453 1
481 528 0 0.0218341307 0.000641616181 0 0.0218435559 0.111785586 1
485 528 0 0.0217497276 0.000624052292 0 0.0217586786 0.114309726 1
489 528 0 0.0216678169 0.000604235873 0 0.0216762402 0.116748152 1
493 528 0 0.0215886969 0.000582195723 0 0.0215965457 0.119093297 1
497 528 0 0.0215126617 0.000557974135 0 0.0215198965 0.121337786 1
501 528 0 0.0214399983 0.000531626917 0 0.0214465884 0.123474473 1
505 528 0 0.0213709859 0.00050322329 0 0.0213769098 0.125496477 1
509 528 0 0.0213058932 0.000472845671 0 0.0213111395 0.127397219 1
513 528 0 0.0212449772 0.000440589338 0 0.0212495453 0.129170455 1
517 528 0 0.0211884814 0.00040656198 0 0.0211923816 0.130810309 1
521 528 0 0.0211366341 0.000370883125 0 0.0211398878 0.132311304 1
525 528 0 0.0210896469 0.000333683466 0 0.0210922865 0.133668391 1
529 528 0 0.0210477132 0.000295104081 0 0.0210497819 0.134876977 1
533 528 0 0.0210110071 0.000255295546 0 0.021012558 0.135932949 1
537 528 0 0.020979682 0.000214416962 0 0.0209807776 0.136832695 1
541 528 0 0.0209538694 0.000172634905 0 0.0209545805 0.137573124 1
545 528 0 0.0209336785 0.000130122289 0 0.0209340829 0.138151687 1
549 528 0 0.0209191947 8.705718e-05 0 0.0209193758 0.138566383 1
553 528 0 0.0209104797 4.36215501e-05 0 0.0209105252 0.138815777 1
557 528 0 0.0209075705 -0 0 0.0209075705 0.138899005 1
561 528 0 0.0209104797 -4.36215501e-05 0 0.0209105252 0.138815777 1
565 528 0 0.0209191947 -8.705718e-05 0 0.0209193758 0.138566383 1
569 528 0 0.0209336785 -0.000130122289 0 0.0209340829 0.138151687 1
573 528 0 0.0209538694 -0.000172634905 0 0.0209545805 0.137573124 1
577 528 0 0.020979682 -0.000214416962 0 0.0209807776 0.136832695 1
581 528 0 0.0210110071 -0.000255295546 0 0.021012558 0.135932949 1
585 528 0 0.0210477132 -0.000295104081 0 0.0210497819 0.134876977 1
589 528 0 0.0210896469 -0.000333683466 0 0.0210922865 0.133668391 1
593 528 0 0.0211366341 -0.000370883125 0 0.0211398878 0.132311304 1
597 528 0 0.0211884814 -0.00040656198 0 0.0211923816 0.130810309 1
601 528 0 0.0212449772 -0.000440589338 0 0.0212495453 0.129170455 1
605 528 0 0.0213058932 -0.000472845671 0 0.0213111395 0.127397219 1
609 528 0 0.0213709859 -0.00050322329 0 0.0213769098 0.125496477 1
613 528 0 0.0214399983 -0.000531626917 0 0.0214465884 0.123474473 1
617 528 0 0.0215126617 -0.000557974135 0 0.0215198965 0.121337786 1
621 528 0 0.0215886969 -0.000582195723 0 0.0215965457 0.119093297 1
625 528 0 0.0216678169 -0.000604235873 0 0.0216762402 0.116748152 1
629 528 0 0.0217497276 -0.000624052292 0 0.0217586786 0.114309726 1
633 528 0 0.0218341307 -0.000641616181 0 0.0218435559 0.111785586 1
637 528 0 0.0219207245 -0.000656912111 0 0.0219305653 0.109183453 1
641 528 0 0.0220092063 -0.000669937782 0 0.0220194001 0.106511163 1
645 528 0 0.0220992741 -0.000680703678 0 0.0221097552 0.103776634 1
649 528 0 0.0221906279 -0.000689232628 0 0.0222013289 0.100987819 1
653 528 0 0.0222829716 -0.000695559278 0 0.0222938248 0.0981526778 1
657 528 0 0.0223760145 -0.000699729469 0 0.0223869526 0.0952791352 1
661 528 0 0.0224694727 -0.000701799559 0 0.0224804299 0.0923750471 1
665 528 0 0.0225630706 -0.00070183566 0 0.0225739835 0.0894481657 1
669 528 0 0.0226565418 -0.000699912835 0 0.0226673502 0.0865061068 1
673 528 0 0.0227496307 -0.000696114246 0 0.0227602784 0.083556318 1
677 528 0 0.022842093 -0.000690530256 0 0.0228525281 0.0806060489 1
681 528 0 0.022933697 -0.000683257522 0 0.0229438728 0.0776623237 1
685 528 0 0.0230242244 -0.000674398062 0 0.0230340991 0.074731915 1
689 528 0 0.0231134707 -0.000664058315 0 0.023123008 0.0718213205 1
693 528 0 0.0232012457 -0.000652348213 0 0.0232104149 0.0689367413 1
697 528 0 0.0232873743 -0.000639380256 0 0.0232961501 0.0660840634 1
701 528 0 0.0233716963 -0.000625268618 0 0.0233800588 0.063268841 1
705 528 0 0.0234540669 -0.000610128267 0 0.0234620014 0.0604962822 1
709 528 0 0.0235343566 -0.000594074138 0 0.0235418534 0.0577712377 1
713 528 0 0.0236124511 -0.000577220333 0 0.0236195053 0.0550981916 1
717 528 0 0.0236882515 -0.00055967938 0 0.0236948623 0.0524812548 1
721 528 0 0.0237616733 -0.000541561534 0 0.023767844 0.0499241609 1
725 528 0 0.023832647 -0.000522974144 0 0.0238383843 0.047430264 1
729 528 0 0.0239011168 -0.000504021073 0 0.0239064306 0.0450025397 1
733 528 0 0.0239670408 -0.000484802179 0 0.0239719436 0.0426435875 1
737 528 0 0.0240303899 -0.000465412867 0 0.0240348964 0.0403556357 1
741 528 0 0.0240911474 -0.000445943692 0 0.0240952744 0.038140548 1
745 528 0 0.0241493084 -0.000426480039 0 0.024153074 0.0359998322 1
749 528 0 0.0242048792 -0.000407101858 0 0.0242083025 0.0339346508 1
753 528 0 0.024257876 -0.000387883458 0 0.024260977 0.0319458325 1
757 528 0 0.0243083249 -0.000368893371 0 0.0243111239 0.0300338856 1
761 528 0 0.0243562605 -0.000350194264 0 0.024358778 0.028199013 1
765 528 0 0.0244017255 -0.000331842906 0 0.0244039818 0.026441127 1
769 528 0 0.0244447697 -0.00031389019 0 0.0244467849 0.0247598666 1
773 528 0 0.0244854493 -0.000296381197 0 0.024487243 0.0231546144 1
777 528 0 0.0245238262 -0.000279355309 0 0.0245254172 0.0216245146 1
781 528 0 0.024559967 -0.000262846353 0 0.0245613735 0.0201684911 1
785 528 0 0.0245939428 -0.000246882786 0 0.0245951819 0.0187852664 1
789 528 0 0.0246258277 -0.000231487908 0 0.0246269157 0.01747338 1
793 528 0 0.024655699 -0.0002166801 0 0.0246566511 0.0162312071 1
797 528 0 0.0246836358 -0.000202473086 0 0.0246844662 0.0150569773 1
801 528 0 0.0247097189 -0.00018887621 0 0.0247104408 0.0139487926 1
805 528 0 0.0247340301 -0.000175894728 0 0.0247346556 0.012904645 1
809 528 0 0.0247566516 -0.00016353011 0 0.0247571917 0.0119224343 1
813 528 0 0.0247776655 -0.000151780345 0 0.0247781304 0.0109999846 1
817 528 0 0.0247971535 -0.000140640253 0 0.0247975523 0.01013506 1
821 528 0 0.0248151963 -0.000130101791 0 0.0248155374 0.00932538026 1
825 528 0 0.0248318736 -0.00012015436 0 0.0248321643 0.00856863518 1
829 528 0 0.0248472632 -0.000110785105 0 0.0248475102 0.00786249798 1
833 528 0 0.0248614413 -0.000101979204 0 0.0248616505 0.00720463811 1
837 528 0 0.0248744819 -9.37201492e-05 0 0.0248746585 0.006592733 1
841 528 0 0.0248864568 -8.5990014e-05 0 0.0248866054 0.00602447879 1
845 528 0 0.0248974353 -7.87697096e-05 0 0.0248975599 0.00549760021 1
849 528 0 0.0249074839 -7.20392232e-05 0 0.0249075881 0.00500985942 1
853 528 0 0.0249166666 -6.57778435e-05 0 0.0249167534 0.00455906399 1
857 528 0 0.0249250445 -5.99643681e-05 0 0.0249251167 0.00414307383 1
861 528 0 0.024932676 -5.45772959e-05 0 0.0249327358 0.00375980732 1
253 532 0 0.0249222865 6.48526627e-05 0 0.0249223709 0.00427053227 1
257 532 0 0.0249134773 7.12539689e-05 0 0.0249135792 0.00470361021 1
261 532 0 0.0249038065 7.81619578e-05 0 0.0249039291 0.00517338692 1
265 532 0 0.0248932067 8.56021789e-05 0 0.0248933539 0.00568216524 1
269 532 0 0.0248816074 9.35998262e-05 0 0.0248817834 0.00623230914 1
273 532 0 0.0248689347 0.000102179511 0 0.0248691446 0.00682623663 1
277 532 0 0.0248551118 0.000111365012 0 0.0248553613 0.00746641169 1
281 532 0 0.0248400588 0.000121179015 0 0.0248403543 0.00815533514 1
285 532 0 0.0248236927 0.000131642819 0 0.0248240417 0.00889553453 1
289 532 0 0.0248059281 0.00014277604 0 0.024806339 0.00968955295 1
293 532 0 0.0247866772 0.000154596292 0 0.0247871593 0.0105399368 1
297 532 0 0.02476585 0.000167118849 0 0.0247664138 0.0114492226 1
301 532 0 0.0247433546 0.000180356307 0 0.0247440119 0.0124199226 1
305 532 0 0.0247190978 0.000194318222 0 0.0247198616 0.01345451 1
309 532 0 0.0246929854 0.000209010749 0 0.0246938699 0.0145554021 1
313 532 0 0.0246649224 0.000224436278 0 0.0246659435 0.0157249441 1
317 532 0 0.0246348141 0.000240593063 0 0.0246359889 0.0169653912 1
321 532 0 0.024602566 0.000257474857 0 0.0246039133 0.0182788896 1
325 532 0 0.024568085 0.000275070558 0 0.0245696249 0.0196674583 1
329 532 0 0.0245312795 0.000293363858 0 0.0245330336 0.0211329692 1
333 532 0 0.0244920606 0.000312332915 0 0.024494052 0.0226771269 1
337 532 0 0.0244503425 0.000331950042 0 0.0244525957 0.0243014494 1
341 532 0 0.0244060432 0.000352181425 0 0.0244085841 0.0260072473 1
345 532 0 0.0243590859 0.000372986867 0 0.0243619413 0.0277956035 1
349 532 0 0.0243093991 0.000394319574 0 0.024312597 0.0296673541 1
353 532 0 0.0242569179 0.000416125976 0 0.0242604869 0.0316230681 1
357 532 0 0.0242015848 0.000438345598 0 0.0242055542 0.0336630285 1
361 532 0 0.0241433506 0.000460910983 0 0.0241477497 0.0357872145 1
365 532 0 0.0240821752 0.000483747665 0 0.0240870333 0.0379952837 1
369 532 0 0.0240180287 0.000506774213 0 0.0240233745 0.040286556 1
373 532 0 0.0239508921 0.000529902323 0 0.0239567533 0.0426599986 1
377 532 0 0.0238807585 0.000553036995 0 0.0238871613 0.0451142123 1
381 532 0 0.0238076333 0.000576076768 0 0.023814602 0.0476474197 1
385 532 0 0.0237315359 0.000598914038 0 0.0237390921 0.0502574548 1
389 532 0 0.0236524997 0.000621435439 0 0.0236606619 0.0529417549 1
393 532 0 0.0235705733 0.00064352231 0 0.0235793563 0.0556973542 1
397 532 0 0.0234858208 0.000665051236 0 0.0234952351 0.05852088 1
401 532 0 0.0233983229 0.000685894656 0 0.0234083739 0.0614085506 1
405 532 0 0.0233081767 0.000705921557 0 0.0233188642 0.0643561762 1
409 532 0 0.0232154966 0.000724998227 0 0.0232268144 0.0673591623 1
413 532 0 0.0231204145 0.000742989079 0 0.0231323497 0.0704125148 1
417 532 0 0.0230230799 0.000759757541 0 0.0230356124 0.0735108491 1
421 532 0 0.0229236598 0.000775166998 0 0.0229367623 0.0766484006 1
425 532 0 0.0228223392 0.000789081783 0 0.0228359764 0.0798190382 1
429 532 0 0.0227193204 0.000801368213 0 0.0227334491 0.0830162811 1
433 532 0 0.0226148227 0.00081189566 0 0.0226293919 0.0862333171 1
437 532 0 0.0225090822 0.000820537644 0 0.022524033 0.089463024 1
441 532 0 0.022402351 0.000827172942 0 0.0224176168 0.0926979937 1
445 532 0 0.0222948966 0.000831686699 0 0.0223104038 0.0959305582 1
449 532 0 0.0221870008 0.000833971537 0 0.022202669 0.0991528176 1
453 532 0 0.0220789587 0.000833928639 0 0.022094702 0.102356671 1
457 532 0 0.0219710779 0.00083146881 0 0.0219868052 0.105533849 1
461 532 0 0.0218636765 0.000826513489 0 0.0218792933 0.108675946 1
465 532 0 0.0217570822 0.00081899571 0 0.0217724914 0.11177446 1
469 532 0 0.0216516306 0.000808860998 0 0.021666734 0.114820824 1
473 532 0 0.0215476635 0.000796068188 0 0.0215623636 0.117806449 1
477 532 0 0.021445527 0.00078059015 0 0.0214597285 0.120722758 1
481 532 0 0.0213455699 0.000762414427 0 0.0213591814 0.123561232 1
485 532 0 0.0212481417 0.000741543753 0 0.0212610774 0.126313445 1
489 532 0 0.0211535904 0.000717996461 0 0.021165772 0.128971103 1
493 532 0 0.0210622606 0.000691806772 0 0.021073619 0.131526091 1
497 532 0 0.0209744914 0.000663024941 0 0.0209849683 0.133970504 1
501 532 0 0.0208906146 0.000631717284 0 0.0209001638 0.136296693 1
505 532 0 0.0208109521 0.000597966054 0 0.0208195411 0.138497298 1
509 532 0 0.0207358142 0.000561869186 0 0.0207434252 0.140565289 1
513 532 0 0.0206654976 0.000523539895 0 0.0206721282 0.142493999 1
517 532 0 0.0206002833 0.000483106144 0 0.0206059473 0.144277158 1
521 532 0 0.0205404349 0.000440709966 0 0.0205451622 0.145908926 1
525 532 0 0.0204861965 0.00039650666 0 0.0204900333 0.147383925 1
529 532 0 0.0204377916 0.000350663864 0 0.0204407996 0.148697262 1
533 532 0 0.0203954209 0.000303360503 0 0.0203976769 0.149844559 1
537 532 0 0.0203592617 0.000254785634 0 0.0203608559 0.150821974 1
541 532 0 0.0203294657 0.000205137193 0 0.0203305006 0.15162622 1
545 532 0 0.0203061588 0.00015462065 0 0.0203067475 0.152254586 1
549 532 0 0.0202894399 0.000103447594 0 0.0202897036 0.152704945 1
553 532 0 0.02027938 5.18342587e-05 0 0.0202794463 0.152975774 1
557 532 0 0.0202760219 -0 0 0.0202760219 0.153066152 1
561 532 0 0.02027938 -5.18342587e-05 0 0.0202794463 0.152975774 1
565 532 0 0.0202894399 -0.000103447594 0 0.0202897036 0.152704945 1
569 532 0 0.0203061588 -0.00015462065 0 0.0203067475 0.152254586 1
573 532 0 0.0203294657 -0.000205137193 0 0.0203305006 0.15162622 1
577 532 0 0.0203592617 -0.000254785634 0 0.0203608559 0.150821974 1
581 532 0 0.0203954209 -0.000303360503 0 0.0203976769 0.149844559 1
585 532 0 0.0204377916 -0.000350663864 0 0.0204407996 0.148697262 1
589 532 0 0.0204861965 -0.00039650666 0 0.0204900333 0.147383925 1
593 532 0 0.0205404349 -0.000440709966 0 0.0205451622 0.145908926 1
597 532 0 0.0206002833 -0.000483106144 0 0.0206059473 0.144277158 1
601 532 0 0.0206654976 -0.000523539895 0 0.0206721282 0.142493999 1
605 532 0 0.0207358142 -0.000561869186 0 0.0207434252 0.140565289 1
609 532 0 0.0208109521 -0.000597966054 0 0.0208195411 0.138497298 1
613 532 0 0.0208906146 -0.000631717284 0 0.0209001638 0.136296693 1
617 532 0 0.0209744914 -0.000663024941 0 0.0209849683 0.133970504 1
621 532 0 0.0210622606 -0.000691806772 0 0.021073619 0.131526091 1
625 532 0 0.0211535904 -0.000717996461 0 0.021165772 0.128971103 1
629 532 0 0.0212481417 -0.000741543753 0 0.0212610774 0.126313445 1
633 532 0 0.0213455699 -0.000762414427 0 0.0213591814 0.123561232 1
637 532 0 0.021445527 -0.00078059015 0 0.0214597285 0.120722758 1
641 532 0 0.0215476635 -0.000796068188 0 0.0215623636 0.117806449 1
645 532 0 0.0216516306 -0.000808860998 0 0.021666734 0.114820824 1
649 532 0 0.0217570822 -0.00081899571 0 0.0217724914 0.11177446 1
653 532 0 0.0218636765 -0.000826513489 0 0.0218792933 0.108675946 1
657 532 0 0.0219710779 -0.00083146881 0 0.0219868052 0.105533849 1
661 532 0 0.0220789587 -0.000833928639 0 0.022094702 0.102356671 1
665 532 0 0.0221870008 -0.000833971537 0 0.022202669 0.0991528176 1
669 532 0 0.0222948966 -0.000831686699 0 0.0223104038 0.0959305582 1
673 532 0 0.022402351 -0.000827172942 0 0.0224176168 0.0926979937 1
677 532 0 0.0225090822 -0.000820537644 0 0.022524033 0.089463024 1
681 532 0 0.0226148227 -0.00081189566 0 0.0226293919 0.0862333171 1
685 532 0 0.0227193204 -0.000801368213 0 0.0227334491 0.0830162811 1
689 532 0 0.0228223392 -0.000789081783 0 0.0228359764 0.0798190382 1
693 532 0 0.0229236598 -0.000775166998 0 0.0229367623 0.0766484006 1
697 532 0 0.0230230799 -0.000759757541 0 0.0230356124 0.0735108491 1
701 532 0 0.0231204145 -0.000742989079 0 0.0231323497 0.0704125148 1
705 532 0 0.0232154966 -0.000724998227 0 0.0232268144 0.0673591623 1
709 532 0 0.0233081767 -0.000705921557 0 0.0233188642 0.0643561762 1
713 532 0 0.0233983229 -0.000685894656 0 0.0234083739 0.0614085506 1
717 532 0 0.0234858208 -0.000665051236 0 0.0234952351 0.05852088 1
721 532 0 0.0235705733 -0.00064352231 0 0.0235793563 0.0556973542 1
725 532 0 0.0236524997 -0.000621435439 0 0.0236606619 0.0529417549 1
729 532 0 0.0237315359 -0.000598914038 0 0.0237390921 0.0502574548 1
733 532 0 0.0238076333 -0.000576076768 0 0.023814602 0.0476474197 1
737 532 0 0.0238807585 -0.000553036995 0 0.0238871613 0.0451142123 1
741 532 0 0.0239508921 -0.000529902323 0 0.0239567533 0.0426599986 1
745 532 0 0.0240180287 -0.000506774213 0 0.0240233745 0.040286556 1
749 532 0 0.0240821752 -0.000483747665 0 0.0240870333 0.0379952837 1
753 532 0 0.0241433506 -0.000460910983 0 0.0241477497 0.0357872145 1
757 532 0 0.0242015848 -0.000438345598 0 0.0242055542 0.0336630285 1
761 532 0 0.0242569179 -0.000416125976 0 0.0242604869 0.0316230681 1
765 532 0 0.0243093991 -0.000394319574 0 0.024312597 0.0296673541 1
769 532 0 0.0243590859 -0.000372986867 0 0.0243619413 0.0277956035 1
773 532 0 0.0244060432 -0.000352181425 0 0.0244085841 0.0260072473 1
777 532 0 0.0244503425 -0.000331950042 0 0.0244525957 0.0243014494 1
781 532 0 0.0244920606 -0.000312332915 0 0.024494052 0.0226771269 1
785 532 0 0.0245312795 -0.000293363858 0 0.0245330336 0.0211329692 1
789 532 0 0.024568085 -0.000275070558 0 0.0245696249 0.0196674583 1
793 532 0 0.024602566 -0.000257474857 0 0.0246039133 0.0182788896 1
797 532 0 0.0246348141 -0.000240593063 0 0.0246359889 0.0169653912 1
801 532 0 0.0246649224 -0.000224436278 0 0.0246659435 0.0157249441 1
805 532 0 0.0246929854 -0.000209010749 0 0.0246938699 0.0145554021 1
809 532 0 0.0247190978 -0.000194318222 0 0.0247198616 0.01345451 1
813 532 0 0.0247433546 -0.000180356307 0 0.0247440119 0.0124199226 1
817 532 0 0.02476585 -0.000167118849 0 0.0247664138 0.0114492226 1
821 532 0 0.0247866772 -0.000154596292 0 0.0247871593 0.0105399368 1
825 532 0 0.0248059281 -0.00014277604 0 0.024806339 0.00968955295 1
829 532 0 0.0248236927 -0.000131642819 0 0.0248240417 0.00889553453 1
833 532 0 0.0248400588 -0.000121179015 0 0.0248403543 0.00815533514 1
837 532 0 0.0248551118 -0.000111365012 0 0.0248553613 0.00746641169 1
841 532 0 0.0248689347 -0.000102179511 0 0.0248691446 0.00682623663 1
845 532 0 0.0248816074 -9.35998262e-05 0 0.0248817834 0.00623230914 1
849 532 0 0.0248932067 -8.56021789e-05 0 0.0248933539 0.00568216524 1
853 532 0 0.0249038065 -7.81619578e-05 0 0.0249039291 0.00517338692 1
857 532 0 0.0249134773 -7.12539689e-05 0 0.0249135792 0.00470361021 1
861 532 0 0.0249222865 -6.48526627e-05 0 0.0249223709 0.00427053227 1
253 536 0 0.0249108183 7.66782404e-05 0 0.0249109363 0.00482291138 1
257 536 0 0.0249007091 8.42467945e-05 0 0.0249008517 0.0053093032 1
261 536 0 0.0248896112 9.24144227e-05 0 0.0248897827 0.00583657614 1
265 536 0 0.0248774471 0.000101211333 0 0.024877653 0.006407257 1
269 536 0 0.0248641361 0.000110667314 0 0.0248643824 0.00702393528 1
273 536 0 0.0248495934 0.000120811463 0 0.024849887 0.00768925495 1
277 536 0 0.0248337306 0.000131671898 0 0.0248340797 0.00840590521 1
281 536 0 0.0248164562 0.000143275437 0 0.0248168697 0.00917661006 1
285 536 0 0.0247976749 0.000155647266 0 0.0247981634 0.0100041168 1
289 536 0 0.0247772888 0.000168810579 0 0.0247778639 0.0108911833 1
293 536 0 0.0247551971 0.000182786197 0 0.0247558719 0.0118405645 1
297 536 0 0.0247312963 0.000197592185 0 0.0247320857 0.0128549971 1
301 536 0 0.0247054813 0.000213243431 0 0.0247064016 0.0139371843 1
305 536 0 0.024677645 0.000229751234 0 0.0246787144 0.0150897784 1
309 536 0 0.0246476791 0.000247122875 0 0.0246489179 0.0163153633 1
313 536 0 0.0246154749 0.000265361176 0 0.0246169052 0.0176164355 1
317 536 0 0.0245809235 0.000284464075 0 0.0245825694 0.0189953849 1
321 536 0 0.0245439166 0.000304424185 0 0.0245458044 0.0204544745 1
325 536 0 0.0245043471 0.000325228379 0 0.0245065053 0.0219958199 1
329 536 0 0.0244621103 0.000346857376 0 0.0244645693 0.0236213676 1
333 536 0 0.0244171038 0.000369285351 0 0.0244198962 0.0253328743 1
337 536 0 0.0243692293 0.000392479569 0 0.0243723896 0.0271318846 1
341 536 0 0.0243183928 0.000416400049 0 0.0243219575 0.0290197098 1
345 536 0 0.0242645059 0.000440999266 0 0.0242685131 0.0309974062 1
349 536 0 0.0242074868 0.000466221891 0 0.024211976 0.0330657541 1
353 536 0 0.024147261 0.000492004587 0 0.0241522728 0.0352252373 1
357 536 0 0.0240837623 0.000518275853 0 0.0240893383 0.037476023 1
361 536 0 0.0240169345 0.000544955929 0 0.0240231163 0.0398179433 1
365 536 0 0.0239467314 0.000571956774 0 0.0239535609 0.0422504767 1
369 536 0 0.0238731188 0.000599182104 0 0.0238806369 0.0447727318 1
373 536 0 0.0237960748 0.000626527516 0 0.0238043213 0.0473834323 1
377 536 0 0.0237155915 0.000653880686 0 0.0237246041 0.0500809034 1
381 536 0 0.0236316752 0.000681121654 0 0.023641489 0.0528630599 1
385 536 0 0.0235443481 0.000708123192 0 0.0235549945 0.0557273968 1
389 536 0 0.0234536485 0.000734751264 0 0.0234651547 0.0586709818 1
393 536 0 0.0233596321 0.000760865573 0 0.0233720203 0.0616904497 1
397 536 0 0.0232623728 0.000786320196 0 0.0232756587 0.0647819996 1
401 536 0 0.0231619627 0.000810964316 0 0.0231761554 0.0679413948 1
405 536 0 0.0230585136 0.000834643029 0 0.0230736144 0.0711639648 1
409 536 0 0.0229521567 0.000857198239 0 0.0229681581 0.0744446102 1
413 536 0 0.0228430433 0.000878469638 0 0.0228599286 0.0777778106 1
417 536 0 0.0227313449 0.000898295751 0 0.0227490874 0.0811576346 1
421 536 0 0.0226172534 0.000916515049 0 0.0226358157 0.0845777534 1
425 536 0 0.0225009809 0.000932967129 0 0.0225203146 0.0880314564 1
429 536 0 0.0223827595 0.000947493932 0 0.0224028049 0.0915116699 1
433 536 0 0.022262841 0.00095994101 0 0.022283527 0.0950109786 1
437 536 0 0.0221414963 0.000970158819 0 0.0221627405 0.0985216492 1
441 536 0 0.0220190148 0.000978004032 0 0.0220407238 0.102035657 1
445 536 0 0.0218957033 0.000983340852 0 0.0219177732 0.105544715 1
449 536 0 0.0217718853 0.000986042319 0 0.0217942026 0.109040303 1
453 536 0 0.0216478994 0.000985991599 0 0.0216703422 0.112513703 1
457 536 0 0.0215240986 0.000983083232 0 0.0215465374 0.115956033 1
461 536 0 0.0214008479 0.000977224331 0 0.0214231477 0.119358282 1
465 536 0 0.0212785234 0.00096833572 0 0.0213005454 0.12271135 1
469 536 0 0.0211575103 0.000956352992 0 0.0211791136 0.126006088 1
473 536 0 0.0210382007 0.000941227472 0 0.0210592449 0.129233333 1
477 536 0 0.0209209919 0.000922927088 0 0.0209413394 0.132383956 1
481 536 0 0.0208062841 0.000901437107 0 0.0208258025 0.135448899 1
485 536 0 0.0206944784 0.000876760763 0 0.0207130429 0.138419214 1
489 536 0 0.0205859741 0.000848919734 0 0.0206034704 0.141286114 1
493 536 0 0.0204811667 0.000817954478 0 0.0204974934 0.144041003 1
497 536 0 0.0203804454 0.000783924417 0 0.0203955165 0.146675525 1
501 536 0 0.0202841908 0.000746907956 0 0.0202979376 0.149181601 1
505 536 0 0.0201927725 0.000707002348 0 0.0202051457 0.151551467 1
509 536 0 0.0201065465 0.000664323386 0 0.0201175182 0.153777716 1
513 536 0 0.0200258532 0.000619004929 0 0.0200354178 0.155853327 1
517 536 0 0.0199510153 0.000571198274 0 0.0199591903 0.157771707 1
521 536 0 0.0198823349 0.000521071352 0 0.0198891618 0.159526718 1
525 536 0 0.0198200926 0.000468807782 0 0.0198256362 0.161112712 1
529 536 0 0.0197645445 0.000414605768 0 0.0197688927 0.162524556 1
533 536 0 0.0197159212 0.000358676862 0 0.0197191835 0.163757657 1
537 536 0 0.0196744259 0.000301244595 0 0.019676732 0.164807989 1
541 536 0 0.0196402329 0.000242542994 0 0.0196417305 0.165672108 1
545 536 0 0.0196134867 0.000182814997 0 0.0196143387 0.166347174 1
549 536 0 0.0195943006 0.000122310775 0 0.0195946823 0.166830963 1
553 536 0 0.0195827561 6.12859917e-05 0 0.019582852 0.167121877 1
557 536 0 0.0195789025 -0 0 0.0195789025 0.167218956 1
561 536 0 0.0195827561 -6.12859917e-05 0 0.019582852 0.167121877 1
565 536 0 0.0195943006 -0.000122310775 0 0.0195946823 0.166830963 1
569 536 0 0.0196134867 -0.000182814997 0 0.0196143387 0.166347174 1
573 536 0 0.0196402329 -0.000242542994 0 0.0196417305 0.165672108 1
577 536 0 0.0196744259 -0.000301244595 0 0.019676732 0.164807989 1
581 536 0 0.0197159212 -0.000358676862 0 0.0197191835 0.163757657 1
585 536 0 0.0197645445 -0.000414605768 0 0.0197688927 0.162524556 1
589 536 0 0.0198200926 -0.000468807782 0 0.0198256362 0.161112712 1
593 536 0 0.0198823349 -0.000521071352 0 0.0198891618 0.159526718 1
597 536 0 0.0199510153 -0.000571198274 0 0.0199591903 0.157771707 1
601 536 0 0.0200258532 -0.000619004929 0 0.0200354178 0.155853327 1
605 536 0 0.0201065465 -0.000664323386 0 0.0201175182 0.153777716 1
609 536 0 0.0201927725 -0.000707002348 0 0.0202051457 0.151551467 1
613 536 0 0.0202841908 -0.000746907956 0 0.0202979376 0.149181601 1
617 536 0 0.0203804454 -0.000783924417 0 0.0203955165 0.146675525 1
621 536 0 0.0204811667 -0.000817954478 0 0.0204974934 0.144041003 1
625 536 0 0.0205859741 -0.000848919734 0 0.0206034704 0.141286114 1
629 536 0 0.0206944784 -0.000876760763 0 0.0207130429 0.138419214 1
633 536 0 0.0208062841 -0.000901437107 0 0.0208258025 0.135448899 1
637 536 0 0.0209209919 -0.000922927088 0 0.0209413394 0.132383956 1
641 536 0 0.0210382007 -0.000941227472 0 0.0210592449 0.129233333 1
645 536 0 0.0211575103 -0.000956352992 0 0.0211791136 0.126006088 1
649 536 0 0.0212785234 -0.00096833572 0 0.0213005454 0.12271135 1
653 536 0 0.0214008479 -0.000977224331 0 0.0214231477 0.119358282 1
657 536 0 0.0215240986 -0.000983083232 0 0.0215465374 0.115956033 1
661 536 0 0.0216478994 -0.000985991599 0 0.0216703422 0.112513703 1
665 536 0 0.0217718853 -0.000986042319 0 0.0217942026 0.109040303 1
669 536 0 0.0218957033 -0.000983340852 0 0.0219177732 0.105544715 1
673 536 0 0.0220190148 -0.000978004032 0 0.0220407238 0.102035657 1
677 536 0 0.0221414963 -0.000970158819 0 0.0221627405 0.0985216492 1
681 536 0 0.022262841 -0.00095994101 0 0.022283527 0.0950109786 1
685 536 0 0.0223827595 -0.000947493932 0 0.0224028049 0.0915116699 1
689 536 0 0.0225009809 -0.000932967129 0 0.0225203146 0.0880314564 1
693 536 0 0.0226172534 -0.000916515049 0 0.0226358157 0.0845777534 1
697 536 0 0.0227313449 -0.000898295751 0 0.0227490874 0.0811576346 1
701 536 0 0.0228430433 -0.000878469638 0 0.0228599286 0.0777778106 1
705 536 0 0.0229521567 -0.000857198239 0 0.0229681581 0.0744446102 1
709 536 0 0.0230585136 -0.000834643029 0 0.0230736144 0.0711639648 1
713 536 0 0.0231619627 -0.000810964316 0 0.0231761554 0.0679413948 1
717 536 0 0.0232623728 -0.000786320196 0 0.0232756587 0.0647819996 1
721 536 0 0.0233596321 -0.000760865573 0 0.0233720203 0.0616904497 1
725 536 0 0.0234536485 -0.000734751264 0 0.0234651547 0.0586709818 1
729 536 0 0.0235443481 -0.000708123192 0 0.0235549945 0.0557273968 1
733 536 0 0.0236316752 -0.000681121654 0 0.023641489 0.0528630599 1
737 536 0 0.0237155915 -0.000653880686 0 0.0237246041 0.0500809034 1
741 536 0 0.0237960748 -0.000626527516 0 0.0238043213 0.0473834323 1
745 536 0 0.0238731188 -0.000599182104 0 0.0238806369 0.0447727318 1
749 536 0 0.0239467314 -0.000571956774 0 0.0239535609 0.0422504767 1
753 536 0 0.0240169345 -0.000544955929 0 0.0240231163 0.0398179433 1
757 536 0 0.0240837623 -0.000518275853 0 0.0240893383 0.037476023 1
761 536 0 0.024147261 -0.000492004587 0 0.0241522728 0.0352252373 1
765 536 0 0.0242074868 -0.000466221891 0 0.024211976 0.0330657541 1
769 536 0 0.0242645059 -0.000440999266 0 0.0242685131 0.0309974062 1
773 536 0 0.0243183928 -0.000416400049 0 0.0243219575 0.0290197098 1
777 536 0 0.0243692293 -0.000392479569 0 0.0243723896 0.0271318846 1
781 536 0 0.0244171038 -0.000369285351 0 0.0244198962 0.0253328743 1
785 536 0 0.0244621103 -0.000346857376 0 0.0244645693 0.0236213676 1
789 536 0 0.0245043471 -0.000325228379 0 0.0245065053 0.0219958199 1
793 536 0 0.0245439166 -0.000304424185 0 0.0245458044 0.0204544745 1
797 536 0 0.0245809235 -0.000284464075 0 0.0245825694 0.0189953849 1
801 536 0 0.0246154749 -0.000265361176 0 0.0246169052 0.0176164355 1
805 536 0 0.0246476791 -0.000247122875 0 0.0246489179 0.0163153633 1
809 536 0 0.024677645 -0.000229751234 0 0.0246787144 0.0150897784 1
813 536 0 0.0247054813 -0.000213243431 0 0.0247064016 0.0139371843 1
817 536 0 0.0247312963 -0.000197592185 0 0.0247320857 0.0128549971 1
821 536 0 0.0247551971 -0.000182786197 0 0.0247558719 0.0118405645 1
825 536 0 0.0247772888 -0.000168810579 0 0.0247778639 0.0108911833 1
829 536 0 0.0247976749 -0.000155647266 0 0.0247981634 0.0100041168 1
833 536 0 0.0248164562 -0.000143275437 0 0.0248168697 0.00917661006 1
837 536 0 0.0248337306 -0.000131671898 0 0.0248340797 0.00840590521 1
841 536 0 0.0248495934 -0.000120811463 0 0.024849887 0.00768925495 1
845 536 0 0.0248641361 -0.000110667314 0 0.0248643824 0.00702393528 1
849 536 0 0.0248774471 -0.000101211333 0 0.024877653 0.006407257 1
853 536 0 0.0248896112 -9.24144227e-05 0 0.0248897827 0.00583657614 1
857 536 0 0.0249007091 -8.42467945e-05 0 0.0249008517 0.0053093032 1
861 536 0 0.0249108183 -7.66782404e-05 0 0.0249109363 0.00482291138 1
253 540 0 0.0248982617 9.02079869e-05 0 0.0248984251 0.005415586 1
257 540 0 0.0248867291 9.91119997e-05 0 0.0248869265 0.00595851903 1
261 540 0 0.0248740686 0.000108720792 0 0.0248743062 0.00654668244 1
265 540 0 0.0248601919 0.000119069903 0 0.024860477 0.00718282521 1
269 540 0 0.0248450067 0.000130194375 0 0.0248453478 0.00786975916 1
273 540 0 0.0248284164 0.000142128443 0 0.0248288232 0.00861034949 1
277 540 0 0.0248103202 0.000154905183 0 0.0248108038 0.00940750415 1
281 540 0 0.0247906135 0.000168556147 0 0.0247911865 0.010264162 1
285 540 0 0.0247691879 0.000183110965 0 0.0247698647 0.0111832799 1
289 540 0 0.0247459314 0.000198596921 0 0.0247467283 0.0121678183 1
293 540 0 0.0247207292 0.000215038515 0 0.0247216645 0.0132207261 1
297 540 0 0.0246934633 0.000232456993 0 0.0246945574 0.0143449239 1
301 540 0 0.0246640136 0.000250869875 0 0.0246652894 0.0155432865 1
305 540 0 0.0246322579 0.000270290453 0 0.0246337408 0.0168186243 1
309 540 0 0.0245980729 0.00029072729 0 0.0245997909 0.0181736636 1
313 540 0 0.0245613344 0.00031218371 0 0.0245633183 0.0196110265 1
317 540 0 0.0245219182 0.000334657282 0 0.0245242016 0.021133209 1
321 540 0 0.0244797007 0.00035813932 0 0.0244823204 0.0227425598 1
325 540 0 0.02443456 0.00038261438 0 0.0244375555 0.0244412579 1
329 540 0 0.0243863763 0.000408059777 0 0.0243897901 0.0262312892 1
333 540 0 0.024335033 0.00043444513 0 0.0243389107 0.0281144245 1
337 540 0 0.0242804178 0.000461731929 0 0.0242848077 0.0300921958 1
341 540 0 0.0242224236 0.000489873137 0 0.0242273767 0.0321658737 1
345 540 0 0.0241609496 0.000518812844 0 0.0241665192 0.0343364449 1
349 540 0 0.0240959023 0.00054848596 0 0.0241021439 0.0366045901 1
353 540 0 0.0240271967 0.000578817969 0 0.0240341676 0.0389706627 1
357 540 0 0.0239547576 0.000609724756 0 0.023962516 0.0414346684 1
361 540 0 0.0238785204 0.000641112487 0 0.0238871255 0.0439962458 1
365 540 0 0.0237984329 0.000672877585 0 0.0238079435 0.0466546482 1
369 540 0 0.0237144557 0.000704906778 0 0.02372493 0.0494087278 1
373 540 0 0.0236265641 0.000737077242 0 0.0236380586 0.0522569198 1
377 540 0 0.0235347489 0.000769256833 0 0.0235473175 0.0551972304 1
381 540 0 0.0234390174 0.000801304424 0 0.0234527104 0.0582272254 1
385 540 0 0.0233393947 0.000833070339 0 0.0233542576 0.0613440216 1
389 540 0 0.0232359247 0.000864396889 0 0.0232519973 0.0645442805 1
393 540 0 0.023128671 0.000895119023 0 0.0231459859 0.0678242046 1
397 540 0 0.0230177177 0.000925065073 0 0.023036299 0.0711795358 1
401 540 0 0.0229031701 0.000954057606 0 0.0229230327 0.0746055575 1
405 540 0 0.0227851555 0.000981914387 0 0.0228063032 0.0780970981 1
409 540 0 0.0226638237 0.00100844943 0 0.0226862486 0.0816485389 1
413 540 0 0.0225393473 0.00103347413 0 0.0225630283 0.0852538235 1
417 540 0 0.022411922 0.00105679853 0 0.022436824 0.088906471 1
421 540 0 0.0222817666 0.00107823259 0 0.0223078396 0.0925995913 1
425 540 0 0.0221491231 0.00109758761 0 0.0221763016 0.0963259042 1
429 540 0 0.0220142563 0.00111467764 0 0.0220424587 0.10007776 1
433 540 0 0.0218774535 0.00112932099 0 0.0219065821 0.103847165 1
437 540 0 0.0217390237 0.00114134171 0 0.0217689644 0.107625806 1
441 540 0 0.0215992969 0.0011505712 0 0.0216299201 0.11140508 1
445 540 0 0.0214586234 0.00115684969 0 0.0214897841 0.115176126 1
449 540 0 0.021317372 0.00116002783 0 0.0213489113 0.118929858 1
453 540 0 0.0211759291 0.00115996816 0 0.0212076755 0.122657002 1
457 540 0 0.0210346973 0.00115654662 0 0.0210664684 0.126348128 1
461 540 0 0.0208940931 0.00114965392 0 0.0209256979 0.129993696 1
465 540 0 0.0207545456 0.00113919693 0 0.0207857868 0.133584087 1
469 540 0 0.020616494 0.00112509987 0 0.0206471711 0.137109654 1
473 540 0 0.0204803858 0.00110730548 0 0.0205102981 0.140560755 1
477 540 0 0.0203466742 0.00108577602 0 0.0203756242 0.143927798 1
481 540 0 0.0202158158 0.00106049417 0 0.0202436127 0.147201286 1
485 540 0 0.020088268 0.00103146373 0 0.0201147316 0.150371857 1
489 540 0 0.0199644864 0.000998710194 0 0.0199894507 0.153430327 1
493 540 0 0.0198449223 0.000962281171 0 0.0198682391 0.156367731 1
497 540 0 0.0197300196 0.000922246562 0 0.0197515623 0.159175365 1
501 540 0 0.0196202126 0.000878698609 0 0.0196398792 0.161844827 1
505 540 0 0.0195159227 0.000831751724 0 0.0195336389 0.164368054 1
509 540 0 0.0194175562 0.00078154213 0 0.0194332781 0.166737361 1
513 540 0 0.0193255015 0.000728227308 0 0.0193392172 0.168945478 1
517 540 0 0.0192401264 0.000671985249 0 0.0192518578 0.17098558 1
521 540 0 0.019161776 0.000613013516 0 0.0191715791 0.172851324 1
525 540 0 0.0190907701 0.000551528127 0 0.0190987352 0.174536876 1
529 540 0 0.0190274009 0.000487762259 0 0.0190336517 0.176036938 1
533 540 0 0.0189719316 0.000421964791 0 0.0189766235 0.177346778 1
537 540 0 0.0189245938 0.000354398697 0 0.0189279119 0.178462245 1
541 540 0 0.0188855865 0.000285339298 0 0.0188877419 0.179379795 1
545 540 0 0.0188550744 0.000215072396 0 0.018856301 0.180096503 1
549 540 0 0.0188331869 0.000143892306 0 0.0188337366 0.180610082 1
553 540 0 0.018820017 7.20998019e-05 0 0.0188201551 0.180918888 1
557 540 0 0.0188156208 -0 0 0.0188156208 0.181021934 1
561 540 0 0.018820017 -7.20998019e-05 0 0.0188201551 0.180918888 1
565 540 0 0.0188331869 -0.000143892306 0 0.0188337366 0.180610082 1
569 540 0 0.0188550744 -0.000215072396 0 0.018856301 0.180096503 1
573 540 0 0.0188855865 -0.000285339298 0 0.0188877419 0.179379795 1
577 540 0 0.0189245938 -0.000354398697 0 0.0189279119 0.178462245 1
581 540 0 0.0189719316 -0.000421964791 0 0.0189766235 0.177346778 1
585 540 0 0.0190274009 -0.000487762259 0 0.0190336517 0.176036938 1
589 540 0 0.0190907701 -0.000551528127 0 0.0190987352 0.174536876 1
593 540 0 0.019161776 -0.000613013516 0 0.0191715791 0.172851324 1
597 540 0 0.0192401264 -0.000671985249 0 0.0192518578 0.17098558 1
601 540 0 0.0193255015 -0.000728227308 0 0.0193392172 0.168945478 1
605 540 0 0.0194175562 -0.00078154213 0 0.0194332781 0.166737361 1
609 540 0 0.0195159227 -0.000831751724 0 0.0195336389 0.164368054 1
613 540 0 0.0196202126 -0.000878698609 0 0.0196398792 0.161844827 1
617 540 0 0.0197300196 -0.000922246562 0 0.0197515623 0.159175365 1
621 540 0 0.0198449223 -0.000962281171 0 0.0198682391 0.156367731 1
625 540 0 0.0199644864 -0.000998710194 0 0.0199894507 0.153430327 1
629 540 0 0.020088268 -0.00103146373 0 0.0201147316 0.150371857 1
633 540 0 0.0202158158 -0.00106049417 0 0.0202436127 0.147201286 1
637 540 0 0.0203466742 -0.00108577602 0 0.0203756242 0.143927798 1
641 540 0 0.0204803858 -0.00110730548 0 0.0205102981 0.140560755 1
645 540 0 0.020616494 -0.00112509987 0 0.0206471711 0.137109654 1
649 540 0 0.0207545456 -0.00113919693 0 0.0207857868 0.133584087 1
653 540 0 0.0208940931 -0.00114965392 0 0.0209256979 0.129993696 1
657 540 0 0.0210346973 -0.00115654662 0 0.0210664684 0.126348128 1
661 540 0 0.0211759291 -0.00115996816 0 0.0212076755 0.122657002 1
665 540 0 0.021317372 -0.00116002783 0 0.0213489113 0.118929858 1
669 540 0 0.0214586234 -0.00115684969 0 0.0214897841 0.115176126 1
673 540 0 0.0215992969 -0.0011505712 0 0.0216299201 0.11140508 1
677 540 0 0.0217390237 -0.00114134171 0 0.0217689644 0.107625806 1
681 540 0 0.0218774535 -0.00112932099 0 0.0219065821 0.103847165 1
685 540 0 0.0220142563 -0.00111467764 0 0.0220424587 0.10007776 1
689 540 0 0.0221491231 -0.00109758761 0 0.0221763016 0.0963259042 1
693 540 0 0.0222817666 -0.00107823259 0 0.0223078396 0.0925995913 1
697 540 0 0.022411922 -0.00105679853 0 0.022436824 0.088906471 1
701 540 0 0.0225393473 -0.00103347413 0 0.0225630283 0.0852538235 1
705 540 0 0.0226638237 -0.00100844943 0 0.0226862486 0.0816485389 1
709 540 0 0.0227851555 -0.000981914387 0 0.0228063032 0.0780970981 1
713 540 0 0.0229031701 -0.000954057606 0 0.0229230327 0.0746055575 1
717 540 0 0.0230177177 -0.000925065073 0 0.023036299 0.0711795358 1
721 540 0 0.023128671 -0.000895119023 0 0.0231459859 0.0678242046 1
725 540 0 0.0232359247 -0.000864396889 0 0.0232519973 0.0645442805 1
729 540 0 0.0233393947 -0.000833070339 0 0.0233542576 0.0613440216 1
733 540 0 0.0234390174 -0.000801304424 0 0.0234527104 0.0582272254 1
737 540 0 0.0235347489 -0.000769256833 0 0.0235473175 0.0551972304 1
741 540 0 0.0236265641 -0.000737077242 0 0.0236380586 0.0522569198 1
745 540 0 0.0237144557 -0.000704906778 0 0.02372493 0.0494087278 1
749 540 0 0.0237984329 -0.000672877585 0 0.0238079435 0.0466546482 1
753 540 0 0.0238785204 -0.000641112487 0 0.0238871255 0.0439962458 1
757 540 0 0.0239547576 -0.000609724756 0 0.023962516 0.0414346684 1
761 540 0 0.0240271967 -0.000578817969 0 0.0240341676 0.0389706627 1
765 540 0 0.0240959023 -0.00054848596 0 0.0241021439 0.0366045901 1
769 540 0 0.0241609496 -0.000518812844 0 0.0241665192 0.0343364449 1
773 540 0 0.0242224236 -0.000489873137 0 0.0242273767 0.0321658737 1
777 540 0 0.0242804178 -0.000461731929 0 0.0242848077 0.0300921958 1
781 540 0 0.024335033 -0.00043444513 0 0.0243389107 0.0281144245 1
785 540 0 0.0243863763 -0.000408059777 0 0.0243897901 0.0262312892 1
789 540 0 0.02443456 -0.00038261438 0 0.0244375555 0.0244412579 1
793 540 0 0.0244797007 -0.00035813932 0 0.0244823204 0.0227425598 1
797 540 0 0.0245219182 -0.000334657282 0 0.0245242016 0.021133209 1
801 540 0 0.0245613344 -0.00031218371 0 0.0245633183 0.0196110265 1
805 540 0 0.0245980729 -0.00029072729 0 0.0245997909 0.0181736636 1
809 540 0 0.0246322579 -0.000270290453 0 0.0246337408 0.0168186243 1
813 540 0 0.0246640136 -0.000250869875 0 0.0246652894 0.0155432865 1
817 540 0 0.0246934633 -0.000232456993 0 0.0246945574 0.0143449239 1
821 540 0 0.0247207292 -0.000215038515 0 0.0247216645 0.0132207261 1
825 540 0 0.0247459314 -0.000198596921 0 0.0247467283 0.0121678183 1
829 540 0 0.0247691879 -0.000183110965 0 0.0247698647 0.0111832799 1
833 540 0 0.0247906135 -0.000168556147 0 0.0247911865 0.010264162 1
837 540 0 0.0248103202 -0.000154905183 0 0.0248108038 0.00940750415 1
841 540 0 0.0248284164 -0.000142128443 0 0.0248288232 0.00861034949 1
845 540 0 0.0248450067 -0.000130194375 0 0.0248453478 0.00786975916 1
849 540 0 0.0248601919 -0.000119069903 0 0.024860477 0.00718282521 1
853 540 0 0.0248740686 -0.000108720792 0 0.0248743062 0.00654668244 1
857 540 0 0.0248867291 -9.91119997e-05 0 0.0248869265 0.00595851903 1
861 540 0 0.0248982617 -9.02079869e-05 0 0.0248984251 0.005415586 1
253 544 0 0.0248846287 0.000105595734 0 0.0248848528 0.0060463005 1
257 544 0 0.0248715508 0.0001160186 0 0.0248718214 0.00664862541 1
261 544 0 0.0248571938 0.000127266467 0 0.0248575196 0.00730064656 1
265 544 0 0.0248414576 0.000139380937 0 0.0248418486 0.00800532812 1
269 544 0 0.0248242376 0.00015240303 0 0.0248247054 0.00876569539 1
273 544 0 0.0248054241 0.00016637282 0 0.0248059821 0.00958482398 1
277 544 0 0.0247849031 0.000181329026 0 0.0247855664 0.0104658277 1
281 544 0 0.0247625557 0.000197308583 0 0.0247633417 0.0114118454 1
285 544 0 0.024738259 0.000214346172 0 0.0247391876 0.0124260257 1
289 544 0 0.0247118862 0.000232473735 0 0.0247129797 0.0135115121 1
293 544 0 0.0246833069 0.000251719947 0 0.0246845904 0.0146714249 1
297 544 0 0.0246523874 0.000272109683 0 0.0246538891 0.0159088436 1
301 544 0 0.0246189913 0.000293663449 0 0.0246207427 0.0172267872 1
305 544 0 0.0245829804 0.000316396804 0 0.0245850164 0.0186281936 1
309 544 0 0.0245442146 0.000340319772 0 0.0245465738 0.020115899 1
313 544 0 0.0245025531 0.000365436243 0 0.0245052781 0.0216926147 1
317 544 0 0.0244578552 0.000391743375 0 0.0244609922 0.023360905 1
321 544 0 0.0244099806 0.000419230997 0 0.0244135804 0.0251231633 1
325 544 0 0.024358791 0.000447881031 0 0.0243629082 0.0269815885 1
329 544 0 0.0243041506 0.000477666923 0 0.0243088441 0.0289381606 1
333 544 0 0.0242459273 0.00050855311 0 0.0242512601 0.0309946165 1
337 544 0 0.0241839937 0.000540494511 0 0.0241900328 0.0331524261 1
341 544 0 0.0241182283 0.000573436068 0 0.0241250443 0.0354127682 1
345 544 0 0.0240485167 0.000607312333 0 0.0240561839 0.0377765072 1
349 544 0 0.0239747531 0.00064204711 0 0.0239833486 0.0402441709 1
353 544 0 0.0238968409 0.000677553177 0 0.0239064444 0.042815928 1
357 544 0 0.023814695 0.000713732067 0 0.0238253879 0.0454915684 1
361 544 0 0.023728242 0.000750473941 0 0.023740107 0.0482704833 1
365 544 0 0.0236374228 0.000787657553 0 0.0236505425 0.0511516478 1
369 544 0 0.0235421926 0.000825150311 0 0.0235566489 0.0541336051 1
373 544 0 0.0234425236 0.000862808437 0 0.0234583962 0.0572144523 1
377 544 0 0.0233384051 0.000900477247 0 0.0233557704 0.0603918287 1
381 544 0 0.0232298455 0.00093799154 0 0.0232487752 0.0636629062 1
385 544 0 0.0231168734 0.000975176108 0 0.0231374329 0.0670243822 1
389 544 0 0.0229995384 0.00101184637 0 0.0230217854 0.0704724751 1
393 544 0 0.0228779127 0.0010478091 0 0.022901895 0.0740029226 1
397 544 0 0.0227520917 0.00108286337 0 0.022777846 0.0776109827 1
401 544 0 0.0226221947 0.00111680148 0 0.0226497447 0.0812914374 1
405 544 0 0.0224883661 0.00114941009 0 0.0225177209 0.0850386 1
409 544 0 0.0223507758 0.00118047149 0 0.0223819278 0.0888463246 1
413 544 0 0.0222096196 0.00120976493 0 0.0222425433 0.092708019 1
417 544 0 0.0220651192 0.00123706802 0 0.0220997698 0.0966166603 1
421 544 0 0.021917523 0.00126215832 0 0.0219538347 0.100564814 1
425 544 0 0.0217671053 0.00128481494 0 0.0218049907 0.104544654 1
429 544 0 0.0216141663 0.0013048202 0 0.0216535157 0.108547991 1
433 544 0 0.0214590319 0.00132196142 0 0.0214997124 0.112566292 1
437 544 0 0.0213020525 0.00133603265 0 0.0213439084 0.116590718 1
441 544 0 0.0211436024 0.00134683651 0 0.0211864553 0.120612149 1
445 544 0 0.0209840785 0.00135418599 0 0.0210277286 0.124621221 1
449 544 0 0.0208238994 0.00135790625 0 0.0208681263 0.128608361 1
453 544 0 0.0206635032 0.00135783641 0 0.0207080681 0.132563825 1
457 544 0 0.0205033463 0.00135383121 0 0.0205479943 0.136477737 1
461 544 0 0.0203439012 0.00134576276 0 0.0203883641 0.140340126 1
465 544 0 0.0201856542 0.00133352201 0 0.0202296544 0.144140971 1
469 544 0 0.0200291037 0.00131702026 0 0.0200723576 0.147870243 1
473 544 0 0.019874757 0.00129619048 0 0.0199169796 0.151517944 1
477 544 0 0.019723128 0.00127098852 0 0.0197640378 0.155074154 1
481 544 0 0.0195747346 0.00124139407 0 0.0196140585 0.158529069 1
485 544 0 0.0194300953 0.00120741159 0 0.0194675743 0.161873048 1
489 544 0 0.019289727 0.00116907094 0 0.0193251209 0.165096653 1
493 544 0 0.0191541413 0.00112642782 0 0.0191872345 0.16819069 1
497 544 0 0.0190238417 0.00107956408 0 0.0190544486 0.171146249 1
501 544 0 0.0188993205 0.00102858768 0 0.01892729 0.173954746 1
505 544 0 0.0187810557 0.000973632563 0 0.018806276 0.176607957 1
509 544 0 0.0186695081 0.000914858179 0 0.01869191 0.179098055 1
513 544 0 0.0185651181 0.000852448874 0 0.0185846786 0.18141765 1
517 544 0 0.0184683028 0.000786613002 0 0.0184850471 0.183559812 1
521 544 0 0.0183794534 0.000717581826 0 0.0183934562 0.18551811 1
525 544 0 0.0182989326 0.000645608213 0 0.018310318 0.187286635 1
529 544 0 0.018227072 0.000570965114 0 0.0182360126 0.188860031 1
533 544 0 0.0181641697 0.000493943865 0 0.0181708845 0.190233512 1
537 544 0 0.0181104887 0.000414852295 0 0.0181152395 0.191402889 1
541 544 0 0.0180662544 0.000334012692 0 0.0180693418 0.192364586 1
545 544 0 0.0180316537 0.000251759608 0 0.0180334112 0.193115654 1
549 544 0 0.0180068333 0.000168437564 0 0.018007621 0.193653787 1
553 544 0 0.0179918986 8.43986407e-05 0 0.0179920965 0.193977331 1
557 544 0 0.0179869133 -0 0 0.0179869133 0.19408529 1
561 544 0 0.0179918986 -8.43986407e-05 0 0.0179920965 0.193977331 1
565 544 0 0.0180068333 -0.000168437564 0 0.018007621 0.193653787 1
569 544 0 0.0180316537 -0.000251759608 0 0.0180334112 0.193115654 1
573 544 0 0.0180662544 -0.000334012692 0 0.0180693418 0.192364586 1
577 544 0 0.0181104887 -0.000414852295 0 0.0181152395 0.191402889 1
581 544 0 0.0181641697 -0.000493943865 0 0.0181708845 0.190233512 1
585 544 0 0.018227072 -0.000570965114 0 0.0182360126 0.188860031 1
589 544 0 0.0182989326 -0.000645608213 0 0.018310318 0.187286635 1
593 544 0 0.0183794534 -0.000717581826 0 0.0183934562 0.18551811 1
597 544 0 0.0184683028 -0.000786613002 0 0.0184850471 0.183559812 1
601 544 0 0.0185651181 -0.000852448874 0 0.0185846786 0.18141765 1
605 544 0 0.0186695081 -0.000914858179 0 0.01869191 0.179098055 1
609 544 0 0.0187810557 -0.000973632563 0 0.018806276 0.176607957 1
613 544 0 0.0188993205 -0.00102858768 0 0.01892729 0.173954746 1
617 544 0 0.0190238417 -0.00107956408 0 0.0190544486 0.171146249 1
621 544 0 0.0191541413 -0.00112642782 0 0.0191872345 0.16819069 1
625 544 0 0.019289727 -0.00116907094 0 0.0193251209 0.165096653 1
629 544 0 0.0194300953 -0.00120741159 0 0.0194675743 0.161873048 1
633 544 0 0.0195747346 -0.00124139407 0 0.0196140585 0.158529069 1
637 544 0 0.019723128 -0.00127098852 0 0.0197640378 0.155074154 1
641 544 0 0.019874757 -0.00129619048 0 0.0199169796 0.151517944 1
645 544 0 0.0200291037 -0.00131702026 0 0.0200723576 0.147870243 1
649 544 0 0.0201856542 -0.00133352201 0 0.0202296544 0.144140971 1
653 544 0 0.0203439012 -0.00134576276 0 0.0203883641 0.140340126 1
657 544 0 0.0205033463 -0.00135383121 0 0.0205479943 0.136477737 1
661 544 0 0.0206635032 -0.00135783641 0 0.0207080681 0.132563825 1
665 544 0 0.0208238994 -0.00135790625 0 0.0208681263 0.128608361 1
669 544 0 0.0209840785 -0.00135418599 0 0.0210277286 0.124621221 1
673 544 0 0.0211436024 -0.00134683651 0 0.0211864553 0.120612149 1
677 544 0 0.0213020525 -0.00133603265 0 0.0213439084 0.116590718 1
681 544 0 0.0214590319 -0.00132196142 0 0.0214997124 0.112566292 1
685 544 0 0.0216141663 -0.0013048202 0 0.0216535157 0.108547991 1
689 544 0 0.0217671053 -0.00128481494 0 0.0218049907 0.104544654 1
693 544 0 0.021917523 -0.00126215832 0 0.0219538347 0.100564814 1
697 544 0 0.0220651192 -0.00123706802 0 0.0220997698 0.0966166603 1
701 544 0 0.0222096196 -0.00120976493 0 0.0222425433 0.092708019 1
705 544 0 0.0223507758 -0.00118047149 0 0.0223819278 0.0888463246 1
709 544 0 0.0224883661 -0.00114941009 0 0.0225177209 0.0850386 1
713 544 0 0.0226221947 -0.00111680148 0 0.0226497447 0.0812914374 1
717 544 0 0.0227520917 -0.00108286337 0 0.022777846 0.0776109827 1
721 544 0 0.0228779127 -0.0010478091 0 0.022901895 0.0740029226 1
725 544 0 0.0229995384 -0.00101184637 0 0.0230217854 0.0704724751 1
729 544 0 0.0231168734 -0.000975176108 0 0.0231374329 0.0670243822 1
733 544 0 0.0232298455 -0.00093799154 0 0.0232487752 0.0636629062 1
737 544 0 0.0233384051 -0.000900477247 0 0.0233557704 0.0603918287 1
741 544 0 0.0234425236 -0.000862808437 0 0.0234583962 0.0572144523 1
745 544 0 0.0235421926 -0.000825150311 0 0.0235566489 0.0541336051 1
749 544 0 0.0236374228 -0.000787657553 0 0.0236505425 0.0511516478 1
753 544 0 0.023728242 -0.000750473941 0 0.023740107 0.0482704833 1
757 544 0 0.023814695 -0.000713732067 0 0.0238253879 0.0454915684 1
761 544 0 0.0238968409 -0.000677553177 0 0.0239064444 0.042815928 1
765 544 0 0.0239747531 -0.00064204711 0 0.0239833486 0.0402441709 1
769 544 0 0.0240485167 -0.000607312333 0 0.0240561839 0.0377765072 1
773 544 0 0.0241182283 -0.000573436068 0 0.0241250443 0.0354127682 1
777 544 0 0.0241839937 -0.000540494511 0 0.0241900328 0.0331524261 1
781 544 0 0.0242459273 -0.00050855311 0 0.0242512601 0.0309946165 1
785 544 0 0.0243041506 -0.000477666923 0 0.0243088441 0.0289381606 1
789 544 0 0.024358791 -0.000447881031 0 0.0243629082 0.0269815885 1
793 544 0 0.0244099806 -0.000419230997 0 0.0244135804 0.0251231633 1
797 544 0 0.0244578552 -0.000391743375 0 0.0244609922 0.023360905 1
801 544 0 0.0245025531 -0.000365436243 0 0.0245052781 0.0216926147 1
805 544 0 0.0245442146 -0.000340319772 0 0.0245465738 0.020115899 1
809 544 0 0.0245829804 -0.000316396804 0 0.0245850164 0.0186281936 1
813 544 0 0.0246189913 -0.000293663449 0 0.0246207427 0.0172267872 1
817 544 0 0.0246523874 -0.000272109683 0 0.0246538891 0.0159088436 1
821 544 0 0.0246833069 -0.000251719947 0 0.0246845904 0.0146714249 1
825 544 0 0.0247118862 -0.000232473735 0 0.0247129797 0.0135115121 1
829 544 0 0.024738259 -0.000214346172 0 0.0247391876 0.0124260257 1
833 544 0 0.0247625557 -0.000197308583 0 0.0247633417 0.0114118454 1
837 544 0 0.0247849031 -0.000181329026 0 0.0247855664 0.0104658277 1
841 544 0 0.0248054241 -0.00016637282 0 0.0248059821 0.00958482398 1
845 544 0 0.0248242376 -0.00015240303 0 0.0248247054 0.00876569539 1
849 544 0 0.0248414576 -0.000139380937 0 0.0248418486 0.00800532812 1
853 544 0 0.0248571938 -0.000127266467 0 0.0248575196 0.00730064656 1
857 544 0 0.0248715508 -0.0001160186 0 0.0248718214 0.00664862541 1
861 544 0 0.0248846287 -0.000105595734 0 0.0248848528 0.0060463005 1
253 548 0 0.0248699569 0.000122991835 0 0.0248702611 0.00671185683 1
257 548 0 0.0248552159 0.00013513179 0 0.0248555833 0.00737594351 1
261 548 0 0.0248390331 0.000148232658 0 0.0248394754 0.00809424877 1
265 548 0 0.0248212957 0.000162342896 0 0.0248218266 0.00886993892 1
269 548 0 0.0248018858 0.000177510281 0 0.0248025211 0.00970623749 1
273 548 0 0.0247806799 0.000193781488 0 0.0247814376 0.0106064129 1
277 548 0 0.0247575492 0.000211201616 0 0.02475845 0.0115737648 1
281 548 0 0.0247323598 0.000229813684 0 0.0247334275 0.0126116088 1
285 548 0 0.0247049734 0.000249658088 0 0.0247062348 0.0137232605 1
289 548 0 0.0246752468 0.00027077203 0 0.0246767324 0.0149120174 1
293 548 0 0.024643033 0.000293188911 0 0.024644777 0.0161811404 1
297 548 0 0.0246081814 0.000316937703 0 0.0246102223 0.0175338335 1
301 548 0 0.0245705384 0.000342042288 0 0.0245729191 0.0189732223 1
305 548 0 0.024529948 0.000368520792 0 0.024532716 0.0205023325 1
309 548 0 0.0244862523 0.000396384889 0 0.0244894604 0.0221240663 1
313 548 0 0.0244392927 0.00042563911 0 0.024442999 0.0238411785 1
317 548 0 0.0243889105 0.000456280143 0 0.0243931783 0.0256562522 1
321 548 0 0.0243349477 0.000488296144 0 0.0243398462 0.0275716739 1
325 548 0 0.0242772484 0.000521666054 0 0.0242828525 0.0295896081 1
329 548 0 0.0242156594 0.000556358948 0 0.0242220498 0.031711972 1
333 548 0 0.0241500318 0.000592333401 0 0.0241572948 0.0339404101 1
337 548 0 0.0240802221 0.000629536907 0 0.0240884497 0.0362762694 1
341 548 0 0.0240060932 0.000667905338 0 0.0240153828 0.0387205751 1
345 548 0 0.0239275165 0.000707362462 0 0.02393797 0.0412740065 1
349 548 0 0.0238443723 0.000747819532 0 0.0238560962 0.0439368743 1
353 548 0 0.0237565521 0.000789174956 0 0.0237696564 0.0467090993 1
357 548 0 0.0236639596 0.000831314045 0 0.0236785571 0.049590192 1
361 548 0 0.0235665124 0.000874108865 0 0.0235827177 0.0525792339 1
365 548 0 0.0234641436 0.000917418198 0 0.0234820717 0.0556748612 1
369 548 0 0.0233568031 0.000961087605 0 0.0233765682 0.0588752497 1
373 548 0 0.0232444591 0.00100494962 0 0.0232661729 0.0621781023 1
377 548 0 0.0231270998 0.00104882409 0 0.0231508699 0.0655806394 1
381 548 0 0.0230047347 0.00109251858 0 0.0230306625 0.0690795909 1
385 548 0 0.0228773959 0.00113582902 0 0.0229055747 0.0726711919 1
389 548 0 0.0227451395 0.00117854043 0 0.0227756521 0.0763511804 1
393 548 0 0.0226080466 0.00122042776 0 0.0226409633 0.0801147982 1
397 548 0 0.0224662249 0.00126125695 0 0.0225016006 0.0839567952 1
401 548 0 0.0223198089 0.0013007861 0 0.0223576813 0.0878714365 1
405 548 0 0.0221689613 0.00133876674 0 0.0222093481 0.0918525117 1
409 548 0 0.0220138737 0.00137494527 0 0.0220567701 0.0958933492 1
413 548 0 0.0218547666 0.00140906458 0 0.0219001435 0.0999868313 1
417 548 0 0.0216918901 0.00144086565 0 0.0217396916 0.104125414 1
421 548 0 0.021525524 0.00147008939 0 0.0215756656 0.108301149 1
425 548 0 0.0213559776 0.00149647851 0 0.0214083448 0.112505708 1
429 548 0 0.0211835894 0.00151977949 0 0.0212380364 0.116730411 1
433 548 0 0.0210087266 0.00153974459 0 0.0210650755 0.120966254 1
437 548 0 0.0208317841 0.00155613395 0 0.0208898248 0.125203944 1
441 548 0 0.0206531838 0.00156871767 0 0.0207126743 0.129433933 1
445 548 0 0.0204733733 0.00157727792 0 0.0205340405 0.133646451 1
449 548 0 0.0202928242 0.00158161107 0 0.0203543658 0.137831547 1
453 548 0 0.0201120304 0.00158152972 0 0.0201741172 0.141979127 1
457 548 0 0.0199315063 0.0015768647 0 0.0199937852 0.146078994 1
461 548 0 0.0197517845 0.00156746703 0 0.0198138826 0.150120889 1
465 548 0 0.0195734133 0.0015532097 0 0.0196349425 0.154094535 1
469 548 0 0.0193969542 0.00153398942 0 0.0194575167 0.157989676 1
473 548 0 0.0192229792 0.0015097281 0 0.0192821733 0.161796122 1
477 548 0 0.0190520676 0.00148037429 0 0.0191094947 0.16550379 1
481 548 0 0.0188848029 0.00144590438 0 0.0189400744 0.169102745 1
485 548 0 0.0187217699 0.00140632355 0 0.018774515 0.172583245 1
489 548 0 0.0185635509 0.00136166656 0 0.0186134242 0.175935774 1
493 548 0 0.0184107227 0.00131199832 0 0.0184574118 0.179151092 1
497 548 0 0.0182638529 0.00125741412 0 0.0183070864 0.182220263 1
501 548 0 0.0181234963 0.00119803975 0 0.0181630509 0.185134699 1
505 548 0 0.0179901918 0.00113403119 0 0.0180258988 0.18788619 1
509 548 0 0.0178644587 0.00106557417 0 0.01789621 0.190466943 1
513 548 0 0.0177467933 0.000992883401 0 0.0177745462 0.192869606 1
517 548 0 0.017637666 0.000916201565 0 0.0176614463 0.195087308 1
521 548 0 0.0175375177 0.000835798023 0 0.0175574225 0.197113677 1
525 548 0 0.017446757 0.000751967299 0 0.0174629547 0.198942871 1
529 548 0 0.0173657579 0.000665027313 0 0.0173784869 0.200569599 1
533 548 0 0.0172948563 0.000575317393 0 0.0173044227 0.201989142 1
537 548 0 0.0172343487 0.000483196084 0 0.017241121 0.203197375 1
541 548 0 0.0171844891 0.000389038765 0 0.0171888923 0.204190778 1
545 548 0 0.0171454882 0.000293235106 0 0.0171479956 0.204966452 1
549 548 0 0.0171175114 0.000196186384 0 0.0171186356 0.205522131 1
553 548 0 0.0171006775 9.83026806e-05 0 0.01710096 0.20585619 1
557 548 0 0.0170950582 -0 0 0.0170950582 0.205967651 1
561 548 0 0.0171006775 -9.83026806e-05 0 0.01710096 0.20585619 1
565 548 0 0.0171175114 -0.000196186384 0 0.0171186356 0.205522131 1
569 548 0 0.0171454882 -0.000293235106 0 0.0171479956 0.204966452 1
573 548 0 0.0171844891 -0.000389038765 0 0.0171888923 0.204190778 1
577 548 0 0.0172343487 -0.000483196084 0 0.017241121 0.203197375 1
581 548 0 0.0172948563 -0.000575317393 0 0.0173044227 0.201989142 1
585 548 0 0.0173657579 -0.000665027313 0 0.0173784869 0.200569599 1
589 548 0 0.017446757 -0.000751967299 0 0.0174629547 0.198942871 1
593 548 0 0.0175375177 -0.000835798023 0 0.0175574225 0.197113677 1
597 548 0 0.017637666 -0.000916201565 0 0.0176614463 0.195087308 1
601 548 0 0.0177467933 -0.000992883401 0 0.0177745462 0.192869606 1
605 548 0 0.0178644587 -0.00106557417 0 0.01789621 0.190466943 1
609 548 0 0.0179901918 -0.00113403119 0 0.0180258988 0.18788619 1
613 548 0 0.0181234963 -0.00119803975 0 0.0181630509 0.185134699 1
617 548 0 0.0182638529 -0.00125741412 0 0.0183070864 0.182220263 1
621 548 0 0.0184107227 -0.00131199832 0 0.0184574118 0.179151092 1
625 548 0 0.0185635509 -0.00136166656 0 0.0186134242 0.175935774 1
629 548 0 0.0187217699 -0.00140632355 0 0.018774515 0.172583245 1
633 548 0 0.0188848029 -0.00144590438 0 0.0189400744 0.169102745 1
637 548 0 0.0190520676 -0.00148037429 0 0.0191094947 0.16550379 1
641 548 0 0.0192229792 -0.0015097281 0 0.0192821733 0.161796122 1
645 548 0 0.0193969542 -0.00153398942 0 0.0194575167 0.157989676 1
649 548 0 0.0195734133 -0.0015532097 0 0.0196349425 0.154094535 1
653 548 0 0.0197517845 -0.00156746703 0 0.0198138826 0.150120889 1
657 548 0 0.0199315063 -0.0015768647 0 0.0199937852 0.146078994 1
661 548 0 0.0201120304 -0.00158152972 0 0.0201741172 0.141979127 1
665 548 0 0.0202928242 -0.00158161107 0 0.0203543658 0.137831547 1
669 548 0 0.0204733733 -0.00157727792 0 0.0205340405 0.133646451 1
673 548 0 0.0206531838 -0.00156871767 0 0.0207126743 0.129433933 1
677 548 0 0.0208317841 -0.00155613395 0 0.0208898248 0.125203944 1
681 548 0 0.0210087266 -0.00153974459 0 0.0210650755 0.120966254 1
685 548 0 0.0211835894 -0.00151977949 0 0.0212380364 0.116730411 1
689 548 0 0.0213559776 -0.00149647851 0 0.0214083448 0.112505708 1
693 548 0 0.021525524 -0.00147008939 0 0.0215756656 0.108301149 1
697 548 0 0.0216918901 -0.00144086565 0 0.0217396916 0.104125414 1
701 548 0 0.0218547666 -0.00140906458 0 0.0219001435 0.0999868313 1
705 548 0 0.0220138737 -0.00137494527 0 0.0220567701 0.0958933492 1
709 548 0 0.0221689613 -0.00133876674 0 0.0222093481 0.0918525117 1
713 548 0 0.0223198089 -0.0013007861 0 0.0223576813 0.0878714365 1
717 548 0 0.0224662249 -0.00126125695 0 0.0225016006 0.0839567952 1
721 548 0 0.0226080466 -0.00122042776 0 0.0226409633 0.0801147982 1
725 548 0 0.0227451395 -0.00117854043 0 0.0227756521 0.0763511804 1
729 548 0 0.0228773959 -0.00113582902 0 0.0229055747 0.0726711919 1
733 548 0 0.0230047347 -0.00109251858 0 0.0230306625 0.0690795909 1
737 548 0 0.0231270998 -0.00104882409 0 0.0231508699 0.0655806394 1
741 548 0 0.0232444591 -0.00100494962 0 0.0232661729 0.0621781023 1
745 548 0 0.0233568031 -0.000961087605 0 0.0233765682 0.0588752497 1
749 548 0 0.0234641436 -0.000917418198 0 0.0234820717 0.0556748612 1
753 548 0 0.0235665124 -0.000874108865 0 0.0235827177 0.0525792339 1
757 548 0 0.0236639596 -0.000831314045 0 0.0236785571 0.049590192 1
761 548 0 0.0237565521 -0.000789174956 0 0.0237696564 0.0467090993 1
765 548 0 0.0238443723 -0.000747819532 0 0.0238560962 0.0439368743 1
769 548 0 0.0239275165 -0.000707362462 0 0.02393797 0.0412740065 1
773 548 0 0.0240060932 -0.000667905338 0 0.0240153828 0.0387205751 1
777 548 0 0.0240802221 -0.000629536907 0 0.0240884497 0.0362762694 1
781 548 0 0.0241500318 -0.000592333401 0 0.0241572948 0.0339404101 1
785 548 0 0.0242156594 -0.000556358948 0 0.0242220498 0.031711972 1
789 548 0 0.0242772484 -0.000521666054 0 0.0242828525 0.0295896081 1
793 548 0 0.0243349477 -0.000488296144 0 0.0243398462 0.0275716739 1
797 548 0 0.0243889105 -0.000456280143 0 0.0243931783 0.0256562522 1
801 548 0 0.0244392927 -0.00042563911 0 0.024442999 0.0238411785 1
805 548 0 0.0244862523 -0.000396384889 0 0.0244894604 0.0221240663 1
809 548 0 0.024529948 -0.000368520792 0 0.024532716 0.0205023325 1
813 548 0 0.0245705384 -0.000342042288 0 0.0245729191 0.0189732223 1
817 548 0 0.0246081814 -0.000316937703 0 0.0246102223 0.0175338335 1
821 548 0 0.024643033 -0.000293188911 0 0.024644777 0.0161811404 1
825 548 0 0.0246752468 -0.00027077203 0 0.0246767324 0.0149120174 1
829 548 0 0.0247049734 -0.000249658088 0 0.0247062348 0.0137232605 1
833 548 0 0.0247323598 -0.000229813684 0 0.0247334275 0.0126116088 1
837 548 0 0.0247575492 -0.000211201616 0 0.02475845 0.0115737648 1
841 548 0 0.0247806799 -0.000193781488 0 0.0247814376 0.0106064129 1
845 548 0 0.0248018858 -0.000177510281 0 0.0248025211 0.00970623749 1
849 548 0 0.0248212957 -0.000162342896 0 0.0248218266 0.00886993892 1
853 548 0 0.0248390331 -0.000148232658 0 0.0248394754 0.00809424877 1
857 548 0 0.0248552159 -0.00013513179 0 0.0248555833 0.00737594351 1
861 548 0 0.0248699569 -0.000122991835 0 0.0248702611 0.00671185683 1
253 552 0 0.0248543125 0.000142539331 0 0.0248547212 0.00740809584 1
257 552 0 0.0248377981 0.000156608729 0 0.0248382918 0.00813573024 1
261 552 0 0.0248196684 0.000171791762 0 0.0248202629 0.00892209239 1
265 552 0 0.0247997972 0.000188144585 0 0.0248005109 0.00977053108 1
269 552 0 0.0247780523 0.000205722573 0 0.0247789063 0.0106844457 1
273 552 0 0.0247542952 0.000224579816 0 0.0247553139 0.0116672723 1
277 552 0 0.0247283818 0.000244768583 0 0.0247295932 0.012722468 1
281 552 0 0.0247001621 0.000266338728 0 0.0247015981 0.0138534945 1
285 552 0 0.024669481 0.000289337068 0 0.0246711777 0.0150637994 1
289 552 0 0.0246361782 0.000313806718 0 0.0246381767 0.016356797 1
293 552 0 0.0246000891 0.000339786388 0 0.0246024356 0.0177358474 1
297 552 0 0.0245610448 0.000367309653 0 0.0245637912 0.0192042347 1
301 552 0 0.0245188733 0.000396404193 0 0.0245220774 0.0207651438 1
305 552 0 0.0244733997 0.000427091012 0 0.024477126 0.0224216365 1
309 552 0 0.0244244473 0.000459383642 0 0.0244287671 0.0241766269 1
313 552 0 0.0243718384 0.000493287332 0 0.02437683 0.0260328555 1
317 552 0 0.0243153951 0.000528798245 0 0.0243211445 0.0279928636 1
321 552 0 0.0242549405 0.000565902654 0 0.0242615413 0.0300589673 1
325 552 0 0.0241902998 0.000604576154 0 0.0241978536 0.0322332304 1
329 552 0 0.0241213015 0.000644782903 0 0.0241299178 0.0345174387 1
333 552 0 0.0240477788 0.000686474894 0 0.0240575749 0.0369130738 1
337 552 0 0.0239695708 0.000729591276 0 0.0239806719 0.0394212879 1
341 552 0 0.0238865241 0.000774057727 0 0.0238990627 0.0420428789 1
345 552 0 0.0237984944 0.000819785901 0 0.0238126098 0.0447782668 1
349 552 0 0.0237053478 0.000866672947 0 0.0237211854 0.0476274714 1
353 552 0 0.0236069626 0.000914601124 0 0.0236246731 0.0505900916 1
357 552 0 0.023503231 0.000963437516 0 0.0235229692 0.0536652857 1
361 552 0 0.0233940608 0.00101303386 0 0.0234159842 0.0568517547 1
365 552 0 0.0232793768 0.00106322649 0 0.0233036442 0.060147727 1
369 552 0 0.0231591229 0.00111383641 0 0.0231858924 0.0635509457 1
373 552 0 0.0230332637 0.00116466957 0 0.0230626905 0.0670586585 1
377 552 0 0.0229017859 0.00121551714 0 0.0229340201 0.0706676102 1
381 552 0 0.0227647 0.00126615614 0 0.0227998841 0.0743740381 1
385 552 0 0.022622042 0.00131635006 0 0.0226603081 0.0781736701 1
389 552 0 0.0224738749 0.00136584973 0 0.0225153414 0.0820617267 1
393 552 0 0.0223202895 0.00141439435 0 0.0223650583 0.0860329251 1
397 552 0 0.0221614062 0.00146171266 0 0.0222095594 0.0900814869 1
401 552 0 0.021997376 0.00150752431 0 0.0220489724 0.0942011491 1
405 552 0 0.0218283812 0.00155154133 0 0.0218834528 0.0983851785 1
409 552 0 0.0216546362 0.00159346984 0 0.0217131853 0.102626388 1
413 552 0 0.0214763881 0.00163301184 0 0.0215383838 0.106917157 1
417 552 0 0.0212939173 0.00166986716 0 0.0213592923 0.111249456 1
421 552 0 0.021107537 0.00170373553 0 0.0211761855 0.11561487 1
425 552 0 0.0209175938 0.00173431876 0 0.0209893686 0.120004629 1
429 552 0 0.020724467 0.00176132304 0 0.0207991776 0.124409635 1
433 552 0 0.0205285677 0.00178446126 0 0.0206059796 0.128820503 1
437 552 0 0.0203303386 0.00180345543 0 0.020410172 0.133227586 1
441 552 0 0.0201302524 0.00181803912 0 0.0202121826 0.137621021 1
445 552 0 0.0199288103 0.00182795988 0 0.020012469 0.141990761 1
449 552 0 0.0197265407 0.00183298172 0 0.0198115176 0.146326615 1
453 552 0 0.019523997 0.00183288743 0 0.0196098428 0.150618294 1
457 552 0 0.0193217555 0.00182748099 0 0.019407986 0.154855445 1
461 552 0 0.0191204128 0.00181658971 0 0.0192065141 0.159027697 1
465 552 0 0.0189205831 0.00180006642 0 0.0190060176 0.1631247 1
469 552 0 0.0187228956 0.00177779139 0 0.0188071094 0.167136169 1
473 552 0 0.0185279911 0.00174967414 0 0.0186104221 0.171051923 1
477 552 0 0.0183365184 0.00171565504 0 0.018416606 0.174861928 1
481 552 0 0.0181491314 0.00167570672 0 0.0182263261 0.178556333 1
485 552 0 0.0179664851 0.00162983517 0 0.0180402592 0.182125511 1
489 552 0 0.0177892321 0.0015780807 0 0.0178590906 0.185560096 1
493 552 0 0.0176180184 0.00152051852 0 0.0176835106 0.188851021 1
497 552 0 0.0174534798 0.00145725908 0 0.0175142102 0.191989547 1
501 552 0 0.017296238 0.00138844814 0 0.017351877 0.194967301 1
505 552 0 0.0171468967 0.00131426649 0 0.0171971905 0.197776306 1
509 552 0 0.0170060376 0.00123492937 0 0.0170508171 0.200409006 1
513 552 0 0.0168742168 0.00115068562 0 0.016913405 0.202858299 1
517 552 0 0.0167519612 0.00106181649 0 0.0167855789 0.205117559 1
521 552 0 0.0166397648 0.000968634148 0 0.016667934 0.207180658 1
525 552 0 0.0165380855 0.000871479932 0 0.016561031 0.209041991 1
529 552 0 0.016447342 0.000770722288 0 0.0164653901 0.21069649 1
533 552 0 0.0163679108 0.000666754476 0 0.0163814854 0.212139645 1
537 552 0 0.0163001239 0.000559992025 0 0.0163097403 0.213367517 1
541 552 0 0.0162442661 0.000450869973 0 0.016250522 0.214376752 1
545 552 0 0.0162005734 0.000339839924 0 0.0162041374 0.215164591 1
549 552 0 0.0161692308 0.00022736693 0 0.0161708294 0.215728878 1
553 552 0 0.0161503718 0.000113926249 0 0.0161507736 0.21606807 1
557 552 0 0.0161440765 -0 0 0.0161440765 0.216181237 1
561 552 0 0.0161503718 -0.000113926249 0 0.0161507736 0.21606807 1
565 552 0 0.0161692308 -0.00022736693 0 0.0161708294 0.215728878 1
569 552 0 0.0162005734 -0.000339839924 0 0.0162041374 0.215164591 1
573 552 0 0.0162442661 -0.000450869973 0 0.016250522 0.214376752 1
577 552 0 0.0163001239 -0.000559992025 0 0.0163097403 0.213367517 1
581 552 0 0.0163679108 -0.000666754476 0 0.0163814854 0.212139645 1
585 552 0 0.016447342 -0.000770722288 0 0.0164653901 0.21069649 1
589 552 0 0.0165380855 -0.000871479932 0 0.016561031 0.209041991 1
593 552 0 0.0166397648 -0.000968634148 0 0.016667934 0.207180658 1
597 552 0 0.0167519612 -0.00106181649 0 0.0167855789 0.205117559 1
601 552 0 0.0168742168 -0.00115068562 0 0.016913405 0.202858299 1
605 552 0 0.0170060376 -0.00123492937 0 0.0170508171 0.200409006 1
609 552 0 0.0171468967 -0.00131426649 0 0.0171971905 0.197776306 1
613 552 0 0.017296238 -0.00138844814 0 0.017351877 0.194967301 1
617 552 0 0.0174534798 -0.00145725908 0 0.0175142102 0.191989547 1
621 552 0 0.0176180184 -0.00152051852 0 0.0176835106 0.188851021 1
625 552 0 0.0177892321 -0.0015780807 0 0.0178590906 0.185560096 1
629 552 0 0.0179664851 -0.00162983517 0 0.0180402592 0.182125511 1
633 552 0 0.0181491314 -0.00167570672 0 0.0182263261 0.178556333 1
637 552 0 0.0183365184 -0.00171565504 0 0.018416606 0.174861928 1
641 552 0 0.0185279911 -0.00174967414 0 0.0186104221 0.171051923 1
645 552 0 0.0187228956 -0.00177779139 0 0.0188071094 0.167136169 1
649 552 0 0.0189205831 -0.00180006642 0 0.0190060176 0.1631247 1
653 552 0 0.0191204128 -0.00181658971 0 0.0192065141 0.159027697 1
657 552 0 0.0193217555 -0.00182748099 0 0.019407986 0.154855445 1
661 552 0 0.019523997 -0.00183288743 0 0.0196098428 0.150618294 1
665 552 0 0.0197265407 -0.00183298172 0 0.0198115176 0.146326615 1
669 552 0 0.0199288103 -0.00182795988 0 0.020012469 0.141990761 1
673 552 0 0.0201302524 -0.00181803912 0 0.0202121826 0.137621021 1
677 552 0 0.0203303386 -0.00180345543 0 0.020410172 0.133227586 1
681 552 0 0.0205285677 -0.00178446126 0 0.0206059796 0.128820503 1
685 552 0 0.020724467 -0.00176132304 0 0.0207991776 0.124409635 1
689 552 0 0.0209175938 -0.00173431876 0 0.0209893686 0.120004629 1
693 552 0 0.021107537 -0.00170373553 0 0.0211761855 0.11561487 1
697 552 0 0.0212939173 -0.00166986716 0 0.0213592923 0.111249456 1
701 552 0 0.0214763881 -0.00163301184 0 0.0215383838 0.106917157 1
705 552 0 0.0216546362 -0.00159346984 0 0.0217131853 0.102626388 1
709 552 0 0.0218283812 -0.00155154133 0 0.0218834528 0.0983851785 1
713 552 0 0.021997376 -0.00150752431 0 0.0220489724 0.0942011491 1
717 552 0 0.0221614062 -0.00146171266 0 0.0222095594 0.0900814869 1
721 552 0 0.0223202895 -0.00141439435 0 0.0223650583 0.0860329251 1
725 552 0 0.0224738749 -0.00136584973 0 0.0225153414 0.0820617267 1
729 552 0 0.022622042 -0.00131635006 0 0.0226603081 0.0781736701 1
733 552 0 0.0227647 -0.00126615614 0 0.0227998841 0.0743740381 1
737 552 0 0.0229017859 -0.00121551714 0 0.0229340201 0.0706676102 1
741 552 0 0.0230332637 -0.00116466957 0 0.0230626905 0.0670586585 1
745 552 0 0.0231591229 -0.00111383641 0 0.0231858924 0.0635509457 1
749 552 0 0.0232793768 -0.00106322649 0 0.0233036442 0.060147727 1
753 552 0 0.0233940608 -0.00101303386 0 0.0234159842 0.0568517547 1
757 552 0 0.023503231 -0.000963437516 0 0.0235229692 0.0536652857 1
761 552 0 0.0236069626 -0.000914601124 0 0.0236246731 0.0505900916 1
765 552 0 0.0237053478 -0.000866672947 0 0.0237211854 0.0476274714 1
769 552 0 0.0237984944 -0.000819785901 0 0.0238126098 0.0447782668 1
773 552 0 0.0238865241 -0.000774057727 0 0.0238990627 0.0420428789 1
777 552 0 0.0239695708 -0.000729591276 0 0.0239806719 0.0394212879 1
781 552 0 0.0240477788 -0.000686474894 0 0.0240575749 0.0369130738 1
785 552 0 0.0241213015 -0.000644782903 0 0.0241299178 0.0345174387 1
789 552 0 0.0241902998 -0.000604576154 0 0.0241978536 0.0322332304 1
793 552 0 0.0242549405 -0.000565902654 0 0.0242615413 0.0300589673 1
797 552 0 0.0243153951 -0.000528798245 0 0.0243211445 0.0279928636 1
801 552 0 0.0243718384 -0.000493287332 0 0.02437683 0.0260328555 1
805 552 0 0.0244244473 -0.000459383642 0 0.0244287671 0.0241766269 1
809 552 0 0.0244733997 -0.000427091012 0 0.024477126 0.0224216365 1
813 552 0 0.0245188733 -0.000396404193 0 0.0245220774 0.0207651438 1
817 552 0 0.0245610448 -0.000367309653 0 0.0245637912 0.0192042347 1
821 552 0 0.0246000891 -0.000339786388 0 0.0246024356 0.0177358474 1
825 552 0 0.0246361782 -0.000313806718 0 0.0246381767 0.016356797 1
829 552 0 0.024669481 -0.000289337068 0 0.0246711777 0.0150637994 1
833 552 0 0.0247001621 -0.000266338728 0 0.0247015981 0.0138534945 1
837 552 0 0.0247283818 -0.000244768583 0 0.0247295932 0.012722468 1
841 552 0 0.0247542952 -0.000224579816 0 0.0247553139 0.0116672723 1
845 552 0 0.0247780523 -0.000205722573 0 0.0247789063 0.0106844457 1
849 552 0 0.0247997972 -0.000188144585 0 0.0248005109 0.00977053108 1
853 552 0 0.0248196684 -0.000171791762 0 0.0248202629 0.00892209239 1
857 552 0 0.0248377981 -0.000156608729 0 0.0248382918 0.00813573024 1
861 552 0 0.0248543125 -0.000142539331 0 0.0248547212 0.00740809584 1
253 556 0 0.0248377931 0.000164369669 0 0.024838337 0.00812990989 1
257 556 0 0.0248194062 0.000180593838 0 0.0248200632 0.00892219557 1
261 556 0 0.0247992207 0.000198102199 0 0.024800012 0.00977762683 1
265 556 0 0.0247770964 0.000216959508 0 0.0247780463 0.0106997079 1
269 556 0 0.0247528858 0.000237229618 0 0.0247540226 0.0116919841 1
273 556 0 0.024726435 0.000258974907 0 0.0247277911 0.0127580257 1
277 556 0 0.0246975832 0.000282255646 0 0.0246991961 0.0139014106 1
281 556 0 0.0246661638 0.000307129325 0 0.0246680758 0.0151257059 1
285 556 0 0.0246320038 0.000333649932 0 0.0246342634 0.0164344476 1
289 556 0 0.0245949248 0.000361867184 0 0.0245975867 0.0178311191 1
293 556 0 0.0245547435 0.00039182572 0 0.0245578695 0.0193191283 1
297 556 0 0.024511272 0.000423564258 0 0.0245149314 0.0209017842 1
301 556 0 0.0244643187 0.000457114716 0 0.0244685889 0.0225822719 1
305 556 0 0.0244136889 0.000492501317 0 0.0244186561 0.0243636269 1
309 556 0 0.0243591859 0.000529739662 0 0.0243649453 0.0262487087 1
313 556 0 0.0243006117 0.000568835806 0 0.0243072685 0.0282401741 1
317 556 0 0.0242377683 0.000609785325 0 0.0242454378 0.0303404496 1
321 556 0 0.0241704588 0.000652572389 0 0.0241792665 0.0325517047 1
325 556 0 0.0240984886 0.000697168854 0 0.024108571 0.0348758242 1
329 556 0 0.0240216666 0.000743533391 0 0.024033171 0.0373143816 1
333 556 0 0.0239398072 0.000791610639 0 0.0239528916 0.0398686127 1
337 556 0 0.0238527312 0.000841330428 0 0.0238675643 0.0425393904 1
341 556 0 0.023760268 0.000892607053 0 0.0237770284 0.0453272001 1
345 556 0 0.0236622566 0.000945338638 0 0.0236811329 0.0482321172 1
349 556 0 0.0235585482 0.000999406579 0 0.0235797372 0.0512537854 1
353 556 0 0.0234490072 0.0010546751 0 0.0234727135 0.0543913972 1
357 556 0 0.0233335136 0.00111099094 0 0.0233599477 0.0576436768 1
361 556 0 0.0232119646 0.00116818312 0 0.0232413415 0.0610088646 1
365 556 0 0.0230842767 0.0012260629 0 0.0231168134 0.0644847051 1
369 556 0 0.0229503874 0.00128442389 0 0.0229863008 0.0680684368 1
373 556 0 0.0228102571 0.0013430423 0 0.0228497613 0.0717567851 1
377 556 0 0.0226638711 0.00140167734 0 0.022707174 0.0755459588 1
381 556 0 0.0225112412 0.00146007186 0 0.0225585414 0.0794316487 1
385 556 0 0.0223524073 0.00151795313 0 0.0224038902 0.0834090308 1
389 556 0 0.0221874396 0.00157503382 0 0.0222432733 0.0874727713 1
393 556 0 0.0220164393 0.0016310132 0 0.0220767706 0.0916170361 1
397 556 0 0.0218395404 0.00168557846 0 0.0219044904 0.0958355031 1
401 556 0 0.021656911 0.0017384063 0 0.0217265701 0.100121378 1
405 556 0 0.0214687539 0.00178916467 0 0.0215431777 0.104467412 1
409 556 0 0.0212753081 0.00183751466 0 0.0213545123 0.108865925 1
413 556 0 0.0210768487 0.00188311264 0 0.0211608049 0.11330883 1
417 556 0 0.0208736876 0.00192561246 0 0.020962319 0.117787662 1
421 556 0 0.0206661738 0.00196466787 0 0.0207593511 0.122293604 1
425 556 0 0.0204546931 0.00199993502 0 0.0205522313 0.126817525 1
429 556 0 0.0202396678 0.00203107509 0 0.0203413229 0.131350009 1
433 556 0 0.0200215556 0.002057757 0 0.020127023 0.135881397 1
437 556 0 0.0198008495 0.00207966019 0 0.0199097621 0.140401821 1
441 556 0 0.0195780757 0.00209647741 0 0.0196900042 0.144901244 1
445 556 0 0.0193537922 0.00210791757 0 0.0194682457 0.149369501 1
449 556 0 0.0191285875 0.00211370851 0 0.0192450155 0.153796339 1
453 556 0 0.0189030775 0.00211359979 0 0.0190208739 0.15817146 1
457 556 0 0.018677904 0.00210736533 0 0.0187964115 0.162484557 1
461 556 0 0.0184537312 0.00209480602 0 0.0185722483 0.166725362 1
465 556 0 0.018231243 0.00207575214 0 0.0183490318 0.170883681 1
469 556 0 0.0180111399 0.00205006562 0 0.0181274358 0.174949435 1
473 556 0 0.0177941353 0.00201764213 0 0.0179081582 0.1789127 1
477 556 0 0.0175809516 0.0019784129 0 0.0176919184 0.182763742 1
481 556 0 0.017372317 0.00193234636 0 0.0174794554 0.186493056 1
485 556 0 0.0171689606 0.00187944945 0 0.017271524 0.190091395 1
489 556 0 0.016971609 0.00181976862 0 0.0170688919 0.193549809 1
493 556 0 0.0167809815 0.00175339061 0 0.0168723359 0.19685967 1
497 556 0 0.016597786 0.0016804428 0 0.0166826373 0.200012704 1
501 556 0 0.0164227147 0.00160109326 0 0.0165005775 0.203001016 1
505 556 0 0.0162564397 0.00151555045 0 0.0163269325 0.205817118 1
509 556 0 0.0160996087 0.00142406261 0 0.0161624675 0.208453945 1
513 556 0 0.0159528409 0.00132691667 0 0.0160079305 0.210904884 1
517 556 0 0.0158167228 0.00122443696 0 0.0158640464 0.213163784 1
521 556 0 0.0156918046 0.00111698345 0 0.0157315092 0.215224981 1
525 556 0 0.0155785959 0.00100494977 0 0.0156109761 0.217083307 1
529 556 0 0.0154775631 0.000888760781 0 0.0155030595 0.218734105 1
533 556 0 0.0153891253 0.000768869979 0 0.0154083204 0.220173241 1
537 556 0 0.0153136521 0.000645756529 0 0.0153272614 0.221397113 1
541 556 0 0.0152514606 0.000519922099 0 0.0152603201 0.222402661 1
545 556 0 0.0152028136 0.000391887456 0 0.0152078637 0.223187371 1
549 556 0 0.0151679172 0.000262188876 0 0.0151701831 0.223749281 1
553 556 0 0.0151469197 0.000131374405 0 0.0151474894 0.22408699 1
557 556 0 0.0151399105 -0 0 0.0151399105 0.224199653 1
561 556 0 0.0151469197 -0.000131374405 0 0.0151474894 0.22408699 1
565 556 0 0.0151679172 -0.000262188876 0 0.0151701831 0.223749281 1
569 556 0 0.0152028136 -0.000391887456 0 0.0152078637 0.223187371 1
573 556 0 0.0152514606 -0.000519922099 0 0.0152603201 0.222402661 1
577 556 0 0.0153136521 -0.000645756529 0 0.0153272614 0.221397113 1
581 556 0 0.0153891253 -0.000768869979 0 0.0154083204 0.220173241 1
585 556 0 0.0154775631 -0.000888760781 0 0.0155030595 0.218734105 1
589 556 0 0.0155785959 -0.00100494977 0 0.0156109761 0.217083307 1
593 556 0 0.0156918046 -0.00111698345 0 0.0157315092 0.215224981 1
597 556 0 0.0158167228 -0.00122443696 0 0.0158640464 0.213163784 1
601 556 0 0.0159528409 -0.00132691667 0 0.0160079305 0.210904884 1
605 556 0 0.0160996087 -0.00142406261 0 0.0161624675 0.208453945 1
609 556 0 0.0162564397 -0.00151555045 0 0.0163269325 0.205817118 1
613 556 0 0.0164227147 -0.00160109326 0 0.0165005775 0.203001016 1
617 556 0 0.016597786 -0.0016804428 0 0.0166826373 0.200012704 1
621 556 0 0.0167809815 -0.00175339061 0 0.0168723359 0.19685967 1
625 556 0 0.016971609 -0.00181976862 0 0.0170688919 0.193549809 1
629 556 0 0.0171689606 -0.00187944945 0 0.017271524 0.190091395 1
633 556 0 0.017372317 -0.00193234636 0 0.0174794554 0.186493056 1
637 556 0 0.0175809516 -0.0019784129 0 0.0176919184 0.182763742 1
641 556 0 0.0177941353 -0.00201764213 0 0.0179081582 0.1789127 1
645 556 0 0.0180111399 -0.00205006562 0 0.0181274358 0.174949435 1
649 556 0 0.018231243 -0.00207575214 0 0.0183490318 0.170883681 1
653 556 0 0.0184537312 -0.00209480602 0 0.0185722483 0.166725362 1
657 556 0 0.018677904 -0.00210736533 0 0.0187964115 0.162484557 1
661 556 0 0.0189030775 -0.00211359979 0 0.0190208739 0.15817146 1
665 556 0 0.0191285875 -0.00211370851 0 0.0192450155 0.153796339 1
669 556 0 0.0193537922 -0.00210791757 0 0.0194682457 0.149369501 1
673 556 0 0.0195780757 -0.00209647741 0 0.0196900042 0.144901244 1
677 556 0 0.0198008495 -0.00207966019 0 0.0199097621 0.140401821 1
681 556 0 0.0200215556 -0.002057757 0 0.020127023 0.135881397 1
685 556 0 0.0202396678 -0.00203107509 0 0.0203413229 0.131350009 1
689 556 0 0.0204546931 -0.00199993502 0 0.0205522313 0.126817525 1
693 556 0 0.0206661738 -0.00196466787 0 0.0207593511 0.122293604 1
697 556 0 0.0208736876 -0.00192561246 0 0.020962319 0.117787662 1
701 556 0 0.0210768487 -0.00188311264 0 0.0211608049 0.11330883 1
705 556 0 0.0212753081 -0.00183751466 0 0.0213545123 0.108865925 1
709 556 0 0.0214687539 -0.00178916467 0 0.0215431777 0.104467412 1
713 556 0 0.021656911 -0.0017384063 0 0.0217265701 0.100121378 1
717 556 0 0.0218395404 -0.00168557846 0 0.0219044904 0.0958355031 1
721 556 0 0.0220164393 -0.0016310132 0 0.0220767706 0.0916170361 1
725 556 0 0.0221874396 -0.00157503382 0 0.0222432733 0.0874727713 1
729 556 0 0.0223524073 -0.00151795313 0 0.0224038902 0.0834090308 1
733 556 0 0.0225112412 -0.00146007186 0 0.0225585414 0.0794316487 1
737 556 0 0.0226638711 -0.00140167734 0 0.022707174 0.0755459588 1
741 556 0 0.0228102571 -0.0013430423 0 0.0228497613 0.0717567851 1
745 556 0 0.0229503874 -0.00128442389 0 0.0229863008 0.0680684368 1
749 556 0 0.0230842767 -0.0012260629 0 0.0231168134 0.0644847051 1
753 556 0 0.0232119646 -0.00116818312 0 0.0232413415 0.0610088646 1
757 556 0 0.0233335136 -0.00111099094 0 0.0233599477 0.0576436768 1
761 556 0 0.0234490072 -0.0010546751 0 0.0234727135 0.0543913972 1
765 556 0 0.0235585482 -0.000999406579 0 0.0235797372 0.0512537854 1
769 556 0 0.0236622566 -0.000945338638 0 0.0236811329 0.0482321172 1
773 556 0 0.023760268 -0.000892607053 0 0.0237770284 0.0453272001 1
777 556 0 0.0238527312 -0.000841330428 0 0.0238675643 0.0425393904 1
781 556 0 0.0239398072 -0.000791610639 0 0.0239528916 0.0398686127 1
785 556 0 0.0240216666 -0.000743533391 0 0.024033171 0.0373143816 1
789 556 0 0.0240984886 -0.000697168854 0 0.024108571 0.0348758242 1
793 556 0 0.0241704588 -0.000652572389 0 0.0241792665 0.0325517047 1
797 556 0 0.0242377683 -0.000609785325 0 0.0242454378 0.0303404496 1
801 556 0 0.0243006117 -0.000568835806 0 0.0243072685 0.0282401741 1
805 556 0 0.0243591859 -0.000529739662 0 0.0243649453 0.0262487087 1
809 556 0 0.0244136889 -0.000492501317 0 0.0244186561 0.0243636269 1
813 556 0 0.0244643187 -0.000457114716 0 0.0244685889 0.0225822719 1
817 556 0 0.024511272 -0.000423564258 0 0.0245149314 0.0209017842 1
821 556 0 0.0245547435 -0.00039182572 0 0.0245578695 0.0193191283 1
825 556 0 0.0245949248 -0.000361867184 0 0.0245975867 0.0178311191 1
829 556 0 0.0246320038 -0.000333649932 0 0.0246342634 0.0164344476 1
833 556 0 0.0246661638 -0.000307129325 0 0.0246680758 0.0151257059 1
837 556 0 0.0246975832 -0.000282255646 0 0.0246991961 0.0139014106 1
841 556 0 0.024726435 -0.000258974907 0 0.0247277911 0.0127580257 1
845 556 0 0.0247528858 -0.000237229618 0 0.0247540226 0.0116919841 1
849 556 0 0.0247770964 -0.000216959508 0 0.0247780463 0.0106997079 1
853 556 0 0.0247992207 -0.000198102199 0 0.024800012 0.00977762683 1
857 556 0 0.0248194062 -0.000180593838 0 0.0248200632 0.00892219557 1
861 556 0 0.0248377931 -0.000164369669 0 0.024838337 0.00812990989 1
253 560 0 0.0248205305 0.000188598039 0 0.024821247 0.00887129004 1
257 560 0 0.0248001868 0.000207213678 0 0.0248010525 0.00972855883 1
261 560 0 0.0247778532 0.000227302802 0 0.0247788958 0.0106532141 1
265 560 0 0.0247533743 0.00024893971 0 0.024754626 0.0116488811 1
269 560 0 0.0247265872 0.000272197669 0 0.0247280853 0.0127192124 1
273 560 0 0.0246973213 0.00029714825 0 0.0246991088 0.0138678708 1
277 560 0 0.0246653991 0.000323860609 0 0.0246675252 0.0150985092 1
281 560 0 0.0246306359 0.000352400711 0 0.0246331567 0.0164147503 1
285 560 0 0.0245928405 0.000382830501 0 0.02459582 0.0178201644 1
289 560 0 0.0245518154 0.000415207024 0 0.0245553261 0.0193182458 1
293 560 0 0.0245073579 0.0004495815 0 0.0245114813 0.0209123881 1
297 560 0 0.0244592601 0.000485998352 0 0.0244640879 0.0226058588 1
301 560 0 0.0244073098 0.000524494205 0 0.0244129447 0.0244017726 1
305 560 0 0.0243512919 0.000565096851 0 0.0243578478 0.026303064 1
309 560 0 0.0242909885 0.000607824191 0 0.024298592 0.0283124598 1
313 560 0 0.0242261807 0.000652683175 0 0.0242349711 0.0304324506 1
317 560 0 0.0241566493 0.000699668723 0 0.0241667797 0.0326652629 1
321 560 0 0.0240821765 0.000748762672 0 0.024093814 0.035012831 1
325 560 0 0.0240025469 0.000799932733 0 0.0240158729 0.0374767692 1
329 560 0 0.0239175493 0.000853131481 0 0.02393276 0.040058345 1
333 560 0 0.0238269782 0.000908295398 0 0.0238442842 0.0427584532 1
337 560 0 0.0237306354 0.000965343968 0 0.023750262 0.0455775906 1
341 560 0 0.0236283319 0.00102417886 0 0.0236505182 0.0485158333 1
345 560 0 0.0235198899 0.00108468317 0 0.0235448881 0.0515728147 1
349 560 0 0.0234051445 0.00114672081 0 0.0234332191 0.0547477061 1
353 560 0 0.0232839458 0.00121013601 0 0.0233153718 0.0580391995 1
357 560 0 0.023156161 0.0012747529 0 0.0231912222 0.0614454926 1
361 560 0 0.0230216764 0.0013403753 0 0.0230606633 0.0649642773 1
365 560 0 0.0228803996 0.00140678666 0 0.0229236065 0.0685927299 1
369 560 0 0.0227322613 0.00147375017 0 0.0227799834 0.0723275059 1
373 560 0 0.022577218 0.00154100903 0 0.0226297477 0.0761647367 1
377 560 0 0.0224152531 0.00160828697 0 0.022472876 0.0801000305 1
381 560 0 0.0222463798 0.00167528894 0 0.0223093704 0.0841284763 1
385 560 0 0.0220706424 0.00174170201 0 0.0221392588 0.0882446518 1
389 560 0 0.0218881183 0.0018071965 0 0.0219625973 0.0924426341 1
393 560 0 0.0216989196 0.00187142733 0 0.0217794708 0.0967160146 1
397 560 0 0.0215031946 0.0019340356 0 0.0215899947 0.101057917 1
401 560 0 0.0213011291 0.00199465036 0 0.0213943154 0.105461018 1
405 560 0 0.0210929479 0.00205289059 0 0.0211926122 0.109917574 1
409 560 0 0.020878915 0.00210836746 0 0.0209850972 0.114419444 1
413 560 0 0.0206593348 0.00216068665 0 0.0207720168 0.118958126 1
417 560 0 0.0204345527 0.00220945102 0 0.0205536522 0.123524783 1
421 560 0 0.0202049547 0.00225426327 0 0.0203303197 0.128110284 1
425 560 0 0.0199709676 0.00229472885 0 0.0201023712 0.132705238 1
429 560 0 0.0197330586 0.00233045902 0 0.0198701948 0.137300031 1
433 560 0 0.0194917343 0.00236107389 0 0.0196342144 0.14188487 1
437 560 0 0.01924754 0.00238620565 0 0.0193948903 0.146449821 1
441 560 0 0.0190010578 0.00240550176 0 0.0191527188 0.15098485 1
445 560 0 0.0187529054 0.00241862822 0 0.0189082317 0.155479866 1
449 560 0 0.0185037337 0.00242527276 0 0.0186619964 0.159924763 1
453 560 0 0.0182542243 0.002425148 0 0.0184146151 0.164309459 1
457 560 0 0.0180050871 0.00241799458 0 0.018166724 0.168623937 1
461 560 0 0.0177570571 0.00240358401 0 0.0179189925 0.172858286 1
465 560 0 0.0175108911 0.00238172155 0 0.0176721222 0.177002737 1
469 560 0 0.0172673639 0.00235224879 0 0.0174268452 0.181047698 1
473 560 0 0.017027265 0.00231504602 0 0.0171839225 0.184983792 1
477 560 0 0.0167913937 0.00227003434 0 0.0169441423 0.188801886 1
481 560 0 0.0165605555 0.00221717751 0 0.0167083175 0.192493124 1
485 560 0 0.0163355574 0.0021564835 0 0.016477283 0.196048953 1
489 560 0 0.016117203 0.00208800562 0 0.0162518922 0.199461148 1
493 560 0 0.0159062883 0.00201184338 0 0.0160330135 0.202721836 1
497 560 0 0.0157035966 0.00192814293 0 0.0158215259 0.20582352 1
501 560 0 0.0155098936 0.00183709713 0 0.0156183138 0.20875909 1
505 560 0 0.0153259231 0.00173894518 0 0.0154242617 0.211521846 1
509 560 0 0.0151524017 0.00163397187 0 0.0152402474 0.21410551 1
513 560 0 0.0149900144 0.00152250645 0 0.015067135 0.216504234 1
517 560 0 0.0148394102 0.00140492105 0 0.0149057673 0.218712618 1
521 560 0 0.0147011978 0.00128162872 0 0.0147569573 0.220725709 1
525 560 0 0.0145759411 0.00115308108 0 0.0146214793 0.222539014 1
529 560 0 0.014464156 0.00101976564 0 0.0145000597 0.224148505 1
533 560 0 0.0143663064 0.000882202725 0 0.014393368 0.225550618 1
537 560 0 0.0142828012 0.000740942143 0 0.014302007 0.226742262 1
541 560 0 0.0142139911 0.000596559503 0 0.0142265044 0.227720818 1
545 560 0 0.0141601669 0.000449652335 0 0.0141673044 0.228484143 1
549 560 0 0.0141215567 0.000300835963 0 0.0141247607 0.229030567 1
553 560 0 0.0140983246 0.000150739216 0 0.0140991304 0.229358899 1
557 560 0 0.0140905695 -0 0 0.0140905695 0.229468422 1
561 560 0 0.0140983246 -0.000150739216 0 0.0140991304 0.229358899 1
565 560 0 0.0141215567 -0.000300835963 0 0.0141247607 0.229030567 1
569 560 0 0.0141601669 -0.000449652335 0 0.0141673044 0.228484143 1
573 560 0 0.0142139911 -0.000596559503 0 0.0142265044 0.227720818 1
577 560 0 0.0142828012 -0.000740942143 0 0.014302007 0.226742262 1
581 560 0 0.0143663064 -0.000882202725 0 0.014393368 0.225550618 1
585 560 0 0.014464156 -0.00101976564 0 0.0145000597 0.224148505 1
589 560 0 0.0145759411 -0.00115308108 0 0.0146214793 0.222539014 1
593 560 0 0.0147011978 -0.00128162872 0 0.0147569573 0.220725709 1
597 560 0 0.0148394102 -0.00140492105 0 0.0149057673 0.218712618 1
601 560 0 0.0149900144 -0.00152250645 0 0.015067135 0.216504234 1
605 560 0 0.0151524017 -0.00163397187 0 0.0152402474 0.21410551 1
609 560 0 0.0153259231 -0.00173894518 0 0.0154242617 0.211521846 1
613 560 0 0.0155098936 -0.00183709713 0 0.0156183138 0.20875909 1
617 560 0 0.0157035966 -0.00192814293 0 0.0158215259 0.20582352 1
621 560 0 0.0159062883 -0.00201184338 0 0.0160330135 0.202721836 1
625 560 0 0.016117203 -0.00208800562 0 0.0162518922 0.199461148 1
629 560 0 0.0163355574 -0.0021564835 0 0.016477283 0.196048953 1
633 560 0 0.0165605555 -0.00221717751 0 0.0167083175 0.192493124 1
637 560 0 0.0167913937 -0.00227003434 0 0.0169441423 0.188801886 1
641 560 0 0.017027265 -0.00231504602 0 0.0171839225 0.184983792 1
645 560 0 0.0172673639 -0.00235224879 0 0.0174268452 0.181047698 1
649 560 0 0.0175108911 -0.00238172155 0 0.0176721222 0.177002737 1
653 560 0 0.0177570571 -0.00240358401 0 0.0179189925 0.172858286 1
657 560 0 0.0180050871 -0.00241799458 0 0.018166724 0.168623937 1
661 560 0 0.0182542243 -0.002425148 0 0.0184146151 0.164309459 1
665 560 0 0.0185037337 -0.00242527276 0 0.0186619964 0.159924763 1
669 560 0 0.0187529054 -0.00241862822 0 0.0189082317 0.155479866 1
673 560 0 0.0190010578 -0.00240550176 0 0.0191527188 0.15098485 1
677 560 0 0.01924754 -0.00238620565 0 0.0193948903 0.146449821 1
681 560 0 0.0194917343 -0.00236107389 0 0.0196342144 0.14188487 1
685 560 0 0.0197330586 -0.00233045902 0 0.0198701948 0.137300031 1
689 560 0 0.0199709676 -0.00229472885 0 0.0201023712 0.132705238 1
693 560 0 0.0202049547 -0.00225426327 0 0.0203303197 0.128110284 1
697 560 0 0.0204345527 -0.00220945102 0 0.0205536522 0.123524783 1
701 560 0 0.0206593348 -0.00216068665 0 0.0207720168 0.118958126 1
705 560 0 0.020878915 -0.00210836746 0 0.0209850972 0.114419444 1
709 560 0 0.0210929479 -0.00205289059 0 0.0211926122 0.109917574 1
713 560 0 0.0213011291 -0.00199465036 0 0.0213943154 0.105461018 1
717 560 0 0.0215031946 -0.0019340356 0 0.0215899947 0.101057917 1
721 560 0 0.0216989196 -0.00187142733 0 0.0217794708 0.0967160146 1
725 560 0 0.0218881183 -0.0018071965 0 0.0219625973 0.0924426341 1
729 560 0 0.0220706424 -0.00174170201 0 0.0221392588 0.0882446518 1
733 560 0 0.0222463798 -0.00167528894 0 0.0223093704 0.0841284763 1
737 560 0 0.0224152531 -0.00160828697 0 0.022472876 0.0801000305 1
741 560 0 0.022577218 -0.00154100903 0 0.0226297477 0.0761647367 1
745 560 0 0.0227322613 -0.00147375017 0 0.0227799834 0.0723275059 1
749 560 0 0.0228803996 -0.00140678666 0 0.0229236065 0.0685927299 1
753 560 0 0.0230216764 -0.0013403753 0 0.0230606633 0.0649642773 1
757 560 0 0.023156161 -0.0012747529 0 0.0231912222 0.0614454926 1
761 560 0 0.0232839458 -0.00121013601 0 0.0233153718 0.0580391995 1
765 560 0 0.0234051445 -0.00114672081 0 0.0234332191 0.0547477061 1
769 560 0 0.0235198899 -0.00108468317 0 0.0235448881 0.0515728147 1
773 560 0 0.0236283319 -0.00102417886 0 0.0236505182 0.0485158333 1
777 560 0 0.0237306354 -0.000965343968 0 0.023750262 0.0455775906 1
781 560 0 0.0238269782 -0.000908295398 0 0.0238442842 0.0427584532 1
785 560 0 0.0239175493 -0.000853131481 0 0.02393276 0.040058345 1
789 560 0 0.0240025469 -0.000799932733 0 0.0240158729 0.0374767692 1
793 560 0 0.0240821765 -0.000748762672 0 0.024093814 0.035012831 1
797 560 0 0.0241566493 -0.000699668723 0 0.0241667797 0.0326652629 1
801 560 0 0.0242261807 -0.000652683175 0 0.0242349711 0.0304324506 1
805 560 0 0.0242909885 -0.000607824191 0 0.024298592 0.0283124598 1
809 560 0 0.0243512919 -0.000565096851 0 0.0243578478 0.026303064 1
813 560 0 0.0244073098 -0.000524494205 0 0.0244129447 0.0244017726 1
817 560 0 0.0244592601 -0.000485998352 0 0.0244640879 0.0226058588 1
821 560 0 0.0245073579 -0.0004495815 0 0.0245114813 0.0209123881 1
825 560 0 0.0245518154 -0.000415207024 0 0.0245553261 0.0193182458 1
829 560 0 0.0245928405 -0.000382830501 0 0.02459582 0.0178201644 1
833 560 0 0.0246306359 -0.000352400711 0 0.0246331567 0.0164147503 1
837 560 0 0.0246653991 -0.000323860609 0 0.0246675252 0.0150985092 1
841 560 0 0.0246973213 -0.00029714825 0 0.0246991088 0.0138678708 1
845 560 0 0.0247265872 -0.000272197669 0 0.0247280853 0.0127192124 1
849 560 0 0.0247533743 -0.00024893971 0 0.024754626 0.0116488811 1
853 560 0 0.0247778532 -0.000227302802 0 0.0247788958 0.0106532141 1
857 560 0 0.0248001868 -0.000207213678 0 0.0248010525 0.00972855883 1
861 560 0 0.0248205305 -0.000188598039 0 0.024821247 0.00887129004 1
253 564 0 0.0248026922 0.000215318423 0 0.0248036268 0.00962541032 1
257 564 0 0.0247803265 0.000236571508 0 0.0247814557 0.0105471464 1
261 564 0 0.024755773 0.000259506839 0 0.0247571331 0.0115402418 1
265 564 0 0.024728861 0.000284209243 0 0.0247304942 0.0126084002 1
269 564 0 0.0246994114 0.000310762367 0 0.0247013663 0.0137553351 1
273 564 0 0.0246672367 0.000339247922 0 0.0246695694 0.0149847506 1
277 564 0 0.0246321416 0.000369744862 0 0.0246349165 0.0163003196 1
281 564 0 0.0245939231 0.000402328497 0 0.0245972137 0.0177056608 1
285 564 0 0.024552371 0.00043706955 0 0.0245562609 0.0192043147 1
289 564 0 0.0245072683 0.000474033147 0 0.0245118524 0.0207997176 1
293 564 0 0.024458392 0.000513277764 0 0.0244637771 0.0224951757 1
297 564 0 0.0244055134 0.00055485412 0 0.0244118199 0.0242938371 1
301 564 0 0.0243483996 0.000598804028 0 0.0243557618 0.0261986638 1
305 564 0 0.0242868138 0.000645159217 0 0.0242953813 0.0282124029 1
309 564 0 0.0242205166 0.000693940125 0 0.0242304555 0.0303375575 1
313 564 0 0.0241492672 0.000745154685 0 0.0241607608 0.0325763576 1
317 564 0 0.0240728248 0.000798797099 0 0.0240860742 0.0349307315 1
321 564 0 0.0239909498 0.000854846631 0 0.0240061749 0.0374022769 1
325 564 0 0.0239034055 0.000913266415 0 0.0239208455 0.0399922338 1
329 564 0 0.0238099596 0.00097400231 0 0.0238298732 0.0427014574 1
333 564 0 0.0237103862 0.0010369818 0 0.0237330517 0.0455303935 1
337 564 0 0.0236044674 0.00110211295 0 0.0236301827 0.0484790543 1
341 564 0 0.0234919955 0.00116928351 0 0.0235210773 0.0515469973 1
345 564 0 0.0233727749 0.00123836001 0 0.023405558 0.0547333057 1
349 564 0 0.0232466244 0.00130918709 0 0.0232834602 0.0580365714 1
353 564 0 0.0231133792 0.00138158689 0 0.0231546341 0.0614548813 1
357 564 0 0.0229728933 0.00145535864 0 0.0230189465 0.0649858058 1
361 564 0 0.0228250417 0.00153027835 0 0.022876282 0.0686263911 1
365 564 0 0.0226697227 0.00160609881 0 0.0227265457 0.0723731546 1
369 564 0 0.0225068603 0.00168254964 0 0.0225696641 0.0762220842 1
373 564 0 0.0223364065 0.00175933767 0 0.0224055869 0.0801686405 1
377 564 0 0.0221583432 0.00183614748 0 0.0222342891 0.0842077638 1
381 564 0 0.0219726848 0.00191264223 0 0.022055772 0.088333884 1
385 564 0 0.02177948 0.00198846463 0 0.021870065 0.0925409346 1
389 564 0 0.021578814 0.00206323832 0 0.0216772269 0.0968223705 1
393 564 0 0.02137081 0.00213656931 0 0.0214773473 0.101171189 1
397 564 0 0.021155631 0.00220804786 0 0.0212705476 0.105579955 1
401 564 0 0.0209334813 0.00227725046 0 0.0210569825 0.110040829 1
405 564 0 0.020704608 0.00234374211 0 0.0208368404 0.114545598 1
409 564 0 0.0204693013 0.00240707888 0 0.0206103451 0.11908571 1
413 564 0 0.0202278961 0.00246681061 0 0.0203777559 0.123652308 1
417 564 0 0.0199807719 0.00252248387 0 0.0201393687 0.128236273 1
421 564 0 0.0197283531 0.00257364507 0 0.0198955162 0.132828261 1
425 564 0 0.0194711089 0.00261984378 0 0.0196465687 0.137418745 1
429 564 0 0.019209553 0.00266063616 0 0.0193929346 0.14199806 1
433 564 0 0.0189442424 0.00269558852 0 0.0191350599 0.146556443 1
437 564 0 0.0186757764 0.00272428092 0 0.0188734293 0.151084079 1
441 564 0 0.0184047953 0.00274631088 0 0.0186085656 0.155571146 1
445 564 0 0.0181319779 0.00276129708 0 0.0183410301 0.160007852 1
449 564 0 0.0178580398 0.00276888301 0 0.0180714222 0.164384482 1
453 564 0 0.0175837306 0.00276874059 0 0.0178003794 0.168691436 1
457 564 0 0.0173098305 0.00276057367 0 0.0175285766 0.172919267 1
461 564 0 0.0170371477 0.00274412142 0 0.0172567263 0.177058718 1
465 564 0 0.016766514 0.00271916152 0 0.0169855772 0.181100755 1
469 564 0 0.0164987816 0.00268551309 0 0.0167159138 0.185036599 1
473 564 0 0.0162348181 0.00264303946 0 0.0164485555 0.188857755 1
477 564 0 0.0159755025 0.00259165057 0 0.0161843546 0.192556038 1
481 564 0 0.0157217202 0.00253130504 0 0.0159241952 0.19612359 1
485 564 0 0.0154743585 0.00246201196 0 0.0156689908 0.199552908 1
489 564 0 0.0152343009 0.0023838322 0 0.0154196815 0.202836854 1
493 564 0 0.0150024224 0.00229687937 0 0.0151772307 0.20596867 1
497 564 0 0.0147795842 0.00220132033 0 0.0149426209 0.208941988 1
501 564 0 0.0145666282 0.00209737525 0 0.0147168489 0.211750838 1
505 564 0 0.0143643721 0.00198531722 0 0.0145009196 0.214389655 1
509 564 0 0.0141736035 0.00186547139 0 0.0142958393 0.216853277 1
513 564 0 0.0139950758 0.00173821367 0 0.0141026073 0.219136948 1
517 564 0 0.0138295024 0.00160396888 0 0.0139222072 0.221236319 1
521 564 0 0.0136775524 0.00146320861 0 0.0137555959 0.223147443 1
525 564 0 0.0135398459 0.00131644847 0 0.013603693 0.224866769 1
529 564 0 0.01341695 0.00116424503 0 0.0134673684 0.226391142 1
533 564 0 0.0133093746 0.00100719234 0 0.0133474301 0.227717795 1
537 564 0 0.0132175694 0.000845918096 0 0.0132446109 0.228844343 1
541 564 0 0.01314192 0.000681079467 0 0.0131595566 0.22976878 1
545 564 0 0.013082746 0.000513358636 0 0.013092814 0.230489472 1
549 564 0 0.0130402981 0.000343458107 0 0.0130448203 0.231005152 1
553 564 0 0.0130147568 0.0001720958 0 0.0130158946 0.23131492 1
557 564 0 0.0130062309 -0 0 0.0130062309 0.231418236 1
561 564 0 0.0130147568 -0.0001720958 0 0.0130158946 0.23131492 1
565 564 0 0.0130402981 -0.000343458107 0 0.0130448203 0.231005152 1
569 564 0 0.013082746 -0.000513358636 0 0.013092814 0.230489472 1
573 564 0 0.01314192 -0.000681079467 0 0.0131595566 0.22976878 1
577 564 0 0.0132175694 -0.000845918096 0 0.0132446109 0.228844343 1
581 564 0 0.0133093746 -0.00100719234 0 0.0133474301 0.227717795 1
585 564 0 0.01341695 -0.00116424503 0 0.0134673684 0.226391142 1
589 564 0 0.0135398459 -0.00131644847 0 0.013603693 0.224866769 1
593 564 0 0.0136775524 -0.00146320861 0 0.0137555959 0.223147443 1
597 564 0 0.0138295024 -0.00160396888 0 0.0139222072 0.221236319 1
601 564 0 0.0139950758 -0.00173821367 0 0.0141026073 0.219136948 1
605 564 0 0.0141736035 -0.00186547139 0 0.0142958393 0.216853277 1
609 564 0 0.0143643721 -0.00198531722 0 0.0145009196 0.214389655 1
613 564 0 0.0145666282 -0.00209737525 0 0.0147168489 0.211750838 1
617 564 0 0.0147795842 -0.00220132033 0 0.0149426209 0.208941988 1
621 564 0 0.0150024224 -0.00229687937 0 0.0151772307 0.20596867 1
625 564 0 0.0152343009 -0.0023838322 0 0.0154196815 0.202836854 1
629 564 0 0.0154743585 -0.00246201196 0 0.0156689908 0.199552908 1
633 564 0 0.0157217202 -0.00253130504 0 0.0159241952 0.19612359 1
637 564 0 0.0159755025 -0.00259165057 0 0.0161843546 0.192556038 1
641 564 0 0.0162348181 -0.00264303946 0 0.0164485555 0.188857755 1
645 564 0 0.0164987816 -0.00268551309 0 0.0167159138 0.185036599 1
649 564 0 0.016766514 -0.00271916152 0 0.0169855772 0.181100755 1
653 564 0 0.0170371477 -0.00274412142 0 0.0172567263 0.177058718 1
657 564 0 0.0173098305 -0.00276057367 0 0.0175285766 0.172919267 1
661 564 0 0.0175837306 -0.00276874059 0 0.0178003794 0.168691436 1
665 564 0 0.0178580398 -0.00276888301 0 0.0180714222 0.164384482 1
669 564 0 0.0181319779 -0.00276129708 0 0.0183410301 0.160007852 1
673 564 0 0.0184047953 -0.00274631088 0 0.0186085656 0.155571146 1
677 564 0 0.0186757764 -0.00272428092 0 0.0188734293 0.151084079 1
681 564 0 0.0189442424 -0.00269558852 0 0.0191350599 0.146556443 1
685 564 0 0.019209553 -0.00266063616 0 0.0193929346 0.14199806 1
689 564 0 0.0194711089 -0.00261984378 0 0.0196465687 0.137418745 1
693 564 0 0.0197283531 -0.00257364507 0 0.0198955162 0.132828261 1
697 564 0 0.0199807719 -0.00252248387 0 0.0201393687 0.128236273 1
701 564 0 0.0202278961 -0.00246681061 0 0.0203777559 0.123652308 1
705 564 0 0.0204693013 -0.00240707888 0 0.0206103451 0.11908571 1
709 564 0 0.020704608 -0.00234374211 0 0.0208368404 0.114545598 1
713 564 0 0.0209334813 -0.00227725046 0 0.0210569825 0.110040829 1
717 564 0 0.021155631 -0.00220804786 0 0.0212705476 0.105579955 1
721 564 0 0.02137081 -0.00213656931 0 0.0214773473 0.101171189 1
725 564 0 0.021578814 -0.00206323832 0 0.0216772269 0.0968223705 1
729 564 0 0.02177948 -0.00198846463 0 0.021870065 0.0925409346 1
733 564 0 0.0219726848 -0.00191264223 0 0.022055772 0.088333884 1
737 564 0 0.0221583432 -0.00183614748 0 0.0222342891 0.0842077638 1
741 564 0 0.0223364065 -0.00175933767 0 0.0224055869 0.0801686405 1
745 564 0 0.0225068603 -0.00168254964 0 0.0225696641 0.0762220842 1
749 564 0 0.0226697227 -0.00160609881 0 0.0227265457 0.0723731546 1
753 564 0 0.0228250417 -0.00153027835 0 0.022876282 0.0686263911 1
757 564 0 0.0229728933 -0.00145535864 0 0.0230189465 0.0649858058 1
761 564 0 0.0231133792 -0.00138158689 0 0.0231546341 0.0614548813 1
765 564 0 0.0232466244 -0.00130918709 0 0.0232834602 0.0580365714 1
769 564 0 0.0233727749 -0.00123836001 0 0.023405558 0.0547333057 1
773 564 0 0.0234919955 -0.00116928351 0 0.0235210773 0.0515469973 1
777 564 0 0.0236044674 -0.00110211295 0 0.0236301827 0.0484790543 1
781 564 0 0.0237103862 -0.0010369818 0 0.0237330517 0.0455303935 1
785 564 0 0.0238099596 -0.00097400231 0 0.0238298732 0.0427014574 1
789 564 0 0.0239034055 -0.000913266415 0 0.0239208455 0.0399922338 1
793 564 0 0.0239909498 -0.000854846631 0 0.0240061749 0.0374022769 1
797 564 0 0.0240728248 -0.000798797099 0 0.0240860742 0.0349307315 1
801 564 0 0.0241492672 -0.000745154685 0 0.0241607608 0.0325763576 1
805 564 0 0.0242205166 -0.000693940125 0 0.0242304555 0.0303375575 1
809 564 0 0.0242868138 -0.000645159217 0 0.0242953813 0.0282124029 1
813 564 0 0.0243483996 -0.000598804028 0 0.0243557618 0.0261986638 1
817 564 0 0.0244055134 -0.00055485412 0 0.0244118199 0.0242938371 1
821 564 0 0.024458392 -0.000513277764 0 0.0244637771 0.0224951757 1
825 564 0 0.0245072683 -0.000474033147 0 0.0245118524 0.0207997176 1
829 564 0 0.024552371 -0.00043706955 0 0.0245562609 0.0192043147 1
833 564 0 0.0245939231 -0.000402328497 0 0.0245972137 0.0177056608 1
837 564 0 0.0246321416 -0.000369744862 0 0.0246349165 0.0163003196 1
841 564 0 0.0246672367 -0.000339247922 0 0.0246695694 0.0149847506 1
845 564 0 0.0246994114 -0.000310762367 0 0.0247013663 0.0137553351 1
849 564 0 0.024728861 -0.000284209243 0 0.0247304942 0.0126084002 1
853 564 0 0.024755773 -0.000259506839 0 0.0247571331 0.0115402418 1
857 564 0 0.0247803265 -0.000236571508 0 0.0247814557 0.0105471464 1
861 564 0 0.0248026922 -0.000215318423 0 0.0248036268 0.00962541032 1
253 568 0 0.0247844821 0.00024459847 0 0.024785689 0.0103847498 1
257 568 0 0.0247600521 0.000268741653 0 0.0247615105 0.0113695315 1
261 568 0 0.0247332325 0.000294795842 0 0.0247349893 0.0124292831 1
265 568 0 0.0247038368 0.000322857399 0 0.0247059464 0.0135677356 1
269 568 0 0.0246716691 0.000353021346 0 0.0246741947 0.0147886088 1
273 568 0 0.0246365249 0.000385380506 0 0.0246395389 0.0160955885 1
277 568 0 0.0245981908 0.000420024568 0 0.0246017766 0.0174923029 1
281 568 0 0.024556445 0.000457039085 0 0.0245606978 0.0189822975 1
285 568 0 0.0245110579 0.000496504395 0 0.0245160861 0.0205690085 1
289 568 0 0.0244617926 0.000538494482 0 0.024467719 0.0222557355 1
293 568 0 0.0244084053 0.000583075773 0 0.0244153686 0.0240456126 1
297 568 0 0.0243506464 0.000630305885 0 0.0243588026 0.0259415797 1
301 568 0 0.0242882614 0.000680232315 0 0.024297785 0.0279463522 1
305 568 0 0.0242209916 0.000732891108 0 0.0242320772 0.0300623914 1
309 568 0 0.0241485756 0.000788305481 0 0.0241614389 0.032291874 1
313 568 0 0.0240707504 0.000846484446 0 0.0240856297 0.0346366628 1
317 568 0 0.0239872529 0.000907421417 0 0.0240044103 0.0370982772 1
321 568 0 0.0238978214 0.000971092837 0 0.0239175435 0.0396778651 1
325 568 0 0.0238021973 0.00103745683 0 0.0238247962 0.0423761756 1
329 568 0 0.023700127 0.00110645189 0 0.0237259406 0.0451935334 1
333 568 0 0.0235913636 0.00117799563 0 0.023620756 0.0481298153 1
337 568 0 0.0234756693 0.00125198364 0 0.0235090304 0.0511844288 1
341 568 0 0.023352817 0.00132828837 0 0.0233905625 0.0543562923 1
345 568 0 0.0232225932 0.00140675823 0 0.0232651629 0.0576438197 1
349 568 0 0.0230847999 0.00148721672 0 0.0231326566 0.0610449067 1
353 568 0 0.0229392571 0.00156946181 0 0.0229928842 0.0645569208 1
357 568 0 0.0227858053 0.00165326539 0 0.0228457044 0.0681766955 1
361 568 0 0.022624308 0.00173837305 0 0.0226909949 0.0719005271 1
365 568 0 0.0224546541 0.00182450395 0 0.0225286552 0.0757241765 1
369 568 0 0.0222767606 0.00191135093 0 0.0223586074 0.0796428739 1
373 568 0 0.0220905751 0.00199858097 0 0.0221807987 0.0836513289 1
377 568 0 0.0218960777 0.00208583576 0 0.0219952025 0.0877437437 1
381 568 0 0.0216932844 0.00217273263 0 0.0218018199 0.0919138307 1
385 568 0 0.0214822481 0.00225886573 0 0.0216006819 0.0961548341 1
389 568 0 0.021263062 0.00234380751 0 0.0213918498 0.100459556 1
393 568 0 0.0210358606 0.00242711041 0 0.0211754173 0.104820384 1
397 568 0 0.0208008221 0.00250830896 0 0.020951511 0.109229328 1
401 568 0 0.0205581695 0.00258692206 0 0.020720292 0.113678049 1
405 568 0 0.0203081727 0.00266245557 0 0.0204819567 0.118157907 1
409 568 0 0.0200511489 0.00273440519 0 0.0202367375 0.122659994 1
413 568 0 0.0197874637 0.00280225953 0 0.0199849037 0.127175183 1
417 568 0 0.0195175316 0.00286550351 0 0.0197267622 0.131694171 1
421 568 0 0.0192418162 0.00292362185 0 0.019462658 0.136207526 1
425 568 0 0.0189608302 0.00297610289 0 0.0191929745 0.140705732 1
429 568 0 0.0186751344 0.00302244242 0 0.0189181343 0.14517924 1
433 568 0 0.0183853375 0.00306214777 0 0.0186385993 0.149618512 1
437 568 0 0.018092094 0.0030947419 0 0.0183548711 0.154014068 1
441 568 0 0.0177961031 0.00311976761 0 0.0180674911 0.158356531 1
445 568 0 0.0174981066 0.0031367917 0 0.0177770413 0.162636671 1
449 568 0 0.0171988859 0.0031454092 0 0.0174841435 0.166845444 1
453 568 0 0.0168992598 0.00314524741 0 0.0171894608 0.170974032 1
457 568 0 0.0166000806 0.00313596991 0 0.0168936965 0.175013877 1
461 568 0 0.016302231 0.00311728041 0 0.0165975954 0.178956713 1
465 568 0 0.0160066197 0.00308892634 0 0.0163019429 0.182794597 1
469 568 0 0.0157141775 0.00305070223 0 0.0160075656 0.186519929 1
473 568 0 0.0154258519 0.00300245283 0 0.0157153311 0.190125475 1
477 568 0 0.0151426033 0.00294407583 0 0.0154261471 0.193604383 1
481 568 0 0.0148653986 0.00287552422 0 0.0151409615 0.196950197 1
485 568 0 0.0145952071 0.00279680833 0 0.0148607606 0.200156862 1
489 568 0 0.0143329938 0.00270799731 0 0.0145865678 0.203218731 1
493 568 0 0.0140797145 0.00260922021 0 0.014319441 0.206130564 1
497 568 0 0.0138363099 0.00250066658 0 0.0140604696 0.208887527 1
501 568 0 0.0136036996 0.00238258654 0 0.0138107697 0.211485182 1
505 568 0 0.0133827765 0.00225529032 0 0.013571479 0.213919484 1
509 568 0 0.0131744014 0.00211914727 0 0.013343749 0.216186764 1
513 568 0 0.0129793968 0.00197458442 0 0.0131287366 0.218283719 1
517 568 0 0.0127985421 0.00182208438 0 0.0129275934 0.220207393 1
521 568 0 0.0126325681 0.00166218285 0 0.0127414532 0.221955167 1
525 568 0 0.0124821523 0.00149546554 0 0.0125714177 0.223524735 1
529 568 0 0.0123479139 0.00132256474 0 0.0124185408 0.224914092 1
533 568 0 0.0122304101 0.00114415526 0 0.0122838114 0.226121515 1
537 568 0 0.0121301318 0.000960950157 0 0.0121681356 0.227145547 1
541 568 0 0.0120475005 0.000773695968 0 0.0120723185 0.227984983 1
545 568 0 0.0119828651 0.000583167642 0 0.0119970472 0.228638858 1
549 568 0 0.0119364996 0.000390163212 0 0.0119428744 0.229106431 1
553 568 0 0.0119086011 0.000195498224 0 0.0119102056 0.229387182 1
557 568 0 0.0118992883 -0 0 0.0118992883 0.2294808 1
561 568 0 0.0119086011 -0.000195498224 0 0.0119102056 0.229387182 1
565 568 0 0.0119364996 -0.000390163212 0 0.0119428744 0.229106431 1
569 568 0 0.0119828651 -0.000583167642 0 0.0119970472 0.228638858 1
573 568 0 0.0120475005 -0.000773695968 0 0.0120723185 0.227984983 1
577 568 0 0.0121301318 -0.000960950157 0 0.0121681356 0.227145547 1
581 568 0 0.0122304101 -0.00114415526 0 0.0122838114 0.226121515 1
585 568 0 0.0123479139 -0.00132256474 0 0.0124185408 0.224914092 1
589 568 0 0.0124821523 -0.00149546554 0 0.0125714177 0.223524735 1
593 568 0 0.0126325681 -0.00166218285 0 0.0127414532 0.221955167 1
597 568 0 0.0127985421 -0.00182208438 0 0.0129275934 0.220207393 1
601 568 0 0.0129793968 -0.00197458442 0 0.0131287366 0.218283719 1
605 568 0 0.0131744014 -0.00211914727 0 0.013343749 0.216186764 1
609 568 0 0.0133827765 -0.00225529032 0 0.013571479 0.213919484 1
613 568 0 0.0136036996 -0.00238258654 0 0.0138107697 0.211485182 1
617 568 0 0.0138363099 -0.00250066658 0 0.0140604696 0.208887527 1
621 568 0 0.0140797145 -0.00260922021 0 0.014319441 0.206130564 1
625 568 0 0.0143329938 -0.00270799731 0 0.0145865678 0.203218731 1
629 568 0 0.0145952071 -0.00279680833 0 0.0148607606 0.200156862 1
633 568 0 0.0148653986 -0.00287552422 0 0.0151409615 0.196950197 1
637 568 0 0.0151426033 -0.00294407583 0 0.0154261471 0.193604383 1
641 568 0 0.0154258519 -0.00300245283 0 0.0157153311 0.190125475 1
645 568 0 0.0157141775 -0.00305070223 0 0.0160075656 0.186519929 1
649 568 0 0.0160066197 -0.00308892634 0 0.0163019429 0.182794597 1
653 568 0 0.016302231 -0.00311728041 0 0.0165975954 0.178956713 1
657 568 0 0.0166000806 -0.00313596991 0 0.0168936965 0.175013877 1
661 568 0 0.0168992598 -0.00314524741 0 0.0171894608 0.170974032 1
665 568 0 0.0171988859 -0.0031454092 0 0.0174841435 0.166845444 1
669 568 0 0.0174981066 -0.0031367917 0 0.0177770413 0.162636671 1
673 568 0 0.0177961031 -0.00311976761 0 0.0180674911 0.158356531 1
677 568 0 0.018092094 -0.0030947419 0 0.0183548711 0.154014068 1
681 568 0 0.0183853375 -0.00306214777 0 0.0186385993 0.149618512 1
685 568 0 0.0186751344 -0.00302244242 0 0.0189181343 0.14517924 1
689 568 0 0.0189608302 -0.00297610289 0 0.0191929745 0.140705732 1
693 568 0 0.0192418162 -0.00292362185 0 0.019462658 0.136207526 1
697 568 0 0.0195175316 -0.00286550351 0 0.0197267622 0.131694171 1
701 568 0 0.0197874637 -0.00280225953 0 0.0199849037 0.127175183 1
705 568 0 0.0200511489 -0.00273440519 0 0.0202367375 0.122659994 1
709 568 0 0.0203081727 -0.00266245557 0 0.0204819567 0.118157907 1
713 568 0 0.0205581695 -0.00258692206 0 0.020720292 0.113678049 1
717 568 0 0.0208008221 -0.00250830896 0 0.020951511 0.109229328 1
721 568 0 0.0210358606 -0.00242711041 0 0.0211754173 0.104820384 1
725 568 0 0.021263062 -0.00234380751 0 0.0213918498 0.100459556 1
729 568 0 0.0214822481 -0.00225886573 0 0.0216006819 0.0961548341 1
733 568 0 0.0216932844 -0.00217273263 0 0.0218018199 0.0919138307 1
737 568 0 0.0218960777 -0.00208583576 0 0.0219952025 0.0877437437 1
741 568 0 0.0220905751 -0.00199858097 0 0.0221807987 0.0836513289 1
745 568 0 0.0222767606 -0.00191135093 0 0.0223586074 0.0796428739 1
749 568 0 0.0224546541 -0.00182450395 0 0.0225286552 0.0757241765 1
753 568 0 0.022624308 -0.00173837305 0 0.0226909949 0.0719005271 1
757 568 0 0.0227858053 -0.00165326539 0 0.0228457044 0.0681766955 1
761 568 0 0.0229392571 -0.00156946181 0 0.0229928842 0.0645569208 1
765 568 0 0.0230847999 -0.00148721672 0 0.0231326566 0.0610449067 1
769 568 0 0.0232225932 -0.00140675823 0 0.0232651629 0.0576438197 1
773 568 0 0.023352817 -0.00132828837 0 0.0233905625 0.0543562923 1
777 568 0 0.0234756693 -0.00125198364 0 0.0235090304 0.0511844288 1
781 568 0 0.0235913636 -0.00117799563 0 0.023620756 0.0481298153 1
785 568 0 0.023700127 -0.00110645189 0 0.0237259406 0.0451935334 1
789 568 0 0.0238021973 -0.00103745683 0 0.0238247962 0.0423761756 1
793 568 0 0.0238978214 -0.000971092837 0 0.0239175435 0.0396778651 1
797 568 0 0.0239872529 -0.000907421417 0 0.0240044103 0.0370982772 1
801 568 0 0.0240707504 -0.000846484446 0 0.0240856297 0.0346366628 1
805 568 0 0.0241485756 -0.000788305481 0 0.0241614389 0.032291874 1
809 568 0 0.0242209916 -0.000732891108 0 0.0242320772 0.0300623914 1
813 568 0 0.0242882614 -0.000680232315 0 0.024297785 0.0279463522 1
817 568 0 0.0243506464 -0.000630305885 0 0.0243588026 0.0259415797 1
821 568 0 0.0244084053 -0.000583075773 0 0.0244153686 0.0240456126 1
825 568 0 0.0244617926 -0.000538494482 0 0.024467719 0.0222557355 1
829 568 0 0.0245110579 -0.000496504395 0 0.0245160861 0.0205690085 1
833 568 0 0.024556445 -0.000457039085 0 0.0245606978 0.0189822975 1
837 568 0 0.0245981908 -0.000420024568 0 0.0246017766 0.0174923029 1
841 568 0 0.0246365249 -0.000385380506 0 0.0246395389 0.0160955885 1
845 568 0 0.0246716691 -0.000353021346 0 0.0246741947 0.0147886088 1
849 568 0 0.0247038368 -0.000322857399 0 0.0247059464 0.0135677356 1
853 568 0 0.0247332325 -0.000294795842 0 0.0247349893 0.0124292831 1
857 568 0 0.0247600521 -0.000268741653 0 0.0247615105 0.0113695315 1
861 568 0 0.0247844821 -0.00024459847 0 0.024785689 0.0103847498 1
253 572 0 0.0247661401 0.000276474328 0 0.0247676833 0.0111412514 1
257 572 0 0.024739631 0.000303763829 0 0.0247414958 0.0121867155 1
261 572 0 0.0247105289 0.000333213377 0 0.0247127755 0.013310302 1
265 572 0 0.0246786314 0.000364931891 0 0.0246813294 0.0145157115 1
269 572 0 0.0246437261 0.000399026778 0 0.0246469564 0.0158066066 1
273 572 0 0.0246055909 0.000435602954 0 0.0246094464 0.0171865865 1
277 572 0 0.0245639943 0.0004747618 0 0.0245685818 0.0186591615 1
281 572 0 0.0245186956 0.000516600016 0 0.0245241373 0.020227725 1
285 572 0 0.0244694458 0.000561208411 0 0.0244758807 0.0218955252 1
289 572 0 0.0244159877 0.000608670609 0 0.0244235733 0.0236656353 1
293 572 0 0.0243580568 0.000659061695 0 0.0243669714 0.0255409232 1
297 572 0 0.0242953823 0.000712446793 0 0.0243058261 0.0275240205 1
301 572 0 0.0242276879 0.000768879592 0 0.0242398853 0.0296172915 1
305 572 0 0.024154693 0.000828400832 0 0.0241688941 0.0318228019 1
309 572 0 0.024076114 0.000891036758 0 0.0240925966 0.0341422884 1
313 572 0 0.0239916653 0.000956797554 0 0.0240107365 0.0365771281 1
317 572 0 0.0239010617 0.00102567578 0 0.0239230592 0.0391283099 1
321 572 0 0.023804019 0.0010976448 0 0.0238293127 0.0417964064 1
325 572 0 0.0237002567 0.00117265729 0 0.0237292497 0.0445815483 1
329 572 0 0.0235894996 0.00125064372 0 0.023622629 0.0474834002 1
333 572 0 0.0234714797 0.00133151098 0 0.023509217 0.0505011394 1
337 572 0 0.023345939 0.00141514104 0 0.0233887899 0.0536334371 1
341 572 0 0.0232126313 0.00150138974 0 0.0232611354 0.0568784425 1
345 572 0 0.0230713246 0.00159008573 0 0.0231260544 0.0602337712 1
349 572 0 0.0229218042 0.0016810295 0 0.0229833628 0.0636964963 1
353 572 0 0.0227638748 0.00177399269 0 0.0228328939 0.067263144 1
357 572 0 0.0225973632 0.00186871748 0 0.0226744996 0.0709296933 1
361 572 0 0.0224221215 0.0019649163 0 0.0225080525 0.0746915798 1
365 572 0 0.022238029 0.00206227169 0 0.022333448 0.0785437043 1
369 572 0 0.0220449957 0.0021604365 0 0.0221506054 0.0824804458 1
373 572 0 0.0218429645 0.00225903428 0 0.0219594703 0.0864956788 1
377 572 0 0.0216319142 0.00235766004 0 0.0217600155 0.0905827956 1
381 572 0 0.0214118618 0.00245588123 0 0.021552243 0.0947347326 1
385 572 0 0.0211828651 0.00255323913 0 0.0213361853 0.0989440011 1
389 572 0 0.0209450248 0.00264925044 0 0.0211119064 0.103202722 1
393 572 0 0.0206984872 0.0027434093 0 0.0208795035 0.107502665 1
397 572 0 0.0204434453 0.00283518958 0 0.0206391075 0.11183529 1
401 572 0 0.0201801415 0.00292404746 0 0.0203908844 0.116191792 1
405 572 0 0.0199088684 0.00300942444 0 0.0201350361 0.12056315 1
409 572 0 0.0196299702 0.00309075046 0 0.0198718009 0.124940173 1
413 572 0 0.0193438437 0.00316744753 0 0.0196014544 0.129313559 1
417 572 0 0.0190509386 0.0032389334 0 0.0193243099 0.13367394 1
421 572 0 0.0187517582 0.00330462568 0 0.0190407191 0.138011937 1
425 572 0 0.0184468584 0.003363946 0 0.0187510725 0.142318216 1
429 572 0 0.0181368482 0.00341632446 0 0.0184557995 0.146583535 1
433 572 0 0.0178223877 0.00346120417 0 0.0181553694 0.1507988 1
437 572 0 0.0175041873 0.00349804594 0 0.0178502912 0.154955107 1
441 572 0 0.0171830057 0.00352633298 0 0.0175411148 0.159043794 1
445 572 0 0.0168596478 0.00354557564 0 0.0172284308 0.163056481 1
449 572 0 0.0165349615 0.00355531616 0 0.0169128716 0.166985111 1
453 572 0 0.0162098353 0.00355513329 0 0.0165951117 0.170821984 1
457 572 0 0.0158851941 0.00354464675 0 0.016275869 0.174559787 1
461 572 0 0.0155619956 0.00352352165 0 0.0159559052 0.178191621 1
465 572 0 0.0152412259 0.0034914725 0 0.0156360273 0.181711024 1
469 572 0 0.0149238949 0.00344826706 0 0.015317088 0.185111982 1
473 572 0 0.0146110311 0.00339372985 0 0.0149999877 0.188388945 1
477 572 0 0.0143036761 0.0033277452 0 0.0146856746 0.191536826 1
481 572 0 0.0140028797 0.00325026001 0 0.0143751462 0.194551006 1
485 572 0 0.0137096931 0.00316128594 0 0.0140694496 0.197427325 1
489 572 0 0.0134251638 0.00306090114 0 0.0137696818 0.200162071 1
493 572 0 0.0131503288 0.00294925149 0 0.013476989 0.20275197 1
497 572 0 0.0128862089 0.00282655125 0 0.013192565 0.205194161 1
501 572 0 0.012633802 0.00269308312 0 0.0129176487 0.207486177 1
505 572 0 0.012394077 0.00254919777 0 0.0126535194 0.209625917 1
509 572 0 0.0121679678 0.00239531268 0 0.0124014903 0.211611618 1
513 572 0 0.0119563671 0.00223191053 0 0.0121629001 0.213441823 1
517 572 0 0.0117601205 0.00205953681 0 0.0119391007 0.215115351 1
521 572 0 0.0115800211 0.00187879705 0 0.0117314435 0.216631264 1
525 572 0 0.0114168039 0.0016903533 0 0.011541261 0.217988833 1
529 572 0 0.0112711409 0.00149492021 0 0.0113698463 0.219187506 1
533 572 0 0.0111436368 0.00129326056 0 0.0112184297 0.220226878 1
537 572 0 0.0110348242 0.00108618034 0 0.0110881529 0.221106662 1
541 572 0 0.0109451605 0.000874523346 0 0.0109800423 0.221826664 1
545 572 0 0.0108750242 0.000659165536 0 0.0108949828 0.222386758 1
549 572 0 0.0108247127 0.000441008938 0 0.0108336925 0.222786865 1
553 572 0 0.0107944398 0.000220975381 0 0.0107967014 0.223026944 1
557 572 0 0.0107843345 -0 0 0.0107843345 0.223106973 1
561 572 0 0.0107944398 -0.000220975381 0 0.0107967014 0.223026944 1
565 572 0 0.0108247127 -0.000441008938 0 0.0108336925 0.222786865 1
569 572 0 0.0108750242 -0.000659165536 0 0.0108949828 0.222386758 1
573 572 0 0.0109451605 -0.000874523346 0 0.0109800423 0.221826664 1
577 572 0 0.0110348242 -0.00108618034 0 0.0110881529 0.221106662 1
581 572 0 0.0111436368 -0.00129326056 0 0.0112184297 0.220226878 1
585 572 0 0.0112711409 -0.00149492021 0 0.0113698463 0.219187506 1
589 572 0 0.0114168039 -0.0016903533 0 0.011541261 0.217988833 1
593 572 0 0.0115800211 -0.00187879705 0 0.0117314435 0.216631264 1
597 572 0 0.0117601205 -0.00205953681 0 0.0119391007 0.215115351 1
601 572 0 0.0119563671 -0.00223191053 0 0.0121629001 0.213441823 1
605 572 0 0.0121679678 -0.00239531268 0 0.0124014903 0.211611618 1
609 572 0 0.012394077 -0.00254919777 0 0.0126535194 0.209625917 1
613 572 0 0.012633802 -0.00269308312 0 0.0129176487 0.207486177 1
617 572 0 0.0128862089 -0.00282655125 0 0.013192565 0.205194161 1
621 572 0 0.0131503288 -0.00294925149 0 0.013476989 0.20275197 1
625 572 0 0.0134251638 -0.00306090114 0 0.0137696818 0.200162071 1
629 572 0 0.0137096931 -0.00316128594 0 0.0140694496 0.197427325 1
633 572 0 0.0140028797 -0.00325026001 0 0.0143751462 0.194551006 1
637 572 0 0.0143036761 -0.0033277452 0 0.0146856746 0.191536826 1
641 572 0 0.0146110311 -0.00339372985 0 0.0149999877 0.188388945 1
645 572 0 0.0149238949 -0.00344826706 0 0.015317088 0.185111982 1
649 572 0 0.0152412259 -0.0034914725 0 0.0156360273 0.181711024 1
653 572 0 0.0155619956 -0.00352352165 0 0.0159559052 0.178191621 1
657 572 0 0.0158851941 -0.00354464675 0 0.016275869 0.174559787 1
661 572 0 0.0162098353 -0.00355513329 0 0.0165951117 0.170821984 1
665 572 0 0.0165349615 -0.00355531616 0 0.0169128716 0.166985111 1
669 572 0 0.0168596478 -0.00354557564 0 0.0172284308 0.163056481 1
673 572 0 0.0171830057 -0.00352633298 0 0.0175411148 0.159043794 1
677 572 0 0.0175041873 -0.00349804594 0 0.0178502912 0.154955107 1
681 572 0 0.0178223877 -0.00346120417 0 0.0181553694 0.1507988 1
685 572 0 0.0181368482 -0.00341632446 0 0.0184557995 0.146583535 1
689 572 0 0.0184468584 -0.003363946 0 0.0187510725 0.142318216 1
693 572 0 0.0187517582 -0.00330462568 0 0.0190407191 0.138011937 1
697 572 0 0.0190509386 -0.0032389334 0 0.0193243099 0.13367394 1
701 572 0 0.0193438437 -0.00316744753 0 0.0196014544 0.129313559 1
705 572 0 0.0196299702 -0.00309075046 0 0.0198718009 0.124940173 1
709 572 0 0.0199088684 -0.00300942444 0 0.0201350361 0.12056315 1
713 572 0 0.0201801415 -0.00292404746 0 0.0203908844 0.116191792 1
717 572 0 0.0204434453 -0.00283518958 0 0.0206391075 0.11183529 1
721 572 0 0.0206984872 -0.0027434093 0 0.0208795035 0.107502665 1
725 572 0 0.0209450248 -0.00264925044 0 0.0211119064 0.103202722 1
729 572 0 0.0211828651 -0.00255323913 0 0.0213361853 0.0989440011 1
733 572 0 0.0214118618 -0.00245588123 0 0.021552243 0.0947347326 1
737 572 0 0.0216319142 -0.00235766004 0 0.0217600155 0.0905827956 1
741 572 0 0.0218429645 -0.00225903428 0 0.0219594703 0.0864956788 1
745 572 0 0.0220449957 -0.0021604365 0 0.0221506054 0.0824804458 1
749 572 0 0.022238029 -0.00206227169 0 0.022333448 0.0785437043 1
753 572 0 0.0224221215 -0.0019649163 0 0.0225080525 0.0746915798 1
757 572 0 0.0225973632 -0.00186871748 0 0.0226744996 0.0709296933 1
761 572 0 0.0227638748 -0.00177399269 0 0.0228328939 0.067263144 1
765 572 0 0.0229218042 -0.0016810295 0 0.0229833628 0.0636964963 1
769 572 0 0.0230713246 -0.00159008573 0 0.0231260544 0.0602337712 1
773 572 0 0.0232126313 -0.00150138974 0 0.0232611354 0.0568784425 1
777 572 0 0.023345939 -0.00141514104 0 0.0233887899 0.0536334371 1
781 572 0 0.0234714797 -0.00133151098 0 0.023509217 0.0505011394 1
785 572 0 0.0235894996 -0.00125064372 0 0.023622629 0.0474834002 1
789 572 0 0.0237002567 -0.00117265729 0 0.0237292497 0.0445815483 1
793 572 0 0.023804019 -0.0010976448 0 0.0238293127 0.0417964064 1
797 572 0 0.0239010617 -0.00102567578 0 0.0239230592 0.0391283099 1
801 572 0 0.0239916653 -0.000956797554 0 0.0240107365 0.0365771281 1
805 572 0 0.024076114 -0.000891036758 0 0.0240925966 0.0341422884 1
809 572 0 0.024154693 -0.000828400832 0 0.0241688941 0.0318228019 1
813 572 0 0.0242276879 -0.000768879592 0 0.0242398853 0.0296172915 1
817 572 0 0.0242953823 -0.000712446793 0 0.0243058261 0.0275240205 1
821 572 0 0.0243580568 -0.000659061695 0 0.0243669714 0.0255409232 1
825 572 0 0.0244159877 -0.000608670609 0 0.0244235733 0.0236656353 1
829 572 0 0.0244694458 -0.000561208411 0 0.0244758807 0.0218955252 1
833 572 0 0.0245186956 -0.000516600016 0 0.0245241373 0.020227725 1
837 572 0 0.0245639943 -0.0004747618 0 0.0245685818 0.0186591615 1
841 572 0 0.0246055909 -0.000435602954 0 0.0246094464 0.0171865865 1
845 572 0 0.0246437261 -0.000399026778 0 0.0246469564 0.0158066066 1
849 572 0 0.0246786314 -0.000364931891 0 0.0246813294 0.0145157115 1
853 572 0 0.0247105289 -0.000333213377 0 0.0247127755 0.013310302 1
857 572 0 0.024739631 -0.000303763829 0 0.0247414958 0.0121867155 1
861 572 0 0.0247661401 -0.000276474328 0 0.0247676833 0.0111412514 1
253 576 0 0.0247479412 0.000310945598 0 0.0247498945 0.0118865149 1
257 576 0 0.0247193691 0.000341637598 0 0.0247217298 0.0129893462 1
261 576 0 0.0246880023 0.000374758964 0 0.0246908465 0.0141729015 1
265 576 0 0.0246536225 0.000410432195 0 0.0246570387 0.0154407856 1
269 576 0 0.0246160009 0.000448778087 0 0.0246200914 0.0167965328 1
273 576 0 0.024574898 0.000489914641 0 0.0245797809 0.0182435798 1
277 576 0 0.0245300643 0.000533955875 0 0.0245358751 0.019785237 1
281 576 0 0.0244812406 0.000581010548 0 0.0244881341 0.0214246587 1
285 576 0 0.0244281582 0.00063118079 0 0.0244363111 0.023164812 1
289 576 0 0.0243705399 0.000684560652 0 0.0243801526 0.0250084452 1
293 576 0 0.0243081008 0.000741234582 0 0.0243193996 0.026958056 1
297 576 0 0.024240549 0.00080127582 0 0.0242537886 0.0290158582 1
301 576 0 0.0241675867 0.000864744753 0 0.0241830525 0.0311837504 1
305 576 0 0.0240889113 0.000931687198 0 0.024106922 0.0334632834 1
309 576 0 0.0240042172 0.00100213267 0 0.0240251268 0.0358556291 1
313 576 0 0.0239131968 0.00107609263 0 0.0239373967 0.0383615508 1
317 576 0 0.0238155424 0.00115355871 0 0.0238434636 0.0409813746 1
321 576 0 0.0237109479 0.00123450094 0 0.023743063 0.0437149629 1
325 576 0 0.0235991108 0.00131886611 0 0.0236359353 0.0465616901 1
329 576 0 0.0234797346 0.00140657602 0 0.023521828 0.0495204212 1
333 576 0 0.0233525305 0.00149752594 0 0.0234004971 0.0525894936 1
337 576 0 0.0232172202 0.00159158313 0 0.0232717092 0.0557667017 1
341 576 0 0.0230735384 0.00168858546 0 0.0231352436 0.0590492865 1
345 576 0 0.0229212353 0.00178834021 0 0.0229908936 0.0624339278 1
349 576 0 0.0227600792 0.001890623 0 0.0228384689 0.0659167425 1
353 576 0 0.0225898597 0.00199517699 0 0.0226777974 0.0694932859 1
357 576 0 0.0224103903 0.00210171222 0 0.0225087269 0.0731585591 1
361 576 0 0.0222215112 0.00220990527 0 0.0223311272 0.0769070209 1
365 576 0 0.0220230927 0.00231939909 0 0.0221448916 0.0807326046 1
369 576 0 0.0218150375 0.00242980325 0 0.0219499386 0.0846287403 1
373 576 0 0.0215972843 0.00254069436 0 0.0217462139 0.0885883817 1
377 576 0 0.0213698101 0.00265161694 0 0.0215336912 0.0926040387 1
381 576 0 0.0211326333 0.00276208451 0 0.0213123744 0.0966678138 1
385 576 0 0.0208858161 0.00287158115 0 0.021082298 0.100771444 1
389 576 0 0.0206294671 0.0029795633 0 0.0208435292 0.104906345 1
393 576 0 0.0203637439 0.00308546204 0 0.0205961681 0.109063662 1
397 576 0 0.0200888547 0.00318868563 0 0.0203403491 0.113234323 1
401 576 0 0.0198050607 0.00328862247 0 0.0200762413 0.117409092 1
405 576 0 0.0195126771 0.00338464438 0 0.0198040497 0.121578628 1
409 576 0 0.0192120751 0.00347611027 0 0.0195240153 0.125733544 1
413 576 0 0.0189036822 0.00356237005 0 0.0192364155 0.129864468 1
417 576 0 0.0185879833 0.0036427689 0 0.0189415651 0.133962103 1
421 576 0 0.0182655206 0.0037166518 0 0.0186398161 0.138017288 1
425 576 0 0.0179368936 0.00378336827 0 0.0183315583 0.142021053 1
429 576 0 0.0176027584 0.00384227736 0 0.0180172195 0.145964682 1
433 576 0 0.0172638266 0.00389275275 0 0.0176972663 0.149839762 1
437 576 0 0.0169208639 0.00393418801 0 0.017372204 0.153638238 1
441 576 0 0.016574688 0.00396600192 0 0.0170425777 0.157352456 1
445 576 0 0.0162261664 0.00398764379 0 0.016708973 0.160975206 1
449 576 0 0.0158762131 0.00399859878 0 0.0163720168 0.164499762 1
453 576 0 0.0155257856 0.0039983931 0 0.0160323787 0.167919908 1
457 576 0 0.0151758808 0.00398659909 0 0.0156907722 0.171229968 1
461 576 0 0.0148275311 0.00396284007 0 0.0153479568 0.174424819 1
465 576 0 0.0144817992 0.00392679498 0 0.0150047401 0.177499907 1
469 576 0 0.0141397735 0.00387820262 0 0.0146619798 0.18045125 1
473 576 0 0.0138025626 0.00381686562 0 0.0143205865 0.183275436 1
477 576 0 0.0134712893 0.0037426539 0 0.0139815269 0.185969613 1
481 576 0 0.0131470849 0.00365550773 0 0.0136458264 0.188531475 1
485 576 0 0.0128310826 0.00355544022 0 0.0133145723 0.190959237 1
489 576 0 0.0125244112 0.00344253928 0 0.0129889166 0.193251611 1
493 576 0 0.0122281887 0.00331696897 0 0.0126700782 0.195407767 1
497 576 0 0.011943515 0.00317897027 0 0.0123593447 0.197427299 1
501 576 0 0.0116714657 0.00302886112 0 0.0120580725 0.199310179 1
505 576 0 0.0114130854 0.0028670359 0 0.0117676851 0.201056712 1
509 576 0 0.0111693804 0.00269396417 0 0.0114896693 0.202667486 1
513 576 0 0.0109413129 0.00251018877 0 0.0112255679 0.20414332 1
517 576 0 0.0107297944 0.00231632322 0 0.0109769687 0.205485215 1
521 576 0 0.0105356797 0.00211304853 0 0.0107454884 0.206694299 1
525 576 0 0.010359761 0.0019011093 0 0.0105327519 0.207771774 1
529 576 0 0.0102027626 0.0016813093 0 0.0103403658 0.20871887 1
533 576 0 0.0100653361 0.0014545064 0 0.0101698859 0.209536798 1
537 576 0 0.00994805573 0.00122160707 0 0.0100227809 0.2102267 1
541 576 0 0.00985141437 0.000983560343 0 0.00990039171 0.210789617 1
545 576 0 0.00977582008 0.00074135137 0 0.00980389005 0.21122645 1
549 576 0 0.00972159332 0.000495994652 0 0.00973423789 0.21153793 1
553 576 0 0.0096889646 0.000248526951 0 0.00969215149 0.211724597 1
557 576 0 0.00967807288 -0 0 0.00967807288 0.211786783 1
561 576 0 0.0096889646 -0.000248526951 0 0.00969215149 0.211724597 1
565 576 0 0.00972159332 -0.000495994652 0 0.00973423789 0.21153793 1
569 576 0 0.00977582008 -0.00074135137 0 0.00980389005 0.21122645 1
573 576 0 0.00985141437 -0.000983560343 0 0.00990039171 0.210789617 1
577 576 0 0.00994805573 -0.00122160707 0 0.0100227809 0.2102267 1
581 576 0 0.0100653361 -0.0014545064 0 0.0101698859 0.209536798 1
585 576 0 0.0102027626 -0.0016813093 0 0.0103403658 0.20871887 1
589 576 0 0.010359761 -0.0019011093 0 0.0105327519 0.207771774 1
593 576 0 0.0105356797 -0.00211304853 0 0.0107454884 0.206694299 1
597 576 0 0.0107297944 -0.00231632322 0 0.0109769687 0.205485215 1
601 576 0 0.0109413129 -0.00251018877 0 0.0112255679 0.20414332 1
605 576 0 0.0111693804 -0.00269396417 0 0.0114896693 0.202667486 1
609 576 0 0.0114130854 -0.0028670359 0 0.0117676851 0.201056712 1
613 576 0 0.0116714657 -0.00302886112 0 0.0120580725 0.199310179 1
617 576 0 0.011943515 -0.00317897027 0 0.0123593447 0.197427299 1
621 576 0 0.0122281887 -0.00331696897 0 0.0126700782 0.195407767 1
625 576 0 0.0125244112 -0.00344253928 0 0.0129889166 0.193251611 1
629 576 0 0.0128310826 -0.00355544022 0 0.0133145723 0.190959237 1
633 576 0 0.0131470849 -0.00365550773 0 0.0136458264 0.188531475 1
637 576 0 0.0134712893 -0.0037426539 0 0.0139815269 0.185969613 1
641 576 0 0.0138025626 -0.00381686562 0 0.0143205865 0.183275436 1
645 576 0 0.0141397735 -0.00387820262 0 0.0146619798 0.18045125 1
649 576 0 0.0144817992 -0.00392679498 0 0.0150047401 0.177499907 1
653 576 0 0.0148275311 -0.00396284007 0 0.0153479568 0.174424819 1
657 576 0 0.0151758808 -0.00398659909 0 0.0156907722 0.171229968 1
661 576 0 0.0155257856 -0.0039983931 0 0.0160323787 0.167919908 1
665 576 0 0.0158762131 -0.00399859878 0 0.0163720168 0.164499762 1
669 576 0 0.0162261664 -0.00398764379 0 0.016708973 0.160975206 1
673 576 0 0.016574688 -0.00396600192 0 0.0170425777 0.157352456 1
677 576 0 0.0169208639 -0.00393418801 0 0.017372204 0.153638238 1
681 576 0 0.0172638266 -0.00389275275 0 0.0176972663 0.149839762 1
685 576 0 0.0176027584 -0.00384227736 0 0.0180172195 0.145964682 1
689 576 0 0.0179368936 -0.00378336827 0 0.0183315583 0.142021053 1
693 576 0 0.0182655206 -0.0037166518 0 0.0186398161 0.138017288 1
697 576 0 0.0185879833 -0.0036427689 0 0.0189415651 0.133962103 1
701 576 0 0.0189036822 -0.00356237005 0 0.0192364155 0.129864468 1
705 576 0 0.0192120751 -0.00347611027 0 0.0195240153 0.125733544 1
709 576 0 0.0195126771 -0.00338464438 0 0.0198040497 0.121578628 1
713 576 0 0.0198050607 -0.00328862247 0 0.0200762413 0.117409092 1
717 576 0 0.0200888547 -0.00318868563 0 0.0203403491 0.113234323 1
721 576 0 0.0203637439 -0.00308546204 0 0.0205961681 0.109063662 1
725 576 0 0.0206294671 -0.0029795633 0 0.0208435292 0.104906345 1
729 576 0 0.0208858161 -0.00287158115 0 0.021082298 0.100771444 1
733 576 0 0.0211326333 -0.00276208451 0 0.0213123744 0.0966678138 1
737 576 0 0.0213698101 -0.00265161694 0 0.0215336912 0.0926040387 1
741 576 0 0.0215972843 -0.00254069436 0 0.0217462139 0.0885883817 1
745 576 0 0.0218150375 -0.00242980325 0 0.0219499386 0.0846287403 1
749 576 0 0.0220230927 -0.00231939909 0 0.0221448916 0.0807326046 1
753 576 0 0.0222215112 -0.00220990527 0 0.0223311272 0.0769070209 1
757 576 0 0.0224103903 -0.00210171222 0 0.0225087269 0.0731585591 1
761 576 0 0.0225898597 -0.00199517699 0 0.0226777974 0.0694932859 1
765 576 0 0.0227600792 -0.001890623 0 0.0228384689 0.0659167425 1
769 576 0 0.0229212353 -0.00178834021 0 0.0229908936 0.0624339278 1
773 576 0 0.0230735384 -0.00168858546 0 0.0231352436 0.0590492865 1
777 576 0 0.0232172202 -0.00159158313 0 0.0232717092 0.0557667017 1
781 576 0 0.0233525305 -0.00149752594 0 0.0234004971 0.0525894936 1
785 576 0 0.0234797346 -0.00140657602 0 0.023521828 0.0495204212 1
789 576 0 0.0235991108 -0.00131886611 0 0.0236359353 0.0465616901 1
793 576 0 0.0237109479 -0.00123450094 0 0.023743063 0.0437149629 1
797 576 0 0.0238155424 -0.00115355871 0 0.0238434636 0.0409813746 1
801 576 0 0.0239131968 -0.00107609263 0 0.0239373967 0.0383615508 1
805 576 0 0.0240042172 -0.00100213267 0 0.0240251268 0.0358556291 1
809 576 0 0.0240889113 -0.000931687198 0 0.024106922 0.0334632834 1
813 576 0 0.0241675867 -0.000864744753 0 0.0241830525 0.0311837504 1
817 576 0 0.024240549 -0.00080127582 0 0.0242537886 0.0290158582 1
821 576 0 0.0243081008 -0.000741234582 0 0.0243193996 0.026958056 1
825 576 0 0.0243705399 -0.000684560652 0 0.0243801526 0.0250084452 1
829 576 0 0.0244281582 -0.00063118079 0 0.0244363111 0.023164812 1
833 576 0 0.0244812406 -0.000581010548 0 0.0244881341 0.0214246587 1
837 576 0 0.0245300643 -0.000533955875 0 0.0245358751 0.019785237 1
841 576 0 0.024574898 -0.000489914641 0 0.0245797809 0.0182435798 1
845 576 0 0.0246160009 -0.000448778087 0 0.0246200914 0.0167965328 1
849 576 0 0.0246536225 -0.000410432195 0 0.0246570387 0.0154407856 1
853 576 0 0.0246880023 -0.000374758964 0 0.0246908465 0.0141729015 1
857 576 0 0.0247193691 -0.000341637598 0 0.0247217298 0.0129893462 1
861 576 0 0.0247479412 -0.000310945598 0 0.0247498945 0.0118865149 1
253 580 0 0.024730192 0.000347970592 0 0.0247326399 0.012612019 1
257 580 0 0.0246996079 0.000382317158 0 0.0247025667 0.0137679691 1
261 580 0 0.0246660324 0.000419382359 0 0.0246695974 0.0150066064 1
265 580 0 0.0246292317 0.000459303282 0 0.024633514 0.0163313676 1
269 580 0 0.0245889609 0.000502215106 0 0.024594089 0.0177455815 1
273 580 0 0.0245449636 0.000548249883 0 0.0245510859 0.0192524387 1
277 580 0 0.0244969729 0.000597535207 0 0.0245042594 0.020854961 1
281 580 0 0.0244447111 0.000650192786 0 0.0244533567 0.0225559685 1
285 580 0 0.0243878908 0.000706336911 0 0.0243981173 0.0243580465 1
289 580 0 0.0243262153 0.000766072834 0 0.0243382747 0.0262635122 1
293 580 0 0.0242593794 0.000829495056 0 0.0242735566 0.0282743803 1
297 580 0 0.0241870708 0.000896685541 0 0.0242036865 0.0303923298 1
301 580 0 0.0241089707 0.000967711862 0 0.0241283844 0.03261867 1
305 580 0 0.0240247553 0.0010426253 0 0.0240473685 0.0349543086 1
309 580 0 0.0239340973 0.00112145887 0 0.0239603565 0.0373997203 1
313 580 0 0.0238366675 0.00120422541 0 0.0238670668 0.0399549175 1
317 580 0 0.0237321365 0.00129091554 0 0.0237672204 0.042619423 1
321 580 0 0.0236201768 0.00138149576 0 0.0236605427 0.0453922451 1
325 580 0 0.0235004645 0.00147590648 0 0.0235467648 0.0482718559 1
329 580 0 0.0233726821 0.0015740602 0 0.0234256256 0.0512561736 1
333 580 0 0.0232365207 0.00167583974 0 0.0232968739 0.0543425473 1
337 580 0 0.0230916823 0.00178109653 0 0.0231602698 0.0575277473 1
341 580 0 0.0229378829 0.00188964915 0 0.023015587 0.0608079597 1
345 580 0 0.022774855 0.00200128191 0 0.0228626147 0.0641787854 1
349 580 0 0.0226023508 0.00211574374 0 0.0227011593 0.0676352448 1
353 580 0 0.022420145 0.00223274721 0 0.0225310467 0.0711717881 1
357 580 0 0.0222280379 0.00235196784 0 0.0223521234 0.0747823108 1
361 580 0 0.0220258586 0.00247304367 0 0.0221642593 0.0784601746 1
365 580 0 0.021813468 0.00259557517 0 0.0219673484 0.0821982351 1
369 580 0 0.0215907622 0.0027191254 0 0.021761311 0.0859888743 1
373 580 0 0.0213576755 0.00284322057 0 0.0215460949 0.0898240388 1
377 580 0 0.0211141833 0.00296735095 0 0.0213216769 0.0936952837 1
381 580 0 0.0208603052 0.00309097214 0 0.0210880639 0.0975938215 1
385 580 0 0.0205961078 0.00321350679 0 0.020845294 0.101510575 1
389 580 0 0.0203217075 0.00333434663 0 0.0205934374 0.105436237 1
393 580 0 0.0200372729 0.00345285497 0 0.0203325973 0.109361328 1
397 580 0 0.0197430269 0.00356836963 0 0.0200629104 0.113276265 1
401 580 0 0.0194392489 0.00368020617 0 0.0197845474 0.117171429 1
405 580 0 0.0191262766 0.00378766163 0 0.0194977137 0.121037227 1
409 580 0 0.0188045071 0.00389001856 0 0.0192026491 0.124864172 1
413 580 0 0.0184743982 0.00398654949 0 0.0188996287 0.128642946 1
417 580 0 0.0181364687 0.00407652161 0 0.0185889625 0.132364472 1
421 580 0 0.0177912992 0.00415920192 0 0.0182709958 0.13601998 1
425 580 0 0.0174395313 0.00423386247 0 0.0179461094 0.139601076 1
429 580 0 0.0170818673 0.004299786 0 0.0176147197 0.1430998 1
433 580 0 0.016719069 0.00435627161 0 0.017277279 0.146508686 1
437 580 0 0.0163519559 0.00440264066 0 0.016934276 0.149820813 1
441 580 0 0.0159814033 0.00443824272 0 0.0165862368 0.153029856 1
445 580 0 0.0156083399 0.00446246154 0 0.0162337253 0.15613012 1
449 580 0 0.0152337439 0.00447472096 0 0.0158773449 0.159116579 1
453 580 0 0.0148586404 0.00447449079 0 0.0155177402 0.161984898 1
457 580 0 0.0144840964 0.00446129244 0 0.0151555989 0.164731453 1
461 580 0 0.0141112169 0.00443470439 0 0.0147916546 0.167353337 1
465 580 0 0.0137411396 0.00439436732 0 0.0144266899 0.169848362 1
469 580 0 0.0133750296 0.00433998896 0 0.0140615405 0.172215052 1
473 580 0 0.0130140733 0.00427134842 0 0.013697099 0.17445262 1
477 580 0 0.0126594728 0.00418830014 0 0.0133343207 0.17656095 1
481 580 0 0.0123124389 0.00409077728 0 0.0129742287 0.178540556 1
485 580 0 0.0119741846 0.00397879451 0 0.0126179199 0.180392543 1
489 580 0 0.0116459184 0.0038524502 0 0.012266572 0.182118558 1
493 580 0 0.0113288368 0.00371192796 0 0.0119214492 0.183720733 1
497 580 0 0.0110241172 0.00355749743 0 0.011583909 0.185201622 1
501 580 0 0.0107329111 0.00338951445 0 0.0112554071 0.18656414 1
505 580 0 0.0104563364 0.00320842033 0 0.0109375012 0.187811485 1
509 580 0 0.0101954704 0.00301474056 0 0.0106318521 0.18894707 1
513 580 0 0.00995134316 0.00280908261 0 0.0103402213 0.189974447 1
517 580 0 0.00972493021 0.00259213306 0 0.0100644633 0.190897227 1
521 580 0 0.00951714651 0.00236465399 0 0.00980651142 0.191719014 1
525 580 0 0.0093288401 0.00212747868 0 0.0095683553 0.192443321 1
529 580 0 0.00916078637 0.00188150659 0 0.00935200908 0.193073508 1
533 580 0 0.00901368274 0.00162769776 0 0.00915946923 0.193612711 1
537 580 0 0.00888814386 0.00136706658 0 0.00899266213 0.194063781 1
541 580 0 0.0087846973 0.00110067509 0 0.0088533831 0.194429232 1
545 580 0 0.0087037799 0.000829625751 0 0.00874322958 0.194711188 1
549 580 0 0.00864573465 0.000555053854 0 0.00866353349 0.194911346 1
553 580 0 0.00861080831 0.000278119617 0 0.00861529862 0.19503094 1
557 580 0 0.00859914963 -0 0 0.00859914963 0.19507072 1
561 580 0 0.00861080831 -0.000278119617 0 0.00861529862 0.19503094 1
565 580 0 0.00864573465 -0.000555053854 0 0.00866353349 0.194911346 1
569 580 0 0.0087037799 -0.000829625751 0 0.00874322958 0.194711188 1
573 580 0 0.0087846973 -0.00110067509 0 0.0088533831 0.194429232 1
577 580 0 0.00888814386 -0.00136706658 0 0.00899266213 0.194063781 1
581 580 0 0.00901368274 -0.00162769776 0 0.00915946923 0.193612711 1
585 580 0 0.00916078637 -0.00188150659 0 0.00935200908 0.193073508 1
589 580 0 0.0093288401 -0.00212747868 0 0.0095683553 0.192443321 1
593 580 0 0.00951714651 -0.00236465399 0 0.00980651142 0.191719014 1
597 580 0 0.00972493021 -0.00259213306 0 0.0100644633 0.190897227 1
601 580 0 0.00995134316 -0.00280908261 0 0.0103402213 0.189974447 1
605 580 0 0.0101954704 -0.00301474056 0 0.0106318521 0.18894707 1
609 580 0 0.0104563364 -0.00320842033 0 0.0109375012 0.187811485 1
613 580 0 0.0107329111 -0.00338951445 0 0.0112554071 0.18656414 1
617 580 0 0.0110241172 -0.00355749743 0 0.011583909 0.185201622 1
621 580 0 0.0113288368 -0.00371192796 0 0.0119214492 0.183720733 1
625 580 0 0.0116459184 -0.0038524502 0 0.012266572 0.182118558 1
629 580 0 0.0119741846 -0.00397879451 0 0.0126179199 0.180392543 1
633 580 0 0.0123124389 -0.00409077728 0 0.0129742287 0.178540556 1
637 580 0 0.0126594728 -0.00418830014 0 0.0133343207 0.17656095 1
641 580 0 0.0130140733 -0.00427134842 0 0.013697099 0.17445262 1
645 580 0 0.0133750296 -0.00433998896 0 0.0140615405 0.172215052 1
649 580 0 0.0137411396 -0.00439436732 0 0.0144266899 0.169848362 1
653 580 0 0.0141112169 -0.00443470439 0 0.0147916546 0.167353337 1
657 580 0 0.0144840964 -0.00446129244 0 0.0151555989 0.164731453 1
661 580 0 0.0148586404 -0.00447449079 0 0.0155177402 0.161984898 1
665 580 0 0.0152337439 -0.00447472096 0 0.0158773449 0.159116579 1
669 580 0 0.0156083399 -0.00446246154 0 0.0162337253 0.15613012 1
673 580 0 0.0159814033 -0.00443824272 0 0.0165862368 0.153029856 1
677 580 0 0.0163519559 -0.00440264066 0 0.016934276 0.149820813 1
681 580 0 0.016719069 -0.00435627161 0 0.017277279 0.146508686 1
685 580 0 0.0170818673 -0.004299786 0 0.0176147197 0.1430998 1
689 580 0 0.0174395313 -0.00423386247 0 0.0179461094 0.139601076 1
693 580 0 0.0177912992 -0.00415920192 0 0.0182709958 0.13601998 1
697 580 0 0.0181364687 -0.00407652161 0 0.0185889625 0.132364472 1
701 580 0 0.0184743982 -0.00398654949 0 0.0188996287 0.128642946 1
705 580 0 0.0188045071 -0.00389001856 0 0.0192026491 0.124864172 1
709 580 0 0.0191262766 -0.00378766163 0 0.0194977137 0.121037227 1
713 580 0 0.0194392489 -0.00368020617 0 0.0197845474 0.117171429 1
717 580 0 0.0197430269 -0.00356836963 0 0.0200629104 0.113276265 1
721 580 0 0.0200372729 -0.00345285497 0 0.0203325973 0.109361328 1
725 580 0 0.0203217075 -0.00333434663 0 0.0205934374 0.105436237 1
729 580 0 0.0205961078 -0.00321350679 0 0.020845294 0.101510575 1
733 580 0 0.0208603052 -0.00309097214 0 0.0210880639 0.0975938215 1
737 580 0 0.0211141833 -0.00296735095 0 0.0213216769 0.0936952837 1
741 580 0 0.0213576755 -0.00284322057 0 0.0215460949 0.0898240388 1
745 580 0 0.0215907622 -0.0027191254 0 0.021761311 0.0859888743 1
749 580 0 0.021813468 -0.00259557517 0 0.0219673484 0.0821982351 1
753 580 0 0.0220258586 -0.00247304367 0 0.0221642593 0.0784601746 1
757 580 0 0.0222280379 -0.00235196784 0 0.0223521234 0.0747823108 1
761 580 0 0.022420145 -0.00223274721 0 0.0225310467 0.0711717881 1
765 580 0 0.0226023508 -0.00211574374 0 0.0227011593 0.0676352448 1
769 580 0 0.022774855 -0.00200128191 0 0.0228626147 0.0641787854 1
773 580 0 0.0229378829 -0.00188964915 0 0.023015587 0.0608079597 1
777 580 0 0.0230916823 -0.00178109653 0 0.0231602698 0.0575277473 1
781 580 0 0.0232365207 -0.00167583974 0 0.0232968739 0.0543425473 1
785 580 0 0.0233726821 -0.0015740602 0 0.0234256256 0.0512561736 1
789 580 0 0.0235004645 -0.00147590648 0 0.0235467648 0.0482718559 1
793 580 0 0.0236201768 -0.00138149576 0 0.0236605427 0.0453922451 1
797 580 0 0.0237321365 -0.00129091554 0 0.0237672204 0.042619423 1
801 580 0 0.0238366675 -0.00120422541 0 0.0238670668 0.0399549175 1
805 580 0 0.0239340973 -0.00112145887 0 0.0239603565 0.0373997203 1
809 580 0 0.0240247553 -0.0010426253 0 0.0240473685 0.0349543086 1
813 580 0 0.0241089707 -0.000967711862 0 0.0241283844 0.03261867 1
817 580 0 0.0241870708 -0.000896685541 0 0.0242036865 0.0303923298 1
821 580 0 0.0242593794 -0.000829495056 0 0.0242735566 0.0282743803 1
825 580 0 0.0243262153 -0.000766072834 0 0.0243382747 0.0262635122 1
829 580 0 0.0243878908 -0.000706336911 0 0.0243981173 0.0243580465 1
833 580 0 0.0244447111 -0.000650192786 0 0.0244533567 0.0225559685 1
837 580 0 0.0244969729 -0.000597535207 0 0.0245042594 0.020854961 1
841 580 0 0.0245449636 -0.000548249883 0 0.0245510859 0.0192524387 1
845 580 0 0.0245889609 -0.000502215106 0 0.024594089 0.0177455815 1
849 580 0 0.0246292317 -0.000459303282 0 0.024633514 0.0163313676 1
853 580 0 0.0246660324 -0.000419382359 0 0.0246695974 0.0150066064 1
857 580 0 0.0246996079 -0.000382317158 0 0.0247025667 0.0137679691 1
861 580 0 0.024730192 -0.000347970592 0 0.0247326399 0.012612019 1
253 584 0 0.0247132271 0.000387462074 0 0.0247162643 0.0133093657 1
257 584 0 0.02468072 0.000425706661 0 0.0246843911 0.014513303 1
261 584 0 0.0246450333 0.000466978424 0 0.0246494571 0.0158011733 1
265 584 0 0.0246059187 0.000511430007 0 0.0246112331 0.017176168 1
269 584 0 0.0245631157 0.000559211931 0 0.0245694805 0.0186413269 1
273 584 0 0.024516352 0.000610471234 0 0.0245239514 0.020199506 1
277 584 0 0.0244653438 0.000665349991 0 0.0244743894 0.0218533431 1
281 584 0 0.0244097959 0.000723983724 0 0.02442053 0.0236052233 1
285 584 0 0.0243494028 0.000786499695 0 0.0243621017 0.0254572432 1
289 584 0 0.0242838493 0.0008530151 0 0.0242988265 0.0274111759 1
293 584 0 0.0242128109 0.000923635164 0 0.0242304213 0.029468435 1
297 584 0 0.0241359557 0.000998451155 0 0.0241565988 0.0316300396 1
301 584 0 0.0240529448 0.00107753831 0 0.0240770688 0.0338965807 1
305 584 0 0.0239634342 0.00116095374 0 0.02399154 0.0362681882 1
309 584 0 0.0238670758 0.00124873421 0 0.0238997206 0.0387445003 1
313 584 0 0.0237635199 0.00134089399 0 0.0238013208 0.0413246352 1
317 584 0 0.0236524163 0.00143742266 0 0.0236960541 0.0440071653 1
321 584 0 0.0235334167 0.0015382829 0 0.0235836388 0.0467900952 1
325 584 0 0.0234061772 0.00164340837 0 0.0234638003 0.0496708431 1
329 584 0 0.0232703602 0.00175270165 0 0.0233362728 0.0526462267 1
333 584 0 0.0231256373 0.00186603223 0 0.0232008012 0.0557124537 1
337 584 0 0.0229716918 0.00198323471 0 0.023057143 0.0588651177 1
341 584 0 0.0228082218 0.00210410705 0 0.0229050704 0.062099199 1
345 584 0 0.0226349432 0.00222840912 0 0.022744372 0.0654090716 1
349 584 0 0.0224515923 0.00235586132 0 0.022574855 0.0687885168 1
353 584 0 0.0222579298 0.00248614362 0 0.0223963468 0.0722307418 1
357 584 0 0.0220537435 0.00261889469 0 0.0222086967 0.0757284058 1
361 584 0 0.0218388516 0.00275371153 0 0.0220117779 0.0792736526 1
365 584 0 0.0216131064 0.00289014924 0 0.0218054885 0.0828581486 1
369 584 0 0.0213763974 0.00302772129 0 0.0215897536 0.0864731285 1
373 584 0 0.0211286547 0.00316590012 0 0.0213645261 0.0901094459 1
377 584 0 0.0208698523 0.00330411816 0 0.0211297878 0.0937576307 1
381 584 0 0.0206000109 0.00344176923 0 0.0208855506 0.0974079515 1
385 584 0 0.0203192015 0.00357821045 0 0.0206318573 0.101050482 1
389 584 0 0.0200275475 0.0037127645 0 0.020368782 0.104675176 1
393 584 0 0.0197252283 0.00384472246 0 0.0200964306 0.108271935 1
397 584 0 0.0194124808 0.00397334697 0 0.0198149413 0.111830698 1
401 584 0 0.019089602 0.00409787593 0 0.0195244844 0.11534151 1
405 584 0 0.0187569507 0.00421752661 0 0.0192252629 0.118794613 1
409 584 0 0.0184149491 0.00433150012 0 0.0189175116 0.12218052 1
413 584 0 0.0180640837 0.00443898642 0 0.0186014978 0.125490102 1
417 584 0 0.0177049061 0.00453916956 0 0.0182775206 0.128714663 1
421 584 0 0.0173380331 0.00463123332 0 0.0179459108 0.131846018 1
425 584 0 0.0169641469 0.00471436717 0 0.0176070309 0.134876565 1
429 584 0 0.0165839938 0.00478777241 0 0.017261275 0.137799351 1
433 584 0 0.0161983836 0.00485066862 0 0.016909069 0.140608136 1
437 584 0 0.0158081872 0.00490230013 0 0.016550871 0.143297443 1
441 584 0 0.0154143353 0.00494194271 0 0.0161871718 0.145862609 1
445 584 0 0.0150178145 0.00496891014 0 0.0158184961 0.14829982 1
449 584 0 0.0146196648 0.00498256089 0 0.0154454042 0.150606141 1
453 584 0 0.0142209756 0.0049823046 0 0.0150684938 0.152779534 1
457 584 0 0.0138228812 0.00496760836 0 0.0146884028 0.154818866 1
461 584 0 0.0134265559 0.0049380028 0 0.0143058127 0.156723906 1
465 584 0 0.0130332091 0.00489308785 0 0.0139214528 0.158495313 1
469 584 0 0.0126440789 0.00483253804 0 0.0135361056 0.160134612 1
473 584 0 0.0122604265 0.00475610743 0 0.0131506128 0.161644157 1
477 584 0 0.0118835296 0.00466363393 0 0.0127658825 0.163027086 1
481 584 0 0.011514675 0.00455504312 0 0.0123828978 0.164287267 1
485 584 0 0.0111551521 0.00443035132 0 0.012002726 0.165429231 1
489 584 0 0.0108062453 0.00428966809 0 0.0116265296 0.166458097 1
493 584 0 0.0104692263 0.00413319785 0 0.0112555774 0.167379495 1
497 584 0 0.0101453467 0.00396124088 0 0.0108912575 0.168199475 1
501 584 0 0.00983583025 0.00377419336 0 0.0105350886 0.168924411 1
505 584 0 0.00954186516 0.00357254672 0 0.010188733 0.169560908 1
509 584 0 0.00926459656 0.00335688607 0 0.00985400596 0.170115696 1
513 584 0 0.00900511913 0.00312788781 0 0.00953288271 0.170595532 1
517 584 0 0.00876446987 0.00288631647 0 0.00922749993 0.171007092 1
521 584 0 0.00854362122 0.0026330206 0 0.00894014883 0.171356876 1
525 584 0 0.00834347455 0.00236892806 0 0.00867325704 0.171651106 1
529 584 0 0.008164854 0.00209504039 0 0.00842935555 0.171895629 1
533 584 0 0.00800850084 0.00181242658 0 0.00821102769 0.172095837 1
537 584 0 0.00787506837 0.00152221615 0 0.0080208381 0.172256576 1
541 584 0 0.00776511734 0.00122559166 0 0.00786124177 0.172382081 1
545 584 0 0.00767911204 0.000923780691 0 0.00773447687 0.172475904 1
549 584 0 0.00761741705 0.000618047394 0 0.00764244889 0.172540867 1
553 584 0 0.00758029462 0.000309683651 0 0.00758661786 0.172579018 1
557 584 0 0.00756790287 -0 0 0.00756790287 0.172591597 1
561 584 0 0.00758029462 -0.000309683651 0 0.00758661786 0.172579018 1
565 584 0 0.00761741705 -0.000618047394 0 0.00764244889 0.172540867 1
569 584 0 0.00767911204 -0.000923780691 0 0.00773447687 0.172475904 1
573 584 0 0.00776511734 -0.00122559166 0 0.00786124177 0.172382081 1
577 584 0 0.00787506837 -0.00152221615 0 0.0080208381 0.172256576 1
581 584 0 0.00800850084 -0.00181242658 0 0.00821102769 0.172095837 1
585 584 0 0.008164854 -0.00209504039 0 0.00842935555 0.171895629 1
589 584 0 0.00834347455 -0.00236892806 0 0.00867325704 0.171651106 1
593 584 0 0.00854362122 -0.0026330206 0 0.00894014883 0.171356876 1
597 584 0 0.00876446987 -0.00288631647 0 0.00922749993 0.171007092 1
601 584 0 0.00900511913 -0.00312788781 0 0.00953288271 0.170595532 1
605 584 0 0.00926459656 -0.00335688607 0 0.00985400596 0.170115696 1
609 584 0 0.00954186516 -0.00357254672 0 0.010188733 0.169560908 1
613 584 0 0.00983583025 -0.00377419336 0 0.0105350886 0.168924411 1
617 584 0 0.0101453467 -0.00396124088 0 0.0108912575 0.168199475 1
621 584 0 0.0104692263 -0.00413319785 0 0.0112555774 0.167379495 1
625 584 0 0.0108062453 -0.00428966809 0 0.0116265296 0.166458097 1
629 584 0 0.0111551521 -0.00443035132 0 0.012002726 0.165429231 1
633 584 0 0.011514675 -0.00455504312 0 0.0123828978 0.164287267 1
637 584 0 0.0118835296 -0.00466363393 0 0.0127658825 0.163027086 1
641 584 0 0.0122604265 -0.00475610743 0 0.0131506128 0.161644157 1
645 584 0 0.0126440789 -0.00483253804 0 0.0135361056 0.160134612 1
649 584 0 0.0130332091 -0.00489308785 0 0.0139214528 0.158495313 1
653 584 0 0.0134265559 -0.0049380028 0 0.0143058127 0.156723906 1
657 584 0 0.0138228812 -0.00496760836 0 0.0146884028 0.154818866 1
661 584 0 0.0142209756 -0.0049823046 0 0.0150684938 0.152779534 1
665 584 0 0.0146196648 -0.00498256089 0 0.0154454042 0.150606141 1
669 584 0 0.0150178145 -0.00496891014 0 0.0158184961 0.14829982 1
673 584 0 0.0154143353 -0.00494194271 0 0.0161871718 0.145862609 1
677 584 0 0.0158081872 -0.00490230013 0 0.016550871 0.143297443 1
681 584 0 0.0161983836 -0.00485066862 0 0.016909069 0.140608136 1
685 584 0 0.0165839938 -0.00478777241 0 0.017261275 0.137799351 1
689 584 0 0.0169641469 -0.00471436717 0 0.0176070309 0.134876565 1
693 584 0 0.0173380331 -0.00463123332 0 0.0179459108 0.131846018 1
697 584 0 0.0177049061 -0.00453916956 0 0.0182775206 0.128714663 1
701 584 0 0.0180640837 -0.00443898642 0 0.0186014978 0.125490102 1
705 584 0 0.0184149491 -0.00433150012 0 0.0189175116 0.12218052 1
709 584 0 0.0187569507 -0.00421752661 0 0.0192252629 0.118794613 1
713 584 0 0.019089602 -0.00409787593 0 0.0195244844 0.11534151 1
717 584 0 0.0194124808 -0.00397334697 0 0.0198149413 0.111830698 1
721 584 0 0.0197252283 -0.00384472246 0 0.0200964306 0.108271935 1
725 584 0 0.0200275475 -0.0037127645 0 0.020368782 0.104675176 1
729 584 0 0.0203192015 -0.00357821045 0 0.0206318573 0.101050482 1
733 584 0 0.0206000109 -0.00344176923 0 0.0208855506 0.0974079515 1
737 584 0 0.0208698523 -0.00330411816 0 0.0211297878 0.0937576307 1
741 584 0 0.0211286547 -0.00316590012 0 0.0213645261 0.0901094459 1
745 584 0 0.0213763974 -0.00302772129 0 0.0215897536 0.0864731285 1
749 584 0 0.0216131064 -0.00289014924 0 0.0218054885 0.0828581486 1
753 584 0 0.0218388516 -0.00275371153 0 0.0220117779 0.0792736526 1
757 584 0 0.0220537435 -0.00261889469 0 0.0222086967 0.0757284058 1
761 584 0 0.0222579298 -0.00248614362 0 0.0223963468 0.0722307418 1
765 584 0 0.0224515923 -0.00235586132 0 0.022574855 0.0687885168 1
769 584 0 0.0226349432 -0.00222840912 0 0.022744372 0.0654090716 1
773 584 0 0.0228082218 -0.00210410705 0 0.0229050704 0.062099199 1
777 584 0 0.0229716918 -0.00198323471 0 0.023057143 0.0588651177 1
781 584 0 0.0231256373 -0.00186603223 0 0.0232008012 0.0557124537 1
785 584 0 0.0232703602 -0.00175270165 0 0.0233362728 0.0526462267 1
789 584 0 0.0234061772 -0.00164340837 0 0.0234638003 0.0496708431 1
793 584 0 0.0235334167 -0.0015382829 0 0.0235836388 0.0467900952 1
797 584 0 0.0236524163 -0.00143742266 0 0.0236960541 0.0440071653 1
801 584 0 0.0237635199 -0.00134089399 0 0.0238013208 0.0413246352 1
805 584 0 0.0238670758 -0.00124873421 0 0.0238997206 0.0387445003 1
809 584 0 0.0239634342 -0.00116095374 0 0.02399154 0.0362681882 1
813 584 0 0.0240529448 -0.00107753831 0 0.0240770688 0.0338965807 1
817 584 0 0.0241359557 -0.000998451155 0 0.0241565988 0.0316300396 1
821 584 0 0.0242128109 -0.000923635164 0 0.0242304213 0.029468435 1
825 584 0 0.0242838493 -0.0008530151 0 0.0242988265 0.0274111759 1
829 584 0 0.0243494028 -0.000786499695 0 0.0243621017 0.0254572432 1
833 584 0 0.0244097959 -0.000723983724 0 0.02442053 0.0236052233 1
837 584 0 0.0244653438 -0.000665349991 0 0.0244743894 0.0218533431 1
841 584 0 0.024516352 -0.000610471234 0 0.0245239514 0.020199506 1
845 584 0 0.0245631157 -0.000559211931 0 0.0245694805 0.0186413269 1
849 584 0 0.0246059187 -0.000511430007 0 0.0246112331 0.017176168 1
853 584 0 0.0246450333 -0.000466978424 0 0.0246494571 0.0158011733 1
857 584 0 0.02468072 -0.000425706661 0 0.0246843911 0.014513303 1
861 584 0 0.0247132271 -0.000387462074 0 0.0247162643 0.0133093657 1
253 588 0 0.0246974034 0.000429283685 0 0.024701134 0.013970539 1
257 588 0 0.0246631027 0.00047165629 0 0.0246676122 0.0152165303 1
261 588 0 0.0246254468 0.000517382816 0 0.0246308813 0.0165469168 1
265 588 0 0.0245841739 0.000566632382 0 0.0245907031 0.0179645628 1
269 588 0 0.0245390091 0.000619571758 0 0.0245468295 0.0194721323 1
273 588 0 0.0244896651 0.000676363852 0 0.0244990033 0.021072053 1
277 588 0 0.0244358423 0.000737166074 0 0.024446959 0.0227664799 1
281 588 0 0.0243772294 0.000802128574 0 0.0243904227 0.0245572576 1
285 588 0 0.0243135039 0.00087139235 0 0.0243291142 0.0264458832 1
289 588 0 0.0242443332 0.000945087248 0 0.0242627468 0.0284334682 1
293 588 0 0.0241693751 0.00102332985 0 0.0241910293 0.0305207021 1
297 588 0 0.0240882792 0.00110622128 0 0.0241136666 0.0327078161 1
301 588 0 0.0240006879 0.00119384489 0 0.0240303617 0.0349945488 1
305 588 0 0.0239062381 0.00128626395 0 0.0239408165 0.0373801138 1
309 588 0 0.0238045629 0.00138351921 0 0.023844734 0.0398631696 1
313 588 0 0.0236952929 0.00148562647 0 0.0237418195 0.0424417929 1
317 588 0 0.0235780588 0.00159257418 0 0.0236317826 0.0451134556 1
321 588 0 0.023452493 0.00170432101 0 0.023514339 0.0478750052 1
325 588 0 0.0233182327 0.00182079344 0 0.0233892125 0.0507226511 1
329 588 0 0.0231749215 0.00194188353 0 0.0232561368 0.0536519546 1
333 588 0 0.023022213 0.00206744671 0 0.0231148572 0.0566578264 1
337 588 0 0.022859773 0.00219729971 0 0.0229651333 0.059734528 1
341 588 0 0.022687283 0.00233121869 0 0.0228067401 0.0628756817 1
345 588 0 0.0225044431 0.00246893759 0 0.0226394703 0.0660742859 1
349 588 0 0.0223109753 0.00261014664 0 0.0224631361 0.0693227379 1
353 588 0 0.0221066268 0.00275449125 0 0.0222775711 0.0726128644 1
357 588 0 0.0218911738 0.00290157112 0 0.0220826313 0.0759359585 1
361 588 0 0.0216644245 0.00305093972 0 0.0218781974 0.0792828246 1
365 588 0 0.0214262231 0.00320210415 0 0.0216641756 0.0826438302 1
369 588 0 0.0211764529 0.00335452535 0 0.021440499 0.0860089651 1
373 588 0 0.0209150402 0.00350761884 0 0.0212071284 0.0893679068 1
377 588 0 0.0206419574 0.00366075576 0 0.0209640535 0.0927100923 1
381 588 0 0.0203572266 0.00381326452 0 0.0207112931 0.0960247962 1
385 588 0 0.0200609226 0.00396443283 0 0.0204488959 0.0993012129 1
389 588 0 0.0197531757 0.00411351028 0 0.0201769402 0.102528544 1
393 588 0 0.019434175 0.00425971143 0 0.0198955346 0.105696089 1
397 588 0 0.0191041706 0.00440221932 0 0.0196048175 0.108793339 1
401 588 0 0.0187634758 0.00454018961 0 0.0193049565 0.111810069 1
405 588 0 0.0184124694 0.00467275505 0 0.0189961488 0.114736436 1
409 588 0 0.0180515967 0.00479903056 0 0.0186786198 0.117563072 1
413 588 0 0.0176813711 0.00491811864 0 0.0183526231 0.120281179 1
417 588 0 0.0173023746 0.00502911527 0 0.0180184396 0.122882611 1
421 588 0 0.0169152582 0.00513111615 0 0.0176763772 0.125359971 1
425 588 0 0.0165207415 0.00522322324 0 0.0173267701 0.127706678 1
429 588 0 0.0161196122 0.00530455165 0 0.0169699784 0.129917048 1
433 588 0 0.0157127246 0.0053742367 0 0.0166063884 0.131986355 1
437 588 0 0.0153009979 0.00543144118 0 0.0162364125 0.133910889 1
441 588 0 0.0148854138 0.00547536267 0 0.0158604899 0.135687998 1
445 588 0 0.0144670136 0.00550524089 0 0.0154790878 0.137316125 1
449 588 0 0.0140468947 0.00552036507 0 0.0150927029 0.13879483 1
453 588 0 0.0136262065 0.00552008112 0 0.0147018638 0.140124799 1
457 588 0 0.0132061459 0.0055037986 0 0.0143071341 0.141307845 1
461 588 0 0.012787952 0.0054709975 0 0.0139091168 0.142346888 1
465 588 0 0.0123729009 0.00542123455 0 0.0135084588 0.143245928 1
469 588 0 0.0119622991 0.00535414916 0 0.013105858 0.144010001 1
473 588 0 0.0115574775 0.00526946883 0 0.0127020702 0.144645127 1
477 588 0 0.0111597839 0.00516701399 0 0.012297919 0.145158236 1
481 588 0 0.0107705766 0.00504670218 0 0.0118943063 0.145557094 1
485 588 0 0.0103912158 0.00490855149 0 0.0114922254 0.145850206 1
489 588 0 0.0100230569 0.00475268329 0 0.0110927755 0.146046718 1
493 588 0 0.0096674417 0.00457932408 0 0.010697179 0.146156306 1
497 588 0 0.00932569096 0.00438880653 0 0.0103068004 0.146189056 1
501 588 0 0.00899909589 0.00418156961 0 0.0099231674 0.14615534 1
505 588 0 0.00868891028 0.00395815777 0 0.00954799323 0.146065688 1
509 588 0 0.00839634245 0.00371921929 0 0.00918319981 0.145930653 1
513 588 0 0.00812254748 0.00346550359 0 0.00883093951 0.145760681 1
517 588 0 0.00786861958 0.00319785768 0 0.00849361335 0.145565974 1
521 588 0 0.00763558486 0.00291722174 0 0.0081738815 0.145356362 1
525 588 0 0.00742439441 0.00262462377 0 0.00787466078 0.145141174 1
529 588 0 0.00723591787 0.0023211734 0 0.00759910214 0.144929119 1
533 588 0 0.0070709374 0.00200805501 0 0.00735054016 0.144728174 1
537 588 0 0.00693014234 0.00168652005 0 0.00713240651 0.144545476 1
541 588 0 0.00681412439 0.00135787871 0 0.00694810231 0.144387231 1
545 588 0 0.00672337346 0.00102349109 0 0.0068008297 0.144258632 1
549 588 0 0.00665827423 0.000684757762 0 0.00669339293 0.144163791 1
553 588 0 0.00661910345 0.000343110069 0 0.00662799027 0.144105684 1
557 588 0 0.00660602794 -0 0 0.00660602794 0.144086114 1
561 588 0 0.00661910345 -0.000343110069 0 0.00662799027 0.144105684 1
565 588 0 0.00665827423 -0.000684757762 0 0.00669339293 0.144163791 1
569 588 0 0.00672337346 -0.00102349109 0 0.0068008297 0.144258632 1
573 588 0 0.00681412439 -0.00135787871 0 0.00694810231 0.144387231 1
577 588 0 0.00693014234 -0.00168652005 0 0.00713240651 0.144545476 1
581 588 0 0.0070709374 -0.00200805501 0 0.00735054016 0.144728174 1
585 588 0 0.00723591787 -0.0023211734 0 0.00759910214 0.144929119 1
589 588 0 0.00742439441 -0.00262462377 0 0.00787466078 0.145141174 1
593 588 0 0.00763558486 -0.00291722174 0 0.0081738815 0.145356362 1
597 588 0 0.00786861958 -0.00319785768 0 0.00849361335 0.145565974 1
601 588 0 0.00812254748 -0.00346550359 0 0.00883093951 0.145760681 1
605 588 0 0.00839634245 -0.00371921929 0 0.00918319981 0.145930653 1
609 588 0 0.00868891028 -0.00395815777 0 0.00954799323 0.146065688 1
613 588 0 0.00899909589 -0.00418156961 0 0.0099231674 0.14615534 1
617 588 0 0.00932569096 -0.00438880653 0 0.0103068004 0.146189056 1
621 588 0 0.0096674417 -0.00457932408 0 0.010697179 0.146156306 1
625 588 0 0.0100230569 -0.00475268329 0 0.0110927755 0.146046718 1
629 588 0 0.0103912158 -0.00490855149 0 0.0114922254 0.145850206 1
633 588 0 0.0107705766 -0.00504670218 0 0.0118943063 0.145557094 1
637 588 0 0.0111597839 -0.00516701399 0 0.012297919 0.145158236 1
641 588 0 0.0115574775 -0.00526946883 0 0.0127020702 0.144645127 1
645 588 0 0.0119622991 -0.00535414916 0 0.013105858 0.144010001 1
649 588 0 0.0123729009 -0.00542123455 0 0.0135084588 0.143245928 1
653 588 0 0.012787952 -0.0054709975 0 0.0139091168 0.142346888 1
657 588 0 0.0132061459 -0.0055037986 0 0.0143071341 0.141307845 1
661 588 0 0.0136262065 -0.00552008112 0 0.0147018638 0.140124799 1
665 588 0 0.0140468947 -0.00552036507 0 0.0150927029 0.13879483 1
669 588 0 0.0144670136 -0.00550524089 0 0.0154790878 0.137316125 1
673 588 0 0.0148854138 -0.00547536267 0 0.0158604899 0.135687998 1
677 588 0 0.0153009979 -0.00543144118 0 0.0162364125 0.133910889 1
681 588 0 0.0157127246 -0.0053742367 0 0.0166063884 0.131986355 1
685 588 0 0.0161196122 -0.00530455165 0 0.0169699784 0.129917048 1
689 588 0 0.0165207415 -0.00522322324 0 0.0173267701 0.127706678 1
693 588 0 0.0169152582 -0.00513111615 0 0.0176763772 0.125359971 1
697 588 0 0.0173023746 -0.00502911527 0 0.0180184396 0.122882611 1
701 588 0 0.0176813711 -0.00491811864 0 0.0183526231 0.120281179 1
705 588 0 0.0180515967 -0.00479903056 0 0.0186786198 0.117563072 1
709 588 0 0.0184124694 -0.00467275505 0 0.0189961488 0.114736436 1
713 588 0 0.0187634758 -0.00454018961 0 0.0193049565 0.111810069 1
717 588 0 0.0191041706 -0.00440221932 0 0.0196048175 0.108793339 1
721 588 0 0.019434175 -0.00425971143 0 0.0198955346 0.105696089 1
725 588 0 0.0197531757 -0.00411351028 0 0.0201769402 0.102528544 1
729 588 0 0.0200609226 -0.00396443283 0 0.0204488959 0.0993012129 1
733 588 0 0.0203572266 -0.00381326452 0 0.0207112931 0.0960247962 1
737 588 0 0.0206419574 -0.00366075576 0 0.0209640535 0.0927100923 1
741 588 0 0.0209150402 -0.00350761884 0 0.0212071284 0.0893679068 1
745 588 0 0.0211764529 -0.00335452535 0 0.021440499 0.0860089651 1
749 588 0 0.0214262231 -0.00320210415 0 0.0216641756 0.0826438302 1
753 588 0 0.0216644245 -0.00305093972 0 0.0218781974 0.0792828246 1
757 588 0 0.0218911738 -0.00290157112 0 0.0220826313 0.0759359585 1
761 588 0 0.0221066268 -0.00275449125 0 0.0222775711 0.0726128644 1
765 588 0 0.0223109753 -0.00261014664 0 0.0224631361 0.0693227379 1
769 588 0 0.0225044431 -0.00246893759 0 0.0226394703 0.0660742859 1
773 588 0 0.022687283 -0.00233121869 0 0.0228067401 0.0628756817 1
777 588 0 0.022859773 -0.00219729971 0 0.0229651333 0.059734528 1
781 588 0 0.023022213 -0.00206744671 0 0.0231148572 0.0566578264 1
785 588 0 0.0231749215 -0.00194188353 0 0.0232561368 0.0536519546 1
789 588 0 0.0233182327 -0.00182079344 0 0.0233892125 0.0507226511 1
793 588 0 0.023452493 -0.00170432101 0 0.023514339 0.0478750052 1
797 588 0 0.0235780588 -0.00159257418 0 0.0236317826 0.0451134556 1
801 588 0 0.0236952929 -0.00148562647 0 0.0237418195 0.0424417929 1
805 588 0 0.0238045629 -0.00138351921 0 0.023844734 0.0398631696 1
809 588 0 0.0239062381 -0.00128626395 0 0.0239408165 0.0373801138 1
813 588 0 0.0240006879 -0.00119384489 0 0.0240303617 0.0349945488 1
817 588 0 0.0240882792 -0.00110622128 0 0.0241136666 0.0327078161 1
821 588 0 0.0241693751 -0.00102332985 0 0.0241910293 0.0305207021 1
825 588 0 0.0242443332 -0.000945087248 0 0.0242627468 0.0284334682 1
829 588 0 0.0243135039 -0.00087139235 0 0.0243291142 0.0264458832 1
833 588 0 0.0243772294 -0.000802128574 0 0.0243904227 0.0245572576 1
837 588 0 0.0244358423 -0.000737166074 0 0.024446959 0.0227664799 1
841 588 0 0.0244896651 -0.000676363852 0 0.0244990033 0.021072053 1
845 588 0 0.0245390091 -0.000619571758 0 0.0245468295 0.0194721323 1
849 588 0 0.0245841739 -0.000566632382 0 0.0245907031 0.0179645628 1
853 588 0 0.0246254468 -0.000517382816 0 0.0246308813 0.0165469168 1
857 588 0 0.0246631027 -0.00047165629 0 0.0246676122 0.0152165303 1
861 588 0 0.0246974034 -0.000429283685 0 0.024701134 0.013970539 1
253 592 0 0.0246830934 0.000473247246 0 0.0246876297 0.0145881663 1
257 592 0 0.0246471705 0.000519959291 0 0.0246526544 0.0158695908 1
261 592 0 0.0246077339 0.000570368736 0 0.0246143431 0.0172350381 1
265 592 0 0.0245645091 0.000624662021 0 0.0245724502 0.0186869617 1
269 592 0 0.0245172084 0.000683022995 0 0.0245267207 0.02022756 1
273 592 0 0.0244655309 0.000745631249 0 0.0244768905 0.0218587372 1
277 592 0 0.0244091628 0.000812660315 0 0.0244226871 0.023582064 1
281 592 0 0.024347778 0.000884275718 0 0.0243638305 0.0253987375 1
285 592 0 0.0242810389 0.000960632897 0 0.0243000343 0.0273095415 1
289 592 0 0.0242085971 0.001041875 0 0.0242310065 0.0293148074 1
293 592 0 0.0241300941 0.00112813054 0 0.0241564509 0.0314143759 1
297 592 0 0.0240451631 0.00121951099 0 0.0240760685 0.0336075602 1
301 592 0 0.0239534295 0.00131610827 0 0.0239895587 0.0358931115 1
305 592 0 0.0238545132 0.0014179921 0 0.0238966211 0.0382691871 1
309 592 0 0.0237480296 0.0015252074 0 0.0237969571 0.0407333219 1
313 592 0 0.0236335922 0.00163777162 0 0.0236902717 0.0432824033 1
317 592 0 0.0235108139 0.001755672 0 0.0235762753 0.0459126517 1
321 592 0 0.0233793101 0.00187886298 0 0.0234546854 0.0486196044 1
325 592 0 0.0232387004 0.00200726352 0 0.0233252289 0.051398107 1
329 592 0 0.0230886119 0.00214075463 0 0.0231876439 0.0542423093 1
333 592 0 0.0229286817 0.00227917691 0 0.0230416816 0.0571456693 1
337 592 0 0.0227585598 0.00242232834 0 0.0228871081 0.0601009635 1
341 592 0 0.0225779126 0.00256996216 0 0.0227237067 0.0631003047 1
345 592 0 0.0223864261 0.00272178504 0 0.022551279 0.0661351683 1
349 592 0 0.022183809 0.00287745552 0 0.0223696476 0.0691964262 1
353 592 0 0.0219697967 0.00303658267 0 0.0221786564 0.0722743888 1
357 592 0 0.0217441547 0.0031987252 0 0.0219781734 0.0753588559 1
361 592 0 0.0215066822 0.00336339086 0 0.0217680908 0.078439175 1
365 592 0 0.021257216 0.00353003625 0 0.0215483268 0.0815043083 1
369 592 0 0.020995634 0.00369806713 0 0.0213188261 0.0845429071 1
373 592 0 0.0207218589 0.00386683914 0 0.0210795607 0.0875433935 1
377 592 0 0.0204358618 0.00403565904 0 0.0208305303 0.0904940488 1
381 592 0 0.0201376659 0.00420378644 0 0.0205717624 0.0933831083 1
385 592 0 0.0198273493 0.00437043611 0 0.0203033123 0.0961988606 1
389 592 0 0.0195050488 0.0045347808 0 0.0200252632 0.0989297522 1
393 592 0 0.0191709623 0.00469595461 0 0.0197377249 0.101564495 1
397 592 0 0.0188253517 0.00485305695 0 0.019440834 0.104092174 1
401 592 0 0.0184685452 0.00500515697 0 0.0191347526 0.106502361 1
405 592 0 0.0181009393 0.00515129863 0 0.0188196674 0.108785222 1
409 592 0 0.0177230007 0.00529050619 0 0.0184957889 0.110931628 1
413 592 0 0.0173352667 0.00542179026 0 0.01816335 0.112933255 1
417 592 0 0.0169383472 0.00554415422 0 0.0178226051 0.114782693 1
421 592 0 0.0165329237 0.00565660115 0 0.0174738291 0.116473531 1
425 592 0 0.01611975 0.00575814106 0 0.0171173166 0.118000451 1
429 592 0 0.0156996509 0.00584779843 0 0.0167533813 0.119359302 1
433 592 0 0.0152735213 0.00592462003 0 0.0163823556 0.120547171 1
437 592 0 0.0148423236 0.00598768291 0 0.0160045905 0.121562437 1
441 592 0 0.0144070862 0.00603610245 0 0.0156204567 0.122404815 1
445 592 0 0.0139688995 0.00606904055 0 0.0152303449 0.123075386 1
449 592 0 0.0135289128 0.00608571362 0 0.0148346686 0.123576613 1
453 592 0 0.0130883299 0.00608540058 0 0.0144338657 0.123912344 1
457 592 0 0.0126484042 0.00606745055 0 0.0140284028 0.124087791 1
461 592 0 0.0122104336 0.00603129025 0 0.0136187794 0.124109503 1
465 592 0 0.0117757544 0.005976431 0 0.0132055336 0.12398532 1
469 592 0 0.0113457349 0.00590247529 0 0.01278925 0.123724304 1
473 592 0 0.0109217689 0.00580912273 0 0.0123705676 0.123336666 1
477 592 0 0.0105052681 0.00569617535 0 0.0119501913 0.12283367 1
481 592 0 0.0100976547 0.00556354223 0 0.0115289043 0.122227525 1
485 592 0 0.00970035369 0.00541124333 0 0.0111075837 0.121531264 1
489 592 0 0.0093147842 0.00523941244 0 0.0106872189 0.120758611 1
493 592 0 0.00894235169 0.00504829926 0 0.0102689327 0.119923839 1
497 592 0 0.00858443925 0.00483827054 0 0.00985400726 0.119041615 1
501 592 0 0.00824239922 0.00460981018 0 0.00944391311 0.118126843 1
505 592 0 0.00791754466 0.00436351842 0 0.00904034327 0.117194501 1
509 592 0 0.00761114105 0.0041001099 0 0.00864525125 0.11625947 1
513 592 0 0.00732439807 0.0038204108 0 0.00826089255 0.115336369 1
517 592 0 0.0070584617 0.00352535489 0 0.00788986747 0.114439385 1
521 592 0 0.00681440657 0.00321597863 0 0.00753516127 0.113582112 1
525 592 0 0.00659322874 0.00289341527 0 0.0072001748 0.11277739 1
529 592 0 0.00639583898 0.00255888811 0 0.00688873462 0.112037159 1
533 592 0 0.00622305644 0.00221370282 0 0.00660506711 0.111372311 1
537 592 0 0.00607560306 0.001859239 0 0.00635371719 0.110792568 1
541 592 0 0.00595409852 0.00149694103 0 0.00613939098 0.110306362 1
545 592 0 0.0058590559 0.00112830828 0 0.00596670894 0.109920733 1
549 592 0 0.00579087807 0.000754884792 0 0.00583987328 0.109641249 1
553 592 0 0.00574985487 0.000378248466 0 0.00576228279 0.109471935 1
557 592 0 0.00573616101 -0 0 0.00573616101 0.109415226 1
561 592 0 0.00574985487 -0.000378248466 0 0.00576228279 0.109471935 1
565 592 0 0.00579087807 -0.000754884792 0 0.00583987328 0.109641249 1
569 592 0 0.0058590559 -0.00112830828 0 0.00596670894 0.109920733 1
573 592 0 0.00595409852 -0.00149694103 0 0.00613939098 0.110306362 1
577 592 0 0.00607560306 -0.001859239 0 0.00635371719 0.110792568 1
581 592 0 0.00622305644 -0.00221370282 0 0.00660506711 0.111372311 1
585 592 0 0.00639583898 -0.00255888811 0 0.00688873462 0.112037159 1
589 592 0 0.00659322874 -0.00289341527 0 0.0072001748 0.11277739 1
593 592 0 0.00681440657 -0.00321597863 0 0.00753516127 0.113582112 1
597 592 0 0.0070584617 -0.00352535489 0 0.00788986747 0.114439385 1
601 592 0 0.00732439807 -0.0038204108 0 0.00826089255 0.115336369 1
605 592 0 0.00761114105 -0.0041001099 0 0.00864525125 0.11625947 1
609 592 0 0.00791754466 -0.00436351842 0 0.00904034327 0.117194501 1
613 592 0 0.00824239922 -0.00460981018 0 0.00944391311 0.118126843 1
617 592 0 0.00858443925 -0.00483827054 0 0.00985400726 0.119041615 1
621 592 0 0.00894235169 -0.00504829926 0 0.0102689327 0.119923839 1
625 592 0 0.0093147842 -0.00523941244 0 0.0106872189 0.120758611 1
629 592 0 0.00970035369 -0.00541124333 0 0.0111075837 0.121531264 1
633 592 0 0.0100976547 -0.00556354223 0 0.0115289043 0.122227525 1
637 592 0 0.0105052681 -0.00569617535 0 0.0119501913 0.12283367 1
641 592 0 0.0109217689 -0.00580912273 0 0.0123705676 0.123336666 1
645 592 0 0.0113457349 -0.00590247529 0 0.01278925 0.123724304 1
649 592 0 0.0117757544 -0.005976431 0 0.0132055336 0.12398532 1
653 592 0 0.0122104336 -0.00603129025 0 0.0136187794 0.124109503 1
657 592 0 0.0126484042 -0.00606745055 0 0.0140284028 0.124087791 1
661 592 0 0.0130883299 -0.00608540058 0 0.0144338657 0.123912344 1
665 592 0 0.0135289128 -0.00608571362 0 0.0148346686 0.123576613 1
669 592 0 0.0139688995 -0.00606904055 0 0.0152303449 0.123075386 1
673 592 0 0.0144070862 -0.00603610245 0 0.0156204567 0.122404815 1
677 592 0 0.0148423236 -0.00598768291 0 0.0160045905 0.121562437 1
681 592 0 0.0152735213 -0.00592462003 0 0.0163823556 0.120547171 1
685 592 0 0.0156996509 -0.00584779843 0 0.0167533813 0.119359302 1
689 592 0 0.01611975 -0.00575814106 0 0.0171173166 0.118000451 1
693 592 0 0.0165329237 -0.00565660115 0 0.0174738291 0.116473531 1
697 592 0 0.0169383472 -0.00554415422 0 0.0178226051 0.114782693 1
701 592 0 0.0173352667 -0.00542179026 0 0.01816335 0.112933255 1
705 592 0 0.0177230007 -0.00529050619 0 0.0184957889 0.110931628 1
709 592 0 0.0181009393 -0.00515129863 0 0.0188196674 0.108785222 1
713 592 0 0.0184685452 -0.00500515697 0 0.0191347526 0.106502361 1
717 592 0 0.0188253517 -0.00485305695 0 0.019440834 0.104092174 1
721 592 0 0.0191709623 -0.00469595461 0 0.0197377249 0.101564495 1
725 592 0 0.0195050488 -0.0045347808 0 0.0200252632 0.0989297522 1
729 592 0 0.0198273493 -0.00437043611 0 0.0203033123 0.0961988606 1
733 592 0 0.0201376659 -0.00420378644 0 0.0205717624 0.0933831083 1
737 592 0 0.0204358618 -0.00403565904 0 0.0208305303 0.0904940488 1
741 592 0 0.0207218589 -0.00386683914 0 0.0210795607 0.0875433935 1
745 592 0 0.020995634 -0.00369806713 0 0.0213188261 0.0845429071 1
749 592 0 0.021257216 -0.00353003625 0 0.0215483268 0.0815043083 1
753 592 0 0.0215066822 -0.00336339086 0 0.0217680908 0.078439175 1
757 592 0 0.0217441547 -0.0031987252 0 0.0219781734 0.0753588559 1
761 592 0 0.0219697967 -0.00303658267 0 0.0221786564 0.0722743888 1
765 592 0 0.022183809 -0.00287745552 0 0.0223696476 0.0691964262 1
769 592 0 0.0223864261 -0.00272178504 0 0.022551279 0.0661351683 1
773 592 0 0.0225779126 -0.00256996216 0 0.0227237067 0.0631003047 1
777 592 0 0.0227585598 -0.00242232834 0 0.0228871081 0.0601009635 1
781 592 0 0.0229286817 -0.00227917691 0 0.0230416816 0.0571456693 1
785 592 0 0.0230886119 -0.00214075463 0 0.0231876439 0.0542423093 1
789 592 0 0.0232387004 -0.00200726352 0 0.0233252289 0.051398107 1
793 592 0 0.0233793101 -0.00187886298 0 0.0234546854 0.0486196044 1
797 592 0 0.0235108139 -0.001755672 0 0.0235762753 0.0459126517 1
801 592 0 0.0236335922 -0.00163777162 0 0.0236902717 0.0432824033 1
805 592 0 0.0237480296 -0.0015252074 0 0.0237969571 0.0407333219 1
809 592 0 0.0238545132 -0.0014179921 0 0.0238966211 0.0382691871 1
813 592 0 0.0239534295 -0.00131610827 0 0.0239895587 0.0358931115 1
817 592 0 0.0240451631 -0.00121951099 0 0.0240760685 0.0336075602 1
821 592 0 0.0241300941 -0.00112813054 0 0.0241564509 0.0314143759 1
825 592 0 0.0242085971 -0.001041875 0 0.0242310065 0.0293148074 1
829 592 0 0.0242810389 -0.000960632897 0 0.0243000343 0.0273095415 1
833 592 0 0.024347778 -0.000884275718 0 0.0243638305 0.0253987375 1
837 592 0 0.0244091628 -0.000812660315 0 0.0244226871 0.023582064 1
841 592 0 0.0244655309 -0.000745631249 0 0.0244768905 0.0218587372 1
845 592 0 0.0245172084 -0.000683022995 0 0.0245267207 0.02022756 1
849 592 0 0.0245645091 -0.000624662021 0 0.0245724502 0.0186869617 1
853 592 0 0.0246077339 -0.000570368736 0 0.0246143431 0.0172350381 1
857 592 0 0.0246471705 -0.000519959291 0 0.0246526544 0.0158695908 1
861 592 0 0.0246830934 -0.000473247246 0 0.0246876297 0.0145881663 1
253 596 0 0.0246706767 0.000519111123 0 0.0246761376 0.0151557734 1
257 596 0 0.0246333463 0.000570350179 0 0.0246399483 0.0164654665 1
261 596 0 0.0245923645 0.000625644962 0 0.0246003216 0.017857943 1
265 596 0 0.0245474462 0.00068519998 0 0.0245570074 0.019335162 1
269 596 0 0.0244982923 0.000749216899 0 0.024509746 0.0208987662 1
273 596 0 0.02444459 0.000817892716 0 0.0244582691 0.0225500409 1
277 596 0 0.0243860133 0.000891417779 0 0.0244023005 0.0242898711 1
281 596 0 0.0243222234 0.000969973656 0 0.024341557 0.0261186995 1
285 596 0 0.0242528694 0.00105373085 0 0.0242757497 0.0280364844 1
289 596 0 0.0241775892 0.00114284637 0 0.0242045847 0.0300426587 1
293 596 0 0.0240960105 0.00123746121 0 0.0241277647 0.0321360909 1
297 596 0 0.0240077518 0.00133769764 0 0.0240449907 0.0343150477 1
301 596 0 0.023912424 0.00144365646 0 0.023955963 0.0365771595 1
305 596 0 0.023809632 0.00155541417 0 0.0238603833 0.0389193899 1
309 596 0 0.0236989763 0.00167302004 0 0.0237579561 0.0413380081 1
313 596 0 0.0235800551 0.00179649321 0 0.0236483908 0.0438285676 1
317 596 0 0.0234524663 0.00192581969 0 0.0235314037 0.0463858892 1
321 596 0 0.02331581 0.00206094949 0 0.0234067193 0.0490040505 1
325 596 0 0.0231696912 0.00220179373 0 0.0232740732 0.0516763821 1
329 596 0 0.0230137221 0.00234822188 0 0.0231332131 0.0543954712 1
333 596 0 0.0228475256 0.00250005911 0 0.0229839014 0.0571531724 1
337 596 0 0.0226707382 0.00265708379 0 0.0228259166 0.059940628 1
341 596 0 0.0224830132 0.00281902527 0 0.0226590552 0.0627482956 1
345 596 0 0.022284024 0.00298556178 0 0.0224831338 0.0655659858 1
349 596 0 0.0220734682 0.00315631877 0 0.0222979897 0.0683829083 1
353 596 0 0.0218510707 0.00333086744 0 0.0221034832 0.071187728 1
357 596 0 0.0216165879 0.00350872371 0 0.021899498 0.0739686298 1
361 596 0 0.021369811 0.00368934763 0 0.0216859426 0.0767133929 1
365 596 0 0.0211105705 0.00387214315 0 0.021462751 0.0794094738 1
369 596 0 0.0208387394 0.00405645843 0 0.0212298826 0.082044098 1
373 596 0 0.0205542376 0.00424158667 0 0.0209873233 0.0846043592 1
377 596 0 0.0202570349 0.00442676743 0 0.0207350846 0.087077326 1
381 596 0 0.0199471554 0.00461118858 0 0.0204732036 0.0894501551 1
385 596 0 0.0196246803 0.0047939888 0 0.0202017427 0.0917102091 1
389 596 0 0.0192897518 0.00497426065 0 0.019920788 0.0938451797 1
393 596 0 0.0189425755 0.00515105433 0 0.019630449 0.095843213 1
397 596 0 0.0185834236 0.00532338194 0 0.0193308568 0.0976930366 1
401 596 0 0.0182126371 0.00549022245 0 0.0190221632 0.0993840873 1
405 596 0 0.0178306281 0.00565052716 0 0.0187045384 0.100906637 1
409 596 0 0.0174378815 0.00580322577 0 0.0183781702 0.102251917 1
413 596 0 0.0170349558 0.00594723299 0 0.0180432619 0.103412234 1
417 596 0 0.0166224846 0.00608145562 0 0.017700031 0.104381084 1
421 596 0 0.0162011763 0.00620480014 0 0.0173487077 0.105153258 1
425 596 0 0.0157718141 0.0063161806 0 0.0169895337 0.105724934 1
429 596 0 0.0153352552 0.00641452695 0 0.0166227617 0.106093762 1
433 596 0 0.0148924294 0.00649879357 0 0.0162486544 0.106258935 1
437 596 0 0.014444337 0.00656796807 0 0.0158674849 0.106221245 1
441 596 0 0.0139920466 0.0066210801 0 0.0154795372 0.105983125 1
445 596 0 0.0135366914 0.00665721033 0 0.0150851073 0.105548673 1
449 596 0 0.0130794656 0.00667549924 0 0.0146845058 0.10492366 1
453 596 0 0.0126216203 0.00667515587 0 0.0142780603 0.10411552 1
457 596 0 0.012164458 0.00665546625 0 0.0138661194 0.103133316 1
461 596 0 0.0117093273 0.00661580153 0 0.0134490585 0.1019877 1
465 596 0 0.0112576169 0.0065556257 0 0.0130272855 0.100690837 1
469 596 0 0.0108107489 0.00647450272 0 0.012601249 0.0992563222 1
473 596 0 0.0103701715 0.00637210306 0 0.0121714484 0.0976990781 1
477 596 0 0.00993735187 0.00624820959 0 0.0117384448 0.0960352294 1
481 596 0 0.00951376788 0.00610272258 0 0.0113028758 0.0942819655 1
485 596 0 0.00910090022 0.00593566392 0 0.0108654724 0.0924573872 1
489 596 0 0.00870022378 0.00574718035 0 0.010427079 0.0905803383 1
493 596 0 0.00831319904 0.0055375458 0 0.00998867818 0.0886702268 1
497 596 0 0.00794126329 0.00530716253 0 0.00955142067 0.0867468352 1
501 596 0 0.00758582183 0.00505656137 0 0.00911666088 0.0848301233 1
505 596 0 0.00724823918 0.00478640069 0 0.00868600039 0.0829400253 1
509 596 0 0.00692983041 0.00449746443 0 0.00826133983 0.0810962441 1
513 596 0 0.00663185259 0.00419065882 0 0.00784494042 0.0793180447 1
517 596 0 0.0063554966 0.00386700811 0 0.0074394952 0.0776240497 1
521 596 0 0.00610187918 0.00352764922 0 0.00704820818 0.0760320396 1
525 596 0 0.00587203542 0.00317382523 0 0.00667487577 0.0745587593 1
529 596 0 0.00566691175 0.002806878 0 0.00632395864 0.0732197357 1
533 596 0 0.00548735943 0.00242823972 0 0.00600062177 0.0720291059 1
537 596 0 0.0053341287 0.00203942369 0 0.00571070731 0.0709994605 1
541 596 0 0.00520786351 0.00164201429 0 0.00546059092 0.0701417027 1
545 596 0 0.00510909704 0.00123765618 0 0.0052568684 0.0694649268 1
549 596 0 0.00503824795 0.000828043048 0 0.00510583956 0.0689763145 1
553 596 0 0.00499561742 0.000414905713 0 0.00501281758 0.068681055 1
557 596 0 0.00498138702 -0 0 0.00498138702 0.0685822852 1
561 596 0 0.00499561742 -0.000414905713 0 0.00501281758 0.068681055 1
565 596 0 0.00503824795 -0.000828043048 0 0.00510583956 0.0689763145 1
569 596 0 0.00510909704 -0.00123765618 0 0.0052568684 0.0694649268 1
573 596 0 0.00520786351 -0.00164201429 0 0.00546059092 0.0701417027 1
577 596 0 0.0053341287 -0.00203942369 0 0.00571070731 0.0709994605 1
581 596 0 0.00548735943 -0.00242823972 0 0.00600062177 0.0720291059 1
585 596 0 0.00566691175 -0.002806878 0 0.00632395864 0.0732197357 1
589 596 0 0.00587203542 -0.00317382523 0 0.00667487577 0.0745587593 1
593 596 0 0.00610187918 -0.00352764922 0 0.00704820818 0.0760320396 1
597 596 0 0.0063554966 -0.00386700811 0 0.0074394952 0.0776240497 1
601 596 0 0.00663185259 -0.00419065882 0 0.00784494042 0.0793180447 1
605 596 0 0.00692983041 -0.00449746443 0 0.00826133983 0.0810962441 1
609 596 0 0.00724823918 -0.00478640069 0 0.00868600039 0.0829400253 1
613 596 0 0.00758582183 -0.00505656137 0 0.00911666088 0.0848301233 1
617 596 0 0.00794126329 -0.00530716253 0 0.00955142067 0.0867468352 1
621 596 0 0.00831319904 -0.0055375458 0 0.00998867818 0.0886702268 1
625 596 0 0.00870022378 -0.00574718035 0 0.010427079 0.0905803383 1
629 596 0 0.00910090022 -0.00593566392 0 0.0108654724 0.0924573872 1
633 596 0 0.00951376788 -0.00610272258 0 0.0113028758 0.0942819655 1
637 596 0 0.00993735187 -0.00624820959 0 0.0117384448 0.0960352294 1
641 596 0 0.0103701715 -0.00637210306 0 0.0121714484 0.0976990781 1
645 596 0 0.0108107489 -0.00647450272 0 0.012601249 0.0992563222 1
649 596 0 0.0112576169 -0.0065556257 0 0.0130272855 0.100690837 1
653 596 0 0.0117093273 -0.00661580153 0 0.0134490585 0.1019877 1
657 596 0 0.012164458 -0.00665546625 0 0.0138661194 0.103133316 1
661 596 0 0.0126216203 -0.00667515587 0 0.0142780603 0.10411552 1
665 596 0 0.0130794656 -0.00667549924 0 0.0146845058 0.10492366 1
669 596 0 0.0135366914 -0.00665721033 0 0.0150851073 0.105548673 1
673 596 0 0.0139920466 -0.0066210801 0 0.0154795372 0.105983125 1
677 596 0 0.014444337 -0.00656796807 0 0.0158674849 0.106221245 1
681 596 0 0.0148924294 -0.00649879357 0 0.0162486544 0.106258935 1
685 596 0 0.0153352552 -0.00641452695 0 0.0166227617 0.106093762 1
689 596 0 0.0157718141 -0.0063161806 0 0.0169895337 0.105724934 1
693 596 0 0.0162011763 -0.00620480014 0 0.0173487077 0.105153258 1
697 596 0 0.0166224846 -0.00608145562 0 0.017700031 0.104381084 1
701 596 0 0.0170349558 -0.00594723299 0 0.0180432619 0.103412234 1
705 596 0 0.0174378815 -0.00580322577 0 0.0183781702 0.102251917 1
709 596 0 0.0178306281 -0.00565052716 0 0.0187045384 0.100906637 1
713 596 0 0.0182126371 -0.00549022245 0 0.0190221632 0.0993840873 1
717 596 0 0.0185834236 -0.00532338194 0 0.0193308568 0.0976930366 1
721 596 0 0.0189425755 -0.00515105433 0 0.019630449 0.095843213 1
725 596 0 0.0192897518 -0.00497426065 0 0.019920788 0.0938451797 1
729 596 0 0.0196246803 -0.0047939888 0 0.0202017427 0.0917102091 1
733 596 0 0.0199471554 -0.00461118858 0 0.0204732036 0.0894501551 1
737 596 0 0.0202570349 -0.00442676743 0 0.0207350846 0.087077326 1
741 596 0 0.0205542376 -0.00424158667 0 0.0209873233 0.0846043592 1
745 596 0 0.0208387394 -0.00405645843 0 0.0212298826 0.082044098 1
749 596 0 0.0211105705 -0.00387214315 0 0.021462751 0.0794094738 1
753 596 0 0.021369811 -0.00368934763 0 0.0216859426 0.0767133929 1
757 596 0 0.0216165879 -0.00350872371 0 0.021899498 0.0739686298 1
761 596 0 0.0218510707 -0.00333086744 0 0.0221034832 0.071187728 1
765 596 0 0.0220734682 -0.00315631877 0 0.0222979897 0.0683829083 1
769 596 0 0.022284024 -0.00298556178 0 0.0224831338 0.0655659858 1
773 596 0 0.0224830132 -0.00281902527 0 0.0226590552 0.0627482956 1
777 596 0 0.0226707382 -0.00265708379 0 0.0228259166 0.059940628 1
781 596 0 0.0228475256 -0.00250005911 0 0.0229839014 0.0571531724 1
785 596 0 0.0230137221 -0.00234822188 0 0.0231332131 0.0543954712 1
789 596 0 0.0231696912 -0.00220179373 0 0.0232740732 0.0516763821 1
793 596 0 0.02331581 -0.00206094949 0 0.0234067193 0.0490040505 1
797 596 0 0.0234524663 -0.00192581969 0 0.0235314037 0.0463858892 1
801 596 0 0.0235800551 -0.00179649321 0 0.0236483908 0.0438285676 1
805 596 0 0.0236989763 -0.00167302004 0 0.0237579561 0.0413380081 1
809 596 0 0.023809632 -0.00155541417 0 0.0238603833 0.0389193899 1
813 596 0 0.023912424 -0.00144365646 0 0.023955963 0.0365771595 1
817 596 0 0.0240077518 -0.00133769764 0 0.0240449907 0.0343150477 1
821 596 0 0.0240960105 -0.00123746121 0 0.0241277647 0.0321360909 1
825 596 0 0.0241775892 -0.00114284637 0 0.0242045847 0.0300426587 1
829 596 0 0.0242528694 -0.00105373085 0 0.0242757497 0.0280364844 1
833 596 0 0.0243222234 -0.000969973656 0 0.024341557 0.0261186995 1
837 596 0 0.0243860133 -0.000891417779 0 0.0244023005 0.0242898711 1
841 596 0 0.02444459 -0.000817892716 0 0.0244582691 0.0225500409 1
845 596 0 0.0244982923 -0.000749216899 0 0.024509746 0.0208987662 1
849 596 0 0.0245474462 -0.00068519998 0 0.0245570074 0.019335162 1
853 596 0 0.0245923645 -0.000625644962 0 0.0246003216 0.017857943 1
857 596 0 0.0246333463 -0.000570350179 0 0.0246399483 0.0164654665 1
861 596 0 0.0246706767 -0.000519111123 0 0.0246761376 0.0151557734 1
253 600 0 0.0246605314 0.00056657982 0 0.0246670391 0.0156680191 1
257 600 0 0.024622051 0.000622504291 0 0.0246299189 0.0169984431 1
261 600 0 0.0245798067 0.000682855354 0 0.0245892901 0.0184095339 1
265 600 0 0.0245335046 0.000747856218 0 0.0245449004 0.0199026732 1
269 600 0 0.0244828364 0.000817726989 0 0.0244964886 0.0214788608 1
273 600 0 0.0244274797 0.000892682678 0 0.0244437854 0.0231386698 1
277 600 0 0.0243670984 0.000972931039 0 0.0243865143 0.0248822011 1
281 600 0 0.0243013434 0.00105867024 0 0.0243243926 0.0267090392 1
285 600 0 0.0242298529 0.00115008638 0 0.0242571323 0.0286182077 1
289 600 0 0.0241522536 0.00124735083 0 0.024184442 0.030608127 1
293 600 0 0.0240681617 0.00135061747 0 0.0241060277 0.0326765744 1
297 600 0 0.023977184 0.00146001974 0 0.0240215946 0.0348206462 1
301 600 0 0.0238789195 0.00157566767 0 0.0239308488 0.0370367242 1
305 600 0 0.0237729608 0.00169764476 0 0.0238334988 0.0393204456 1
309 600 0 0.0236588963 0.00182600478 0 0.0237292576 0.0416666792 1
313 600 0 0.0235363115 0.00196076862 0 0.0236178444 0.0440695056 1
317 600 0 0.0234047921 0.002101921 0 0.0234989865 0.0465222055 1
321 600 0 0.0232639259 0.00224940738 0 0.0233724214 0.0490172541 1
325 600 0 0.0231133056 0.00240313074 0 0.0232378986 0.051546324 1
329 600 0 0.0229525317 0.00256294861 0 0.0230951816 0.0541002962 1
333 600 0 0.0227812153 0.00272867017 0 0.0229440495 0.0566692801 1
337 600 0 0.0225989816 0.00290005355 0 0.022784299 0.0592426434 1
341 600 0 0.0224054734 0.00307680332 0 0.0226157458 0.0618090513 1
345 600 0 0.022200354 0.00325856831 0 0.022438226 0.0643565168 1
349 600 0 0.0219833117 0.00344493971 0 0.0222515978 0.0668724603 1
353 600 0 0.0217540629 0.0036354495 0 0.0220557418 0.0693437806 1
357 600 0 0.0215123565 0.00382956935 0 0.0218505625 0.0717569357 1
361 600 0 0.0212579773 0.00402670993 0 0.0216359883 0.0740980337 1
365 600 0 0.0209907505 0.00422622069 0 0.021411972 0.0763529343 1
369 600 0 0.0207105452 0.00442739018 0 0.0211784907 0.0785073581 1
373 600 0 0.0204172788 0.00462944696 0 0.0209355452 0.0805470056 1
377 600 0 0.0201109203 0.00483156107 0 0.0206831598 0.0824576836 1
381 600 0 0.0197914945 0.00503284611 0 0.0204213808 0.0842254377 1
385 600 0 0.0194590851 0.00523236199 0 0.0201502756 0.0858366908 1
389 600 0 0.0191138386 0.00542911831 0 0.0198699308 0.0872783859 1
393 600 0 0.0187559669 0.0056220784 0 0.019580451 0.0885381307 1
397 600 0 0.0183857508 0.00581016404 0 0.0192819563 0.0896043441 1
401 600 0 0.0180035416 0.00599226083 0 0.0189745804 0.0904664019 1
405 600 0 0.0176097643 0.00616722416 0 0.0186584686 0.0911147797 1
409 600 0 0.0172049184 0.00633388587 0 0.0183337756 0.0915411921 1
413 600 0 0.01678958 0.00649106144 0 0.0180006632 0.0917387251 1
417 600 0 0.016364402 0.0066375577 0 0.0176592985 0.091701961 1
421 600 0 0.0159301146 0.00677218112 0 0.0173098523 0.0914270929 1
425 600 0 0.0154875252 0.00689374646 0 0.0169524976 0.0909120275 1
429 600 0 0.0150375174 0.00700108582 0 0.0165874088 0.0901564739 1
433 600 0 0.0145810496 0.00709305797 0 0.0162147612 0.0891620177 1
437 600 0 0.0141191531 0.00716855794 0 0.0158347311 0.0879321772 1
441 600 0 0.0136529292 0.00722652666 0 0.015447497 0.086472442 1
445 600 0 0.013183546 0.00726596072 0 0.0150532412 0.0847902913 1
449 600 0 0.0127122347 0.00728592201 0 0.0146521524 0.0828951922 1
453 600 0 0.0122402847 0.00728554724 0 0.0142444294 0.0807985758 1
457 600 0 0.0117690388 0.00726405715 0 0.0138302856 0.0785137923 1
461 600 0 0.0112998871 0.0072207654 0 0.0134099553 0.0760560426 1
465 600 0 0.0108342611 0.00715508696 0 0.0129837006 0.0734422889 1
469 600 0 0.0103736266 0.00706654591 0 0.0125518206 0.0706911428 1
473 600 0 0.00991947651 0.0069547826 0 0.0121146612 0.0678227324 1
477 600 0 0.00947332315 0.00681956003 0 0.0116726283 0.0648585487 1
481 600 0 0.00903668999 0.00666076935 0 0.0112262021 0.0618212741 1
485 600 0 0.00861110329 0.00647843447 0 0.0107759553 0.0587345923 1
489 600 0 0.00819808337 0.00627271554 0 0.0103225739 0.0556229829 1
493 600 0 0.00779913572 0.00604391153 0 0.00986688322 0.052511503 1
497 600 0 0.0074157419 0.00579246149 0 0.00940987981 0.0494255568 1
501 600 0 0.0070493505 0.00551894479 0 0.00895277019 0.0463906574 1
505 600 0 0.00670136809 0.00522408001 0 0.00849701984 0.0434321816 1
509 600 0 0.00637315023 0.00490872276 0 0.0080444144 0.0405751225 1
513 600 0 0.00606599273 0.00457386215 0 0.00759713649 0.0378438417 1
517 600 0 0.00578112316 0.00422061609 0 0.00715786177 0.0352618238 1
521 600 0 0.00551969265 0.00385022545 0 0.00672987689 0.0328514375 1
525 600 0 0.00528276819 0.003464047 0 0.00631721943 0.0306337051 1
529 600 0 0.00507132536 0.00306354528 0 0.00592483338 0.0286280838 1
533 600 0 0.00488624165 0.00265028345 0 0.00555871926 0.0268522618 1
537 600 0 0.0047282904 0.00222591321 0 0.00522603289 0.025321971 1
541 600 0 0.00459813541 0.00179216379 0 0.00493504816 0.0240508203 1
545 600 0 0.00449632628 0.00135083027 0 0.00469485808 0.0230501496 1
549 600 0 0.00442329457 0.00090376118 0 0.00451467819 0.0223289083 1
553 600 0 0.00437935074 0.000452845631 0 0.00440270168 0.0218935588 1
557 600 0 0.00436468196 -0 0 0.00436468196 0.0217480068 1
561 600 0 0.00437935074 -0.000452845631 0 0.00440270168 0.0218935588 1
565 600 0 0.00442329457 -0.00090376118 0 0.00451467819 0.0223289083 1
569 600 0 0.00449632628 -0.00135083027 0 0.00469485808 0.0230501496 1
573 600 0 0.00459813541 -0.00179216379 0 0.00493504816 0.0240508203 1
577 600 0 0.0047282904 -0.00222591321 0 0.00522603289 0.025321971 1
581 600 0 0.00488624165 -0.00265028345 0 0.00555871926 0.0268522618 1
585 600 0 0.00507132536 -0.00306354528 0 0.00592483338 0.0286280838 1
589 600 0 0.00528276819 -0.003464047 0 0.00631721943 0.0306337051 1
593 600 0 0.00551969265 -0.00385022545 0 0.00672987689 0.0328514375 1
597 600 0 0.00578112316 -0.00422061609 0 0.00715786177 0.0352618238 1
601 600 0 0.00606599273 -0.00457386215 0 0.00759713649 0.0378438417 1
605 600 0 0.00637315023 -0.00490872276 0 0.0080444144 0.0405751225 1
609 600 0 0.00670136809 -0.00522408001 0 0.00849701984 0.0434321816 1
613 600 0 0.0070493505 -0.00551894479 0 0.00895277019 0.0463906574 1
617 600 0 0.0074157419 -0.00579246149 0 0.00940987981 0.0494255568 1
621 600 0 0.00779913572 -0.00604391153 0 0.00986688322 0.052511503 1
625 600 0 0.00819808337 -0.00627271554 0 0.0103225739 0.0556229829 1
629 600 0 0.00861110329 -0.00647843447 0 0.0107759553 0.0587345923 1
633 600 0 0.00903668999 -0.00666076935 0 0.0112262021 0.0618212741 1
637 600 0 0.00947332315 -0.00681956003 0 0.0116726283 0.0648585487 1
641 600 0 0.00991947651 -0.0069547826 0 0.0121146612 0.0678227324 1
645 600 0 0.0103736266 -0.00706654591 0 0.0125518206 0.0706911428 1
649 600 0 0.0108342611 -0.00715508696 0 0.0129837006 0.0734422889 1
653 600 0 0.0112998871 -0.0072207654 0 0.0134099553 0.0760560426 1
657 600 0 0.0117690388 -0.00726405715 0 0.0138302856 0.0785137923 1
661 600 0 0.0122402847 -0.00728554724 0 0.0142444294 0.0807985758 1
665 600 0 0.0127122347 -0.00728592201 0 0.0146521524 0.0828951922 1
669 600 0 0.013183546 -0.00726596072 0 0.0150532412 0.0847902913 1
673 600 0 0.0136529292 -0.00722652666 0 0.015447497 0.086472442 1
677 600 0 0.0141191531 -0.00716855794 0 0.0158347311 0.0879321772 1
681 600 0 0.0145810496 -0.00709305797 0 0.0162147612 0.0891620177 1
685 600 0 0.0150375174 -0.00700108582 0 0.0165874088 0.0901564739 1
689 600 0 0.0154875252 -0.00689374646 0 0.0169524976 0.0909120275 1
693 600 0 0.0159301146 -0.00677218112 0 0.0173098523 0.0914270929 1
697 600 0 0.016364402 -0.0066375577 0 0.0176592985 0.091701961 1
701 600 0 0.01678958 -0.00649106144 0 0.0180006632 0.0917387251 1
705 600 0 0.0172049184 -0.00633388587 0 0.0183337756 0.0915411921 1
709 600 0 0.0176097643 -0.00616722416 0 0.0186584686 0.0911147797 1
713 600 0 0.0180035416 -0.00599226083 0 0.0189745804 0.0904664019 1
717 600 0 0.0183857508 -0.00581016404 0 0.0192819563 0.0896043441 1
721 600 0 0.0187559669 -0.0056220784 0 0.019580451 0.0885381307 1
725 600 0 0.0191138386 -0.00542911831 0 0.0198699308 0.0872783859 1
729 600 0 0.0194590851 -0.00523236199 0 0.0201502756 0.0858366908 1
733 600 0 0.0197914945 -0.00503284611 0 0.0204213808 0.0842254377 1
737 600 0 0.0201109203 -0.00483156107 0 0.0206831598 0.0824576836 1
741 600 0 0.0204172788 -0.00462944696 0 0.0209355452 0.0805470056 1
745 600 0 0.0207105452 -0.00442739018 0 0.0211784907 0.0785073581 1
749 600 0 0.0209907505 -0.00422622069 0 0.021411972 0.0763529343 1
753 600 0 0.0212579773 -0.00402670993 0 0.0216359883 0.0740980337 1
757 600 0 0.0215123565 -0.00382956935 0 0.0218505625 0.0717569357 1
761 600 0 0.0217540629 -0.0036354495 0 0.0220557418 0.0693437806 1
765 600 0 0.0219833117 -0.00344493971 0 0.0222515978 0.0668724603 1
769 600 0 0.022200354 -0.00325856831 0 0.022438226 0.0643565168 1
773 600 0 0.0224054734 -0.00307680332 0 0.0226157458 0.0618090513 1
777 600 0 0.0225989816 -0.00290005355 0 0.022784299 0.0592426434 1
781 600 0 0.0227812153 -0.00272867017 0 0.0229440495 0.0566692801 1
785 600 0 0.0229525317 -0.00256294861 0 0.0230951816 0.0541002962 1
789 600 0 0.0231133056 -0.00240313074 0 0.0232378986 0.051546324 1
793 600 0 0.0232639259 -0.00224940738 0 0.0233724214 0.0490172541 1
797 600 0 0.0234047921 -0.002101921 0 0.0234989865 0.0465222055 1
801 600 0 0.0235363115 -0.00196076862 0 0.0236178444 0.0440695056 1
805 600 0 0.0236588963 -0.00182600478 0 0.0237292576 0.0416666792 1
809 600 0 0.0237729608 -0.00169764476 0 0.0238334988 0.0393204456 1
813 600 0 0.0238789195 -0.00157566767 0 0.0239308488 0.0370367242 1
817 600 0 0.023977184 -0.00146001974 0 0.0240215946 0.0348206462 1
821 600 0 0.0240681617 -0.00135061747 0 0.0241060277 0.0326765744 1
825 600 0 0.0241522536 -0.00124735083 0 0.024184442 0.030608127 1
829 600 0 0.0242298529 -0.00115008638 0 0.0242571323 0.0286182077 1
833 600 0 0.0243013434 -0.00105867024 0 0.0243243926 0.0267090392 1
837 600 0 0.0243670984 -0.000972931039 0 0.0243865143 0.0248822011 1
841 600 0 0.0244274797 -0.000892682678 0 0.0244437854 0.0231386698 1
845 600 0 0.0244828364 -0.000817726989 0 0.0244964886 0.0214788608 1
849 600 0 0.0245335046 -0.000747856218 0 0.0245449004 0.0199026732 1
853 600 0 0.0245798067 -0.000682855354 0 0.0245892901 0.0184095339 1
857 600 0 0.024622051 -0.000622504291 0 0.0246299189 0.0169984431 1
861 600 0 0.0246605314 -0.00056657982 0 0.0246670391 0.0156680191 1
253 604 0 0.0246530235 0.000615304932 0 0.0246607009 0.0161208993 1
257 604 0 0.0246136921 0.000676038834 0 0.0246229744 0.0174643365 1
261 604 0 0.0245705135 0.000741580008 0 0.024581702 0.0188854595 1
265 604 0 0.0245231874 0.000812170861 0 0.0245366326 0.0203849941 1
269 604 0 0.0244713986 0.000888050425 0 0.0244875066 0.0219632138 1
273 604 0 0.0244148176 0.000969452204 0 0.0244340573 0.0236198913 1
277 604 0 0.0243531009 0.00105660182 0 0.0243760114 0.0253542508 1
281 604 0 0.0242858916 0.00114971448 0 0.0243130906 0.0271649205 1
285 604 0 0.02421282 0.00124899229 0 0.0242450125 0.0290498871 1
289 604 0 0.0241335045 0.00135462135 0 0.0241714922 0.0310064515 1
293 604 0 0.0240475527 0.00146676878 0 0.0240922436 0.0330311884 1
297 604 0 0.023954563 0.0015855795 0 0.0240069813 0.0351199083 1
301 604 0 0.0238541252 0.001711173 0 0.0239154219 0.0372676249 1
305 604 0 0.0237458232 0.00184363996 0 0.0238172863 0.0394685271 1
309 604 0 0.0236292359 0.00198303877 0 0.0237123013 0.0417159571 1
313 604 0 0.02350394 0.00212939212 0 0.0236002014 0.0440023948 1
317 604 0 0.0233695118 0.00228268342 0 0.023480731 0.0463194511 1
321 604 0 0.0232255302 0.00244285343 0 0.0233536461 0.0486578679 1
325 604 0 0.0230715787 0.00260979679 0 0.0232187162 0.0510075284 1
329 604 0 0.022907249 0.00278335879 0 0.0230757263 0.0533574763 1
333 604 0 0.0227321437 0.00296333219 0 0.0229244781 0.0556959461 1
337 604 0 0.0225458798 0.00314945431 0 0.022764792 0.0580104034 1
341 604 0 0.0223480918 0.00334140432 0 0.0225965084 0.0602875969 1
345 604 0 0.022138436 0.00353880086 0 0.0224194884 0.0625136221 1
349 604 0 0.0219165934 0.00374119995 0 0.0222336152 0.0646739957 1
353 604 0 0.0216822745 0.00394809333 0 0.0220387946 0.0667537427 1
357 604 0 0.0214352224 0.00415890724 0 0.0218349552 0.0687374946 1
361 604 0 0.0211752172 0.00437300165 0 0.0216220482 0.0706095982 1
365 604 0 0.0209020803 0.00458967006 0 0.0214000475 0.0723542362 1
369 604 0 0.0206156779 0.00480813986 0 0.0211689486 0.0739555564 1
373 604 0 0.0203159255 0.00502757326 0 0.0209287678 0.0753978118 1
377 604 0 0.0200027915 0.00524706891 0 0.0206795406 0.0766655069 1
381 604 0 0.0196763011 0.0054656642 0 0.02042132 0.0777435524 1
385 604 0 0.01933654 0.00568233818 0 0.0201541744 0.0786174246 1
389 604 0 0.0189836579 0.00589601528 0 0.0198781856 0.0792733293 1
393 604 0 0.0186178714 0.00610556968 0 0.0195934458 0.0796983672 1
397 604 0 0.0182394674 0.00630983044 0 0.0193000552 0.0798807007 1
401 604 0 0.0178488052 0.00650758731 0 0.0189981193 0.0798097182 1
405 604 0 0.0174463189 0.00669759726 0 0.018687746 0.0794761958 1
409 604 0 0.0170325193 0.00687859166 0 0.0183690429 0.078872452 1
413 604 0 0.0166079951 0.00704928411 0 0.0180421148 0.0779924961 1
417 604 0 0.0161734137 0.00720837885 0 0.0177070617 0.0768321651 1
421 604 0 0.0157295214 0.00735457971 0 0.0173639767 0.0753892489 1
425 604 0 0.0152771435 0.00748659951 0 0.0170129446 0.0736636018 1
429 604 0 0.0148171832 0.00760316991 0 0.0166540418 0.0716572364 1
433 604 0 0.01435062 0.00770305155 0 0.0162873355 0.0693744001 1
437 604 0 0.013878508 0.00778504441 0 0.0159128847 0.0668216312 1
441 604 0 0.0134019729 0.00784799837 0 0.0155307423 0.0640077936 1
445 604 0 0.0129222086 0.0078908237 0 0.0151409568 0.060944088 1
449 604 0 0.0124404736 0.00791250164 0 0.0147435771 0.0576440397 1
453 604 0 0.0119580858 0.00791209464 0 0.014338656 0.054123461 1
457 604 0 0.0114764175 0.00788875643 0 0.0139262571 0.0504003883 1
461 604 0 0.0109968899 0.00784174165 0 0.0135064614 0.0464949932 1
465 604 0 0.0105209659 0.00777041495 0 0.0130793759 0.0424294687 1
469 604 0 0.0100501439 0.00767425948 0 0.0126451434 0.0382278895 1
473 604 0 0.00958594965 0.00755288467 0 0.0122039542 0.0339160488 1
477 604 0 0.00912992898 0.00740603314 0 0.0117560593 0.029521271 1
481 604 0 0.00868363906 0.00723358668 0 0.0113017859 0.0250722037 1
485 604 0 0.00824863991 0.00703557124 0 0.0108415554 0.0205985891 1
489 604 0 0.00782648549 0.00681216076 0 0.0103759052 0.0161310186 1
493 604 0 0.00741871455 0.0065636799 0 0.0099055146 0.011700671 1
497 604 0 0.00702684144 0.0062906055 0 0.0094312363 0.00733903975 1
501 604 0 0.00665234678 0.00599356672 0 0.00895413646 0.00307764894 1
505 604 0 0.00629666825 0.00567334396 0 0.00847554499 -0.00105223559 1
509 604 0 0.0059611914 0.00533086641 0 0.0079971207 -0.0050198992 1
513 604 0 0.00564724068 0.00496720822 0 0.00752093644 -0.00879547073 1
517 604 0 0.00535607082 0.00458358348 0 0.00704959092 -0.012350211 1
521 604 0 0.00508885841 0.00418133973 0 0.00658635573 -0.0156567943 1
525 604 0 0.00484669403 0.00376195045 0 0.00613536586 -0.0186895788 1
529 604 0 0.00463057484 0.00332700611 0 0.00570185874 -0.0214248631 1
533 604 0 0.00444139775 0.00287820431 0 0.00529245445 -0.0238411257 1
537 604 0 0.00427995319 0.00241733879 0 0.00491543754 -0.0259192437 1
541 604 0 0.00414691964 0.0019462875 0 0.00458093632 -0.0276426889 1
545 604 0 0.00404285886 0.00146699988 0 0.00430079021 -0.0289976976 1
549 604 0 0.00396821195 0.000981483442 0 0.00408778863 -0.0299734138 1
553 604 0 0.00392329625 0.000491789754 0 0.00395399932 -0.0305620011 1
557 604 0 0.00390830304 -0 0 0.00390830304 -0.0307587247 1
561 604 0 0.00392329625 -0.000491789754 0 0.00395399932 -0.0305620011 1
565 604 0 0.00396821195 -0.000981483442 0 0.00408778863 -0.0299734138 1
569 604 0 0.00404285886 -0.00146699988 0 0.00430079021 -0.0289976976 1
573 604 0 0.00414691964 -0.0019462875 0 0.00458093632 -0.0276426889 1
577 604 0 0.00427995319 -0.00241733879 0 0.00491543754 -0.0259192437 1
581 604 0 0.00444139775 -0.00287820431 0 0.00529245445 -0.0238411257 1
585 604 0 0.00463057484 -0.00332700611 0 0.00570185874 -0.0214248631 1
589 604 0 0.00484669403 -0.00376195045 0 0.00613536586 -0.0186895788 1
593 604 0 0.00508885841 -0.00418133973 0 0.00658635573 -0.0156567943 1
597 604 0 0.00535607082 -0.00458358348 0 0.00704959092 -0.012350211 1
601 604 0 0.00564724068 -0.00496720822 0 0.00752093644 -0.00879547073 1
605 604 0 0.0059611914 -0.00533086641 0 0.0079971207 -0.0050198992 1
609 604 0 0.00629666825 -0.00567334396 0 0.00847554499 -0.00105223559 1
613 604 0 0.00665234678 -0.00599356672 0 0.00895413646 0.00307764894 1
617 604 0 0.00702684144 -0.0062906055 0 0.0094312363 0.00733903975 1
621 604 0 0.00741871455 -0.0065636799 0 0.0099055146 0.011700671 1
625 604 0 0.00782648549 -0.00681216076 0 0.0103759052 0.0161310186 1
629 604 0 0.00824863991 -0.00703557124 0 0.0108415554 0.0205985891 1
633 604 0 0.00868363906 -0.00723358668 0 0.0113017859 0.0250722037 1
637 604 0 0.00912992898 -0.00740603314 0 0.0117560593 0.029521271 1
641 604 0 0.00958594965 -0.00755288467 0 0.0122039542 0.0339160488 1
645 604 0 0.0100501439 -0.00767425948 0 0.0126451434 0.0382278895 1
649 604 0 0.0105209659 -0.00777041495 0 0.0130793759 0.0424294687 1
653 604 0 0.0109968899 -0.00784174165 0 0.0135064614 0.0464949932 1
657 604 0 0.0114764175 -0.00788875643 0 0.0139262571 0.0504003883 1
661 604 0 0.0119580858 -0.00791209464 0 0.014338656 0.054123461 1
665 604 0 0.0124404736 -0.00791250164 0 0.0147435771 0.0576440397 1
669 604 0 0.0129222086 -0.0078908237 0 0.0151409568 0.060944088 1
673 604 0 0.0134019729 -0.00784799837 0 0.0155307423 0.0640077936 1
677 604 0 0.013878508 -0.00778504441 0 0.0159128847 0.0668216312 1
681 604 0 0.01435062 -0.00770305155 0 0.0162873355 0.0693744001 1
685 604 0 0.0148171832 -0.00760316991 0 0.0166540418 0.0716572364 1
689 604 0 0.0152771435 -0.00748659951 0 0.0170129446 0.0736636018 1
693 604 0 0.0157295214 -0.00735457971 0 0.0173639767 0.0753892489 1
697 604 0 0.0161734137 -0.00720837885 0 0.0177070617 0.0768321651 1
701 604 0 0.0166079951 -0.00704928411 0 0.0180421148 0.0779924961 1
705 604 0 0.0170325193 -0.00687859166 0 0.0183690429 0.078872452 1
709 604 0 0.0174463189 -0.00669759726 0 0.018687746 0.0794761958 1
713 604 0 0.0178488052 -0.00650758731 0 0.0189981193 0.0798097182 1
717 604 0 0.0182394674 -0.00630983044 0 0.0193000552 0.0798807007 1
721 604 0 0.0186178714 -0.00610556968 0 0.0195934458 0.0796983672 1
725 604 0 0.0189836579 -0.00589601528 0 0.0198781856 0.0792733293 1
729 604 0 0.01933654 -0.00568233818 0 0.0201541744 0.0786174246 1
733 604 0 0.0196763011 -0.0054656642 0 0.02042132 0.0777435524 1
737 604 0 0.0200027915 -0.00524706891 0 0.0206795406 0.0766655069 1
741 604 0 0.0203159255 -0.00502757326 0 0.0209287678 0.0753978118 1
745 604 0 0.0206156779 -0.00480813986 0 0.0211689486 0.0739555564 1
749 604 0 0.0209020803 -0.00458967006 0 0.0214000475 0.0723542362 1
753 604 0 0.0211752172 -0.00437300165 0 0.0216220482 0.0706095982 1
757 604 0 0.0214352224 -0.00415890724 0 0.0218349552 0.0687374946 1
761 604 0 0.0216822745 -0.00394809333 0 0.0220387946 0.0667537427 1
765 604 0 0.0219165934 -0.00374119995 0 0.0222336152 0.0646739957 1
769 604 0 0.022138436 -0.00353880086 0 0.0224194884 0.0625136221 1
773 604 0 0.0223480918 -0.00334140432 0 0.0225965084 0.0602875969 1
777 604 0 0.0225458798 -0.00314945431 0 0.022764792 0.0580104034 1
781 604 0 0.0227321437 -0.00296333219 0 0.0229244781 0.0556959461 1
785 604 0 0.022907249 -0.00278335879 0 0.0230757263 0.0533574763 1
789 604 0 0.0230715787 -0.00260979679 0 0.0232187162 0.0510075284 1
793 604 0 0.0232255302 -0.00244285343 0 0.0233536461 0.0486578679 1
797 604 0 0.0233695118 -0.00228268342 0 0.023480731 0.0463194511 1
801 604 0 0.02350394 -0.00212939212 0 0.0236002014 0.0440023948 1
805 604 0 0.0236292359 -0.00198303877 0 0.0237123013 0.0417159571 1
809 604 0 0.0237458232 -0.00184363996 0 0.0238172863 0.0394685271 1
813 604 0 0.0238541252 -0.001711173 0 0.0239154219 0.0372676249 1
817 604 0 0.023954563 -0.0015855795 0 0.0240069813 0.0351199083 1
821 604 0 0.0240475527 -0.00146676878 0 0.0240922436 0.0330311884 1
825 604 0 0.0241335045 -0.00135462135 0 0.0241714922 0.0310064515 1
829 604 0 0.02421282 -0.00124899229 0 0.0242450125 0.0290498871 1
833 604 0 0.0242858916 -0.00114971448 0 0.0243130906 0.0271649205 1
837 604 0 0.0243531009 -0.00105660182 0 0.0243760114 0.0253542508 1
841 604 0 0.0244148176 -0.000969452204 0 0.0244340573 0.0236198913 1
845 604 0 0.0244713986 -0.000888050425 0 0.0244875066 0.0219632138 1
849 604 0 0.0245231874 -0.000812170861 0 0.0245366326 0.0203849941 1
853 604 0 0.0245705135 -0.000741580008 0 0.024581702 0.0188854595 1
857 604 0 0.0246136921 -0.000676038834 0 0.0246229744 0.0174643365 1
861 604 0 0.0246530235 -0.000615304932 0 0.0246607009 0.0161208993 1
253 608 0 0.0246484969 0.000664887578 0 0.0246574629 0.0165119077 1
257 608 0 0.0246086524 0.000730515552 0 0.0246194928 0.0178606704 1
261 608 0 0.0245649105 0.000801338181 0 0.0245779773 0.0192833108 1
265 608 0 0.0245169669 0.000877617402 0 0.0245326697 0.0207798271 1
269 608 0 0.0244645025 0.000959611511 0 0.0244833155 0.02234969 1
273 608 0 0.0244071834 0.00104757283 0 0.0244296543 0.0239917919 1
277 608 0 0.0243446616 0.00114174515 0 0.0243714203 0.0257043953 1
281 608 0 0.0242765755 0.00124236104 0 0.0243083438 0.0274850838 1
285 608 0 0.0242025506 0.00134963887 0 0.0242401522 0.0293307141 1
289 608 0 0.0241222003 0.00146377976 0 0.0241665719 0.0312373714 1
293 608 0 0.0240351273 0.00158496428 0 0.0240873297 0.0332003274 1
297 608 0 0.0239409244 0.00171334903 0 0.0240021546 0.0352140035 1
301 608 0 0.0238391763 0.00184906314 0 0.0239107792 0.0372719388 1
305 608 0 0.0237294614 0.00199220458 0 0.0238129422 0.0393667644 1
309 608 0 0.0236113531 0.00214283647 0 0.0237083897 0.0414901842 1
313 608 0 0.0234844226 0.00230098329 0 0.0235968775 0.0436329644 1
317 608 0 0.0233482407 0.00246662715 0 0.0234781727 0.0457849312 1
321 608 0 0.0232023807 0.00263970401 0 0.0233520558 0.0479349778 1
325 608 0 0.0230464208 0.00282010005 0 0.023218322 0.0500710828 1
329 608 0 0.0228799473 0.00300764806 0 0.0230767835 0.0521803381 1
333 608 0 0.0227025576 0.00320212411 0 0.0229272703 0.0542489903 1
337 608 0 0.0225138637 0.00340324437 0 0.0227696318 0.0562624924 1
341 608 0 0.0223134954 0.00361066214 0 0.0226037377 0.0582055693 1
345 608 0 0.0221011044 0.00382396534 0 0.022429479 0.0600622958 1
349 608 0 0.0218763678 0.0040426742 0 0.0222467679 0.0618161875 1
353 608 0 0.021638992 0.00426623951 0 0.0220555384 0.0634503043 1
357 608 0 0.0213887168 0.00449404127 0 0.0218557456 0.0649473672 1
361 608 0 0.0211253197 0.00472538788 0 0.0216473653 0.0662898865 1
365 608 0 0.0208486195 0.00495951592 0 0.0214303927 0.0674603024 1
369 608 0 0.0205584808 0.0051955905 0 0.0212048412 0.0684411356 1
373 608 0 0.0202548178 0.00543270633 0 0.0209707402 0.0692151485 1
377 608 0 0.0199375987 0.00566988944 0 0.0207281328 0.0697655146 1
381 608 0 0.019606849 0.00590609962 0 0.0204770735 0.0700759945 1
385 608 0 0.0192626554 0.00614023368 0 0.0202176251 0.0701311187 1
389 608 0 0.0189051696 0.00637112936 0 0.0199498553 0.0699163726 1
393 608 0 0.0185346112 0.00659757012 0 0.019673834 0.0694183851 1
397 608 0 0.0181512705 0.00681829067 0 0.0193896289 0.0686251147 1
401 608 0 0.0177555118 0.00703198322 0 0.0190973031 0.0675260356 1
405 608 0 0.0173477747 0.0072373046 0 0.0187969111 0.0661123165 1
409 608 0 0.0169285768 0.00743288393 0 0.0184884958 0.0643769937 1
413 608 0 0.0164985143 0.00761733116 0 0.018172086 0.0623151343 1
417 608 0 0.0160582634 0.00778924611 0 0.0178476939 0.0599239862 1
421 608 0 0.0156085802 0.00794722816 0 0.0175153136 0.057203115 1
425 608 0 0.0151503006 0.00808988641 0 0.0171749198 0.0541545226 1
429 608 0 0.0146843397 0.00821585031 0 0.0168264681 0.0507827474 1
433 608 0 0.0142116898 0.00832378064 0 0.0164698953 0.0470949429 1
437 608 0 0.0137334187 0.00841238067 0 0.0161051215 0.0431009325 1
441 608 0 0.0132506668 0.00848040759 0 0.0157320528 0.0388132404 1
445 608 0 0.0127646437 0.00852668389 0 0.0153505852 0.0342470947 1
449 608 0 0.012276624 0.00855010868 0 0.0149606101 0.0294204037 1
453 608 0 0.011787943 0.00854966889 0 0.0145620204 0.0243537031 1
457 608 0 0.011299991 0.00852445003 0 0.0141547181 0.0190700742 1
461 608 0 0.0108142075 0.0084736467 0 0.0137386234 0.013595033 1
465 608 0 0.0103320747 0.00839657233 0 0.0133136845 0.0079563897 1
469 608 0 0.0098551104 0.00829266844 0 0.0128798894 0.00218408005 1
473 608 0 0.00938486037 0.00816151298 0 0.0124372786 -0.003690031 1
477 608 0 0.00892289053 0.00800282783 0 0.0119859596 -0.00963237189 1
481 608 0 0.00847077838 0.00781648525 0 0.0115261237 -0.0156079114 1
485 608 0 0.0080301043 0.00760251327 0 0.0110580642 -0.0215804278 1
489 608 0 0.00760244252 0.00736109988 0 0.0105821984 -0.0275127981 1
493 608 0 0.00718935186 0.00709259588 0 0.0100990938 -0.0333673038 1
497 608 0 0.00679236643 0.00679751653 0 0.00960949909 -0.0391059508 1
501 608 0 0.00641298618 0.0064765417 0 0.00911438337 -0.0446907996 1
505 608 0 0.00605266752 0.00613051469 0 0.00861498662 -0.0500843026 1
509 608 0 0.00571281409 0.00576043953 0 0.00811288533 -0.0552496442 1
513 608 0 0.00539476762 0.00536747695 0 0.00761008059 -0.0601510797 1
517 608 0 0.00509979921 0.00495293886 0 0.00710911776 -0.0647542707 1
521 608 0 0.00482910078 0.00451828143 0 0.00661325044 -0.0690266101 1
525 608 0 0.00458377716 0.00406509681 0 0.0061266651 -0.0729375358 1
529 608 0 0.00436483852 0.00359510369 0 0.00565478433 -0.0764588269 1
533 608 0 0.00417319346 0.00311013644 0 0.00520466064 -0.0795648804 1
537 608 0 0.00400964272 0.00261213335 0 0.00478544411 -0.0822329639 1
541 608 0 0.00387487363 0.00210312369 0 0.0044088292 -0.0844434416 1
545 608 0 0.00376945529 0.00158521401 0 0.00408921712 -0.0861799707 1
549 608 0 0.00369383455 0.00106057357 0 0.00384307559 -0.0874296658 1
553 608 0 0.00364833288 0.000531419271 0 0.00368683323 -0.0881832287 1
557 608 0 0.00363314407 -0 0 0.00363314407 -0.0884350426 1
561 608 0 0.00364833288 -0.000531419271 0 0.00368683323 -0.0881832287 1
565 608 0 0.00369383455 -0.00106057357 0 0.00384307559 -0.0874296658 1
569 608 0 0.00376945529 -0.00158521401 0 0.00408921712 -0.0861799707 1
573 608 0 0.00387487363 -0.00210312369 0 0.0044088292 -0.0844434416 1
577 608 0 0.00400964272 -0.00261213335 0 0.00478544411 -0.0822329639 1
581 608 0 0.00417319346 -0.00311013644 0 0.00520466064 -0.0795648804 1
585 608 0 0.00436483852 -0.00359510369 0 0.00565478433 -0.0764588269 1
589 608 0 0.00458377716 -0.00406509681 0 0.0061266651 -0.0729375358 1
593 608 0 0.00482910078 -0.00451828143 0 0.00661325044 -0.0690266101 1
597 608 0 0.00509979921 -0.00495293886 0 0.00710911776 -0.0647542707 1
601 608 0 0.00539476762 -0.00536747695 0 0.00761008059 -0.0601510797 1
605 608 0 0.00571281409 -0.00576043953 0 0.00811288533 -0.0552496442 1
609 608 0 0.00605266752 -0.00613051469 0 0.00861498662 -0.0500843026 1
613 608 0 0.00641298618 -0.0064765417 0 0.00911438337 -0.0446907996 1
617 608 0 0.00679236643 -0.00679751653 0 0.00960949909 -0.0391059508 1
621 608 0 0.00718935186 -0.00709259588 0 0.0100990938 -0.0333673038 1
625 608 0 0.00760244252 -0.00736109988 0 0.0105821984 -0.0275127981 1
629 608 0 0.0080301043 -0.00760251327 0 0.0110580642 -0.0215804278 1
633 608 0 0.00847077838 -0.00781648525 0 0.0115261237 -0.0156079114 1
637 608 0 0.00892289053 -0.00800282783 0 0.0119859596 -0.00963237189 1
641 608 0 0.00938486037 -0.00816151298 0 0.0124372786 -0.003690031 1
645 608 0 0.0098551104 -0.00829266844 0 0.0128798894 0.00218408005 1
649 608 0 0.0103320747 -0.00839657233 0 0.0133136845 0.0079563897 1
653 608 0 0.0108142075 -0.0084736467 0 0.0137386234 0.013595033 1
657 608 0 0.011299991 -0.00852445003 0 0.0141547181 0.0190700742 1
661 608 0 0.011787943 -0.00854966889 0 0.0145620204 0.0243537031 1
665 608 0 0.012276624 -0.00855010868 0 0.0149606101 0.0294204037 1
669 608 0 0.0127646437 -0.00852668389 0 0.0153505852 0.0342470947 1
673 608 0 0.0132506668 -0.00848040759 0 0.0157320528 0.0388132404 1
677 608 0 0.0137334187 -0.00841238067 0 0.0161051215 0.0431009325 1
681 608 0 0.0142116898 -0.00832378064 0 0.0164698953 0.0470949429 1
685 608 0 0.0146843397 -0.00821585031 0 0.0168264681 0.0507827474 1
689 608 0 0.0151503006 -0.00808988641 0 0.0171749198 0.0541545226 1
693 608 0 0.0156085802 -0.00794722816 0 0.0175153136 0.057203115 1
697 608 0 0.0160582634 -0.00778924611 0 0.0178476939 0.0599239862 1
701 608 0 0.0164985143 -0.00761733116 0 0.018172086 0.0623151343 1
705 608 0 0.0169285768 -0.00743288393 0 0.0184884958 0.0643769937 1
709 608 0 0.0173477747 -0.0072373046 0 0.0187969111 0.0661123165 1
713 608 0 0.0177555118 -0.00703198322 0 0.0190973031 0.0675260356 1
717 608 0 0.0181512705 -0.00681829067 0 0.0193896289 0.0686251147 1
721 608 0 0.0185346112 -0.00659757012 0 0.019673834 0.0694183851 1
725 608 0 0.0189051696 -0.00637112936 0 0.0199498553 0.0699163726 1
729 608 0 0.0192626554 -0.00614023368 0 0.0202176251 0.0701311187 1
733 608 0 0.019606849 -0.00590609962 0 0.0204770735 0.0700759945 1
737 608 0 0.0199375987 -0.00566988944 0 0.0207281328 0.0697655146 1
741 608 0 0.0202548178 -0.00543270633 0 0.0209707402 0.0692151485 1
745 608 0 0.0205584808 -0.0051955905 0 0.0212048412 0.0684411356 1
749 608 0 0.0208486195 -0.00495951592 0 0.0214303927 0.0674603024 1
753 608 0 0.0211253197 -0.00472538788 0 0.0216473653 0.0662898865 1
757 608 0 0.0213887168 -0.00449404127 0 0.0218557456 0.0649473672 1
761 608 0 0.021638992 -0.00426623951 0 0.0220555384 0.0634503043 1
765 608 0 0.0218763678 -0.0040426742 0 0.0222467679 0.0618161875 1
769 608 0 0.0221011044 -0.00382396534 0 0.022429479 0.0600622958 1
773 608 0 0.0223134954 -0.00361066214 0 0.0226037377 0.0582055693 1
777 608 0 0.0225138637 -0.00340324437 0 0.0227696318 0.0562624924 1
781 608 0 0.0227025576 -0.00320212411 0 0.0229272703 0.0542489903 1
785 608 0 0.0228799473 -0.00300764806 0 0.0230767835 0.0521803381 1
789 608 0 0.0230464208 -0.00282010005 0 0.023218322 0.0500710828 1
793 608 0 0.0232023807 -0.00263970401 0 0.0233520558 0.0479349778 1
797 608 0 0.0233482407 -0.00246662715 0 0.0234781727 0.0457849312 1
801 608 0 0.0234844226 -0.00230098329 0 0.0235968775 0.0436329644 1
805 608 0 0.0236113531 -0.00214283647 0 0.0237083897 0.0414901842 1
809 608 0 0.0237294614 -0.00199220458 0 0.0238129422 0.0393667644 1
813 608 0 0.0238391763 -0.00184906314 0 0.0239107792 0.0372719388 1
817 608 0 0.0239409244 -0.00171334903 0 0.0240021546 0.0352140035 1
821 608 0 0.0240351273 -0.00158496428 0 0.0240873297 0.0332003274 1
825 608 0 0.0241222003 -0.00146377976 0 0.0241665719 0.0312373714 1
829 608 0 0.0242025506 -0.00134963887 0 0.0242401522 0.0293307141 1
833 608 0 0.0242765755 -0.00124236104 0 0.0243083438 0.0274850838 1
837 608 0 0.0243446616 -0.00114174515 0 0.0243714203 0.0257043953 1
841 608 0 0.0244071834 -0.00104757283 0 0.0244296543 0.0239917919 1
845 608 0 0.0244645025 -0.000959611511 0 0.0244833155 0.02234969 1
849 608 0 0.0245169669 -0.000877617402 0 0.0245326697 0.0207798271 1
853 608 0 0.0245649105 -0.000801338181 0 0.0245779773 0.0192833108 1
857 608 0 0.0246086524 -0.000730515552 0 0.0246194928 0.0178606704 1
861 608 0 0.0246484969 -0.000664887578 0 0.0246574629 0.0165119077 1
253 612 0 0.024647262 0.00071488234 0 0.0246576272 0.016840145 1
257 612 0 0.0246072775 0.000785445067 0 0.0246198097 0.0181867935 1
261 612 0 0.0245633819 0.000861593047 0 0.024578488 0.019602748 1
265 612 0 0.0245152699 0.000943607917 0 0.0245334232 0.0210872159 1
269 612 0 0.0244626211 0.00103176739 0 0.0244843701 0.0226387986 1
273 612 0 0.0244051007 0.00112634277 0 0.0244310783 0.0242554377 1
277 612 0 0.0243423592 0.00122759617 0 0.0243732937 0.025934361 1
281 612 0 0.0242740339 0.00133577765 0 0.0243107594 0.0276720307 1
285 612 0 0.0241997489 0.00145112201 0 0.0242432176 0.0294640941 1
289 612 0 0.0241191163 0.00157384547 0 0.0241704109 0.0313053375 1
293 612 0 0.0240317374 0.00170414219 0 0.0240920838 0.0331896446 1
297 612 0 0.0239372035 0.00184218055 0 0.024007985 0.0351099595 1
301 612 0 0.023835098 0.00198809939 0 0.0239178686 0.0370582564 1
305 612 0 0.0237249976 0.00214200403 0 0.0238214964 0.0390255163 1
309 612 0 0.0236064744 0.00230396235 0 0.0237186398 0.0410017116 1
313 612 0 0.0234790979 0.00247400068 0 0.0236090813 0.0429757995 1
317 612 0 0.0233424376 0.00265209977 0 0.0234926165 0.0449357261 1
321 612 0 0.0231960652 0.00283819077 0 0.0233690558 0.0468684407 1
325 612 0 0.0230395574 0.00303215128 0 0.0232382259 0.0487599219 1
329 612 0 0.022872499 0.00323380155 0 0.0230999715 0.0505952162 1
333 612 0 0.0226944861 0.00344290081 0 0.0229541557 0.0523584898 1
337 612 0 0.0225051292 0.00365914386 0 0.0228006617 0.0540330937 1
341 612 0 0.022304057 0.00388215796 0 0.0226393928 0.0556016426 1
345 612 0 0.0220909198 0.00411150002 0 0.022470273 0.0570461085 1
349 612 0 0.0218653936 0.00434665421 0 0.0222932465 0.0583479285 1
353 612 0 0.0216271838 0.00458703002 0 0.0221082773 0.0594881259 1
357 612 0 0.0213760294 0.00483196084 0 0.021915348 0.0604474466 1
361 612 0 0.0211117068 0.00508070306 0 0.0217144585 0.0612065072 1
365 612 0 0.0208340345 0.00533243584 0 0.021505624 0.0617459568 1
369 612 0 0.0205428764 0.00558626153 0 0.0212888725 0.0620466502 1
373 612 0 0.0202381467 0.00584120677 0 0.0210642417 0.0620898309 1
377 612 0 0.0199198131 0.00609622434 0 0.0208317763 0.0618573239 1
381 612 0 0.0195879013 0.00635019583 0 0.0205915241 0.0613317353 1
385 612 0 0.0192424985 0.00660193508 0 0.020343532 0.0604966578 1
389 612 0 0.0188837567 0.00685019245 0 0.0200878422 0.0593368796 1
393 612 0 0.0185118964 0.00709365993 0 0.0198244879 0.0578385943 1
397 612 0 0.018127209 0.00733097707 0 0.019553489 0.0559896101 1
401 612 0 0.0177300598 0.00756073777 0 0.0192748483 0.0537795555 1
405 612 0 0.0173208903 0.00778149784 0 0.0189885478 0.051200078 1
409 612 0 0.0169002196 0.00799178333 0 0.0186945453 0.0482450349 1
413 612 0 0.0164686462 0.00819009967 0 0.0183927714 0.0449106715 1
417 612 0 0.0160268485 0.00837494139 0 0.018083128 0.0411957859 1
421 612 0 0.0155755854 0.00854480255 0 0.0177654865 0.0371018757 1
425 612 0 0.0151156958 0.00869818767 0 0.0174396883 0.0326332656 1
429 612 0 0.0146480979 0.00883362315 0 0.017105545 0.0277972124 1
433 612 0 0.0141737874 0.00894966906 0 0.0167628406 0.0226039862 1
437 612 0 0.013693836 0.00904493118 0 0.0164113353 0.0170669237 1
441 612 0 0.0132093881 0.00911807324 0 0.0160507692 0.0112024538 1
445 612 0 0.0127216573 0.00916782918 0 0.0156808692 0.00503009267 1
449 612 0 0.0122319231 0.00919301535 0 0.0153013553 -0.0014275926 1
453 612 0 0.0117415253 0.00919254248 0 0.01491195 -0.00814505283 1
457 612 0 0.011251859 0.00916542735 0 0.0145123874 -0.0150938585 1
461 612 0 0.0107643688 0.00911080397 0 0.0141024248 -0.0222428348 1
465 612 0 0.0102805421 0.00902793417 0 0.0136818545 -0.029558229 1
469 612 0 0.00980190207 0.00891621745 0 0.0132505176 -0.0370039107 1
473 612 0 0.00932999992 0.00877520004 0 0.012808319 -0.0445416021 1
477 612 0 0.00886640705 0.00860458291 0 0.0123552427 -0.0521311387 1
481 612 0 0.0084127065 0.00840422871 0 0.0118913704 -0.0597307561 1
485 612 0 0.00797048421 0.00817416758 0 0.0114169013 -0.0672974027 1
489 612 0 0.00754131993 0.00791460163 0 0.0109321739 -0.0747870735 1
493 612 0 0.00712677797 0.00762590807 0 0.0104376931 -0.0821551635 1
497 612 0 0.00672839781 0.00730864087 0 0.00993416169 -0.0893568355 1
501 612 0 0.00634768469 0.00696353105 0 0.00942251907 -0.0963473998 1
505 612 0 0.00598610013 0.00659148529 0 0.00890399197 -0.103082701 1
509 612 0 0.00564505269 0.00619358314 0 0.00838016062 -0.109519508 1
513 612 0 0.00532588884 0.00577107261 0 0.00785304852 -0.115615903 1
517 612 0 0.00502988411 0.00532536424 0 0.00732524665 -0.121331662 1
521 612 0 0.00475823465 0.00485802368 0 0.00680008758 -0.126628628 1
525 612 0 0.00451204914 0.00437076285 0 0.00628189106 -0.131471072 1
529 612 0 0.00429234131 0.00386542962 0 0.00577630851 -0.135826026 1
533 612 0 0.00410002294 0.00334399633 0 0.00529079385 -0.139663599 1
537 612 0 0.0039358976 0.00280854699 0 0.00483520693 -0.142957271 1
541 612 0 0.00380065503 0.00226126346 0 0.00442247567 -0.145684142 1
545 612 0 0.00369486632 0.00170441069 0 0.00406903587 -0.147825163 1
549 612 0 0.0036189799 0.00114032107 0 0.0037943837 -0.149365318 1
553 612 0 0.00357331837 0.000571378177 0 0.00361871209 -0.150293774 1
557 612 0 0.0035580762 -0 0 0.0035580762 -0.150603989 1
561 612 0 0.00357331837 -0.000571378177 0 0.00361871209 -0.150293774 1
565 612 0 0.0036189799 -0.00114032107 0 0.0037943837 -0.149365318 1
569 612 0 0.00369486632 -0.00170441069 0 0.00406903587 -0.147825163 1
573 612 0 0.00380065503 -0.00226126346 0 0.00442247567 -0.145684142 1
577 612 0 0.0039358976 -0.00280854699 0 0.00483520693 -0.142957271 1
581 612 0 0.00410002294 -0.00334399633 0 0.00529079385 -0.139663599 1
585 612 0 0.00429234131 -0.00386542962 0 0.00577630851 -0.135826026 1
589 612 0 0.00451204914 -0.00437076285 0 0.00628189106 -0.131471072 1
593 612 0 0.00475823465 -0.00485802368 0 0.00680008758 -0.126628628 1
597 612 0 0.00502988411 -0.00532536424 0 0.00732524665 -0.121331662 1
601 612 0 0.00532588884 -0.00577107261 0 0.00785304852 -0.115615903 1
605 612 0 0.00564505269 -0.00619358314 0 0.00838016062 -0.109519508 1
609 612 0 0.00598610013 -0.00659148529 0 0.00890399197 -0.103082701 1
613 612 0 0.00634768469 -0.00696353105 0 0.00942251907 -0.0963473998 1
617 612 0 0.00672839781 -0.00730864087 0 0.00993416169 -0.0893568355 1
621 612 0 0.00712677797 -0.00762590807 0 0.0104376931 -0.0821551635 1
625 612 0 0.00754131993 -0.00791460163 0 0.0109321739 -0.0747870735 1
629 612 0 0.00797048421 -0.00817416758 0 0.0114169013 -0.0672974027 1
633 612 0 0.0084127065 -0.00840422871 0 0.0118913704 -0.0597307561 1
637 612 0 0.00886640705 -0.00860458291 0 0.0123552427 -0.0521311387 1
641 612 0 0.00932999992 -0.00877520004 0 0.012808319 -0.0445416021 1
645 612 0 0.00980190207 -0.00891621745 0 0.0132505176 -0.0370039107 1
649 612 0 0.0102805421 -0.00902793417 0 0.0136818545 -0.029558229 1
653 612 0 0.0107643688 -0.00911080397 0 0.0141024248 -0.0222428348 1
657 612 0 0.011251859 -0.00916542735 0 0.0145123874 -0.0150938585 1
661 612 0 0.0117415253 -0.00919254248 0 0.01491195 -0.00814505283 1
665 612 0 0.0122319231 -0.00919301535 0 0.0153013553 -0.0014275926 1
669 612 0 0.0127216573 -0.00916782918 0 0.0156808692 0.00503009267 1
673 612 0 0.0132093881 -0.00911807324 0 0.0160507692 0.0112024538 1
677 612 0 0.013693836 -0.00904493118 0 0.0164113353 0.0170669237 1
681 612 0 0.0141737874 -0.00894966906 0 0.0167628406 0.0226039862 1
685 612 0 0.0146480979 -0.00883362315 0 0.017105545 0.0277972124 1
689 612 0 0.0151156958 -0.00869818767 0 0.0174396883 0.0326332656 1
693 612 0 0.0155755854 -0.00854480255 0 0.0177654865 0.0371018757 1
697 612 0 0.0160268485 -0.00837494139 0 0.018083128 0.0411957859 1
701 612 0 0.0164686462 -0.00819009967 0 0.0183927714 0.0449106715 1
705 612 0 0.0169002196 -0.00799178333 0 0.0186945453 0.0482450349 1
709 612 0 0.0173208903 -0.00778149784 0 0.0189885478 0.051200078 1
713 612 0 0.0177300598 -0.00756073777 0 0.0192748483 0.0537795555 1
717 612 0 0.018127209 -0.00733097707 0 0.019553489 0.0559896101 1
721 612 0 0.0185118964 -0.00709365993 0 0.0198244879 0.0578385943 1
725 612 0 0.0188837567 -0.00685019245 0 0.0200878422 0.0593368796 1
729 612 0 0.0192424985 -0.00660193508 0 0.020343532 0.0604966578 1
733 612 0 0.0195879013 -0.00635019583 0 0.0205915241 0.0613317353 1
737 612 0 0.0199198131 -0.00609622434 0 0.0208317763 0.0618573239 1
741 612 0 0.0202381467 -0.00584120677 0 0.0210642417 0.0620898309 1
745 612 0 0.0205428764 -0.00558626153 0 0.0212888725 0.0620466502 1
749 612 0 0.0208340345 -0.00533243584 0 0.021505624 0.0617459568 1
753 612 0 0.0211117068 -0.00508070306 0 0.0217144585 0.0612065072 1
757 612 0 0.0213760294 -0.00483196084 0 0.021915348 0.0604474466 1
761 612 0 0.0216271838 -0.00458703002 0 0.0221082773 0.0594881259 1
765 612 0 0.0218653936 -0.00434665421 0 0.0222932465 0.0583479285 1
769 612 0 0.0220909198 -0.00411150002 0 0.022470273 0.0570461085 1
773 612 0 0.022304057 -0.00388215796 0 0.0226393928 0.0556016426 1
777 612 0 0.0225051292 -0.00365914386 0 0.0228006617 0.0540330937 1
781 612 0 0.0226944861 -0.00344290081 0 0.0229541557 0.0523584898 1
785 612 0 0.022872499 -0.00323380155 0 0.0230999715 0.0505952162 1
789 612 0 0.0230395574 -0.00303215128 0 0.0232382259 0.0487599219 1
793 612 0 0.0231960652 -0.00283819077 0 0.0233690558 0.0468684407 1
797 612 0 0.0233424376 -0.00265209977 0 0.0234926165 0.0449357261 1
801 612 0 0.0234790979 -0.00247400068 0 0.0236090813 0.0429757995 1
805 612 0 0.0236064744 -0.00230396235 0 0.0237186398 0.0410017116 1
809 612 0 0.0237249976 -0.00214200403 0 0.0238214964 0.0390255163 1
813 612 0 0.023835098 -0.00198809939 0 0.0239178686 0.0370582564 1
817 612 0 0.0239372035 -0.00184218055 0 0.024007985 0.0351099595 1
821 612 0 0.0240317374 -0.00170414219 0 0.0240920838 0.0331896446 1
825 612 0 0.0241191163 -0.00157384547 0 0.0241704109 0.0313053375 1
829 612 0 0.0241997489 -0.00145112201 0 0.0242432176 0.0294640941 1
833 612 0 0.0242740339 -0.00133577765 0 0.0243107594 0.0276720307 1
837 612 0 0.0243423592 -0.00122759617 0 0.0243732937 0.025934361 1
841 612 0 0.0244051007 -0.00112634277 0 0.0244310783 0.0242554377 1
845 612 0 0.0244626211 -0.00103176739 0 0.0244843701 0.0226387986 1
849 612 0 0.0245152699 -0.000943607917 0 0.0245334232 0.0210872159 1
853 612 0 0.0245633819 -0.000861593047 0 0.024578488 0.019602748 1
857 612 0 0.0246072775 -0.000785445067 0 0.0246198097 0.0181867935 1
861 612 0 0.024647262 -0.00071488234 0 0.0246576272 0.016840145 1
253 616 0 0.0246495852 0.00076480276 0 0.0246614471 0.0171063659 1
257 616 0 0.024609864 0.0008402929 0 0.0246242055 0.018443929 1
261 616 0 0.0245662576 0.000921758313 0 0.0245835443 0.0198455509 1
265 616 0 0.0245184624 0.0010095003 0 0.0245392357 0.021309596 1
269 616 0 0.0244661604 0.00110381598 0 0.0244910477 0.0228337421 1
273 616 0 0.0244090188 0.00120499557 0 0.0244387441 0.024414923 1
277 616 0 0.0243466905 0.00131331953 0 0.0243820866 0.0260492723 1
281 616 0 0.0242788152 0.00142905535 0 0.0243208361 0.0277320692 1
285 616 0 0.0242050195 0.00155245423 0 0.0242547538 0.0294576877 1
289 616 0 0.024124918 0.00168374751 0 0.0241836034 0.0312195499 1
293 616 0 0.0240381146 0.00182314288 0 0.0241071525 0.0330100835 1
297 616 0 0.0239442033 0.0019708205 0 0.0240251744 0.0348206864 1
301 616 0 0.0238427703 0.00212692888 0 0.0239374502 0.0366416977 1
305 616 0 0.023733395 0.00229158073 0 0.0238437703 0.0384623768 1
309 616 0 0.0236156524 0.00246484864 0 0.0237439364 0.0402708924 1
313 616 0 0.0234891149 0.00264676079 0 0.0236377635 0.0420543205 1
317 616 0 0.0233533547 0.00283729658 0 0.0235250808 0.0437986549 1
321 616 0 0.0232079462 0.00303638236 0 0.0234057341 0.0454888288 1
325 616 0 0.0230524692 0.00324388719 0 0.0232795863 0.0471087503 1
329 616 0 0.0228865111 0.00345961875 0 0.0231465192 0.0486413509 1
333 616 0 0.0227096706 0.00368331947 0 0.0230064335 0.0500686493 1
337 616 0 0.0225215609 0.00391466283 0 0.0228592495 0.0513718294 1
341 616 0 0.022321813 0.00415325006 0 0.0227049074 0.0525313341 1
345 616 0 0.0221100795 0.00439860714 0 0.0225433663 0.053526975 1
349 616 0 0.0218860387 0.0046501822 0 0.0223746036 0.0543380569 1
353 616 0 0.0216493978 0.00490734352 0 0.0221986136 0.0549435184 1
357 616 0 0.0213998975 0.00516937792 0 0.0220154056 0.0553220876 1
361 616 0 0.0211373159 0.00543548987 0 0.0218250011 0.0554524512 1
365 616 0 0.0208614723 0.00570480122 0 0.0216274313 0.0553134385 1
369 616 0 0.0205722319 0.00597635163 0 0.0214227333 0.0548842167 1
373 616 0 0.0202695091 0.00624909975 0 0.0212109464 0.0541444979 1
377 616 0 0.0199532721 0.00652192526 0 0.0209921075 0.0530747549 1
381 616 0 0.0196235464 0.00679363165 0 0.0207662467 0.0516564456 1
385 616 0 0.0192804185 0.00706294992 0 0.0205333825 0.0498722416 1
389 616 0 0.0189240395 0.00732854317 0 0.0202935166 0.047706261 1
393 616 0 0.0185546283 0.00758901204 0 0.020046629 0.0451443017 1
397 616 0 0.0181724745 0.00784290111 0 0.0197926736 0.0421740725 1
401 616 0 0.017777941 0.00808870606 0 0.0195315732 0.0387854196 1
405 616 0 0.0173714663 0.00832488185 0 0.0192632163 0.0349705458 1
409 616 0 0.0169535663 0.00854985163 0 0.018987453 0.0307242183 1
413 616 0 0.0165248353 0.00876201645 0 0.0187040935 0.0260439639 1
417 616 0 0.0160859474 0.00895976572 0 0.0184129059 0.0209302464 1
421 616 0 0.0156376564 0.00914148833 0 0.0181136166 0.015386625 1
425 616 0 0.0151807957 0.00930558437 0 0.0178059108 0.00941988998 1
429 616 0 0.0147162774 0.00945047735 0 0.0174894352 0.00304017309 1
433 616 0 0.0142450909 0.00957462678 0 0.0171638018 -0.0037389702 1
437 616 0 0.0137683005 0.00967654107 0 0.0168285931 -0.0109005083 1
441 616 0 0.0132870432 0.00975479066 0 0.0164833692 -0.0184239137 1
445 616 0 0.0128025248 0.00980802107 0 0.0161276756 -0.0262851768 1
449 616 0 0.0123160161 0.009834966 0 0.0157610535 -0.0344568554 1
453 616 0 0.0118288481 0.00983446011 0 0.0153830508 -0.0429081607 1
457 616 0 0.0113424068 0.00980545152 0 0.0149932342 -0.0516050797 1
461 616 0 0.0108581273 0.00974701378 0 0.0145912031 -0.0605105349 1
465 616 0 0.0103774872 0.00965835715 0 0.0141766041 -0.0695845806 1
469 616 0 0.00990199959 0.00953883923 0 0.0137491472 -0.0787846352 1
473 616 0 0.00943320548 0.00938797454 0 0.0133086225 -0.0880657472 1
477 616 0 0.00897266592 0.00920544317 0 0.012854918 -0.0973808947 1
481 616 0 0.00852195353 0.00899109818 0 0.0123880401 -0.106681314 1
485 616 0 0.00808264379 0.00874497182 0 0.0119081343 -0.115916857 1
489 616 0 0.00765630607 0.00846728032 0 0.0114155096 -0.125036372 1
493 616 0 0.00724449436 0.00815842721 0 0.010910666 -0.133988104 1
497 616 0 0.00684873801 0.00781900516 0 0.010394328 -0.142720115 1
501 616 0 0.00647053234 0.00744979623 0 0.00986748461 -0.151180712 1
505 616 0 0.00611132924 0.00705177042 0 0.00933144207 -0.159318888 1
509 616 0 0.00577252801 0.00662608266 0 0.00878789229 -0.16708476 1
513 616 0 0.00545546623 0.0061740681 0 0.00823900654 -0.174430008 1
517 616 0 0.00516141104 0.0056972358 0 0.00768756527 -0.181308312 1
521 616 0 0.00489155071 0.00519726074 0 0.00713714141 -0.187675766 1
525 616 0 0.00464698663 0.00467597435 0 0.0065923608 -0.193491285 1
529 616 0 0.00442872583 0.00413535358 0 0.00605927072 -0.198716985 1
533 616 0 0.00423767411 0.00357750846 0 0.00554584968 -0.203318537 1
537 616 0 0.00407462973 0.00300466855 0 0.00506267128 -0.207265494 1
541 616 0 0.00394027789 0.00241916808 0 0.00462365267 -0.210531582 1
545 616 0 0.00383518593 0.00182343014 0 0.00424659258 -0.213094946 1
549 616 0 0.00375979931 0.00121994999 0 0.00395276724 -0.214938365 1
553 616 0 0.00371443852 0.000611277663 0 0.00376440087 -0.216049419 1
557 616 0 0.00369929673 -0 0 0.00369929673 -0.216420607 1
561 616 0 0.00371443852 -0.000611277663 0 0.00376440087 -0.216049419 1
565 616 0 0.00375979931 -0.00121994999 0 0.00395276724 -0.214938365 1
569 616 0 0.00383518593 -0.00182343014 0 0.00424659258 -0.213094946 1
573 616 0 0.00394027789 -0.00241916808 0 0.00462365267 -0.210531582 1
577 616 0 0.00407462973 -0.00300466855 0 0.00506267128 -0.207265494 1
581 616 0 0.00423767411 -0.00357750846 0 0.00554584968 -0.203318537 1
585 616 0 0.00442872583 -0.00413535358 0 0.00605927072 -0.198716985 1
589 616 0 0.00464698663 -0.00467597435 0 0.0065923608 -0.193491285 1
593 616 0 0.00489155071 -0.00519726074 0 0.00713714141 -0.187675766 1
597 616 0 0.00516141104 -0.0056972358 0 0.00768756527 -0.181308312 1
601 616 0 0.00545546623 -0.0061740681 0 0.00823900654 -0.174430008 1
605 616 0 0.00577252801 -0.00662608266 0 0.00878789229 -0.16708476 1
609 616 0 0.00611132924 -0.00705177042 0 0.00933144207 -0.159318888 1
613 616 0 0.00647053234 -0.00744979623 0 0.00986748461 -0.151180712 1
617 616 0 0.00684873801 -0.00781900516 0 0.010394328 -0.142720115 1
621 616 0 0.00724449436 -0.00815842721 0 0.010910666 -0.133988104 1
625 616 0 0.00765630607 -0.00846728032 0 0.0114155096 -0.125036372 1
629 616 0 0.00808264379 -0.00874497182 0 0.0119081343 -0.115916857 1
633 616 0 0.00852195353 -0.00899109818 0 0.0123880401 -0.106681314 1
637 616 0 0.00897266592 -0.00920544317 0 0.012854918 -0.0973808947 1
641 616 0 0.00943320548 -0.00938797454 0 0.0133086225 -0.0880657472 1
645 616 0 0.00990199959 -0.00953883923 0 0.0137491472 -0.0787846352 1
649 616 0 0.0103774872 -0.00965835715 0 0.0141766041 -0.0695845806 1
653 616 0 0.0108581273 -0.00974701378 0 0.0145912031 -0.0605105349 1
657 616 0 0.0113424068 -0.00980545152 0 0.0149932342 -0.0516050797 1
661 616 0 0.0118288481 -0.00983446011 0 0.0153830508 -0.0429081607 1
665 616 0 0.0123160161 -0.009834966 0 0.0157610535 -0.0344568554 1
669 616 0 0.0128025248 -0.00980802107 0 0.0161276756 -0.0262851768 1
673 616 0 0.0132870432 -0.00975479066 0 0.0164833692 -0.0184239137 1
677 616 0 0.0137683005 -0.00967654107 0 0.0168285931 -0.0109005083 1
681 616 0 0.0142450909 -0.00957462678 0 0.0171638018 -0.0037389702 1
685 616 0 0.0147162774 -0.00945047735 0 0.0174894352 0.00304017309 1
689 616 0 0.0151807957 -0.00930558437 0 0.0178059108 0.00941988998 1
693 616 0 0.0156376564 -0.00914148833 0 0.0181136166 0.015386625 1
697 616 0 0.0160859474 -0.00895976572 0 0.0184129059 0.0209302464 1
701 616 0 0.0165248353 -0.00876201645 0 0.0187040935 0.0260439639 1
705 616 0 0.0169535663 -0.00854985163 0 0.018987453 0.0307242183 1
709 616 0 0.0173714663 -0.00832488185 0 0.0192632163 0.0349705458 1
713 616 0 0.017777941 -0.00808870606 0 0.0195315732 0.0387854196 1
717 616 0 0.0181724745 -0.00784290111 0 0.0197926736 0.0421740725 1
721 616 0 0.0185546283 -0.00758901204 0 0.020046629 0.0451443017 1
725 616 0 0.0189240395 -0.00732854317 0 0.0202935166 0.047706261 1
729 616 0 0.0192804185 -0.00706294992 0 0.0205333825 0.0498722416 1
733 616 0 0.0196235464 -0.00679363165 0 0.0207662467 0.0516564456 1
737 616 0 0.0199532721 -0.00652192526 0 0.0209921075 0.0530747549 1
741 616 0 0.0202695091 -0.00624909975 0 0.0212109464 0.0541444979 1
745 616 0 0.0205722319 -0.00597635163 0 0.0214227333 0.0548842167 1
749 616 0 0.0208614723 -0.00570480122 0 0.0216274313 0.0553134385 1
753 616 0 0.0211373159 -0.00543548987 0 0.0218250011 0.0554524512 1
757 616 0 0.0213998975 -0.00516937792 0 0.0220154056 0.0553220876 1
761 616 0 0.0216493978 -0.00490734352 0 0.0221986136 0.0549435184 1
765 616 0 0.0218860387 -0.0046501822 0 0.0223746036 0.0543380569 1
769 616 0 0.0221100795 -0.00439860714 0 0.0225433663 0.053526975 1
773 616 0 0.022321813 -0.00415325006 0 0.0227049074 0.0525313341 1
777 616 0 0.0225215609 -0.00391466283 0 0.0228592495 0.0513718294 1
781 616 0 0.0227096706 -0.00368331947 0 0.0230064335 0.0500686493 1
785 616 0 0.0228865111 -0.00345961875 0 0.0231465192 0.0486413509 1
789 616 0 0.0230524692 -0.00324388719 0 0.0232795863 0.0471087503 1
793 616 0 0.0232079462 -0.00303638236 0 0.0234057341 0.0454888288 1
797 616 0 0.0233533547 -0.00283729658 0 0.0235250808 0.0437986549 1
801 616 0 0.0234891149 -0.00264676079 0 0.0236377635 0.0420543205 1
805 616 0 0.0236156524 -0.00246484864 0 0.0237439364 0.0402708924 1
809 616 0 0.023733395 -0.00229158073 0 0.0238437703 0.0384623768 1
813 616 0 0.0238427703 -0.00212692888 0 0.0239374502 0.0366416977 1
817 616 0 0.0239442033 -0.0019708205 0 0.0240251744 0.0348206864 1
821 616 0 0.0240381146 -0.00182314288 0 0.0241071525 0.0330100835 1
825 616 0 0.024124918 -0.00168374751 0 0.0241836034 0.0312195499 1
829 616 0 0.0242050195 -0.00155245423 0 0.0242547538 0.0294576877 1
833 616 0 0.0242788152 -0.00142905535 0 0.0243208361 0.0277320692 1
837 616 0 0.0243466905 -0.00131331953 0 0.0243820866 0.0260492723 1
841 616 0 0.0244090188 -0.00120499557 0 0.0244387441 0.024414923 1
845 616 0 0.0244661604 -0.00110381598 0 0.0244910477 0.0228337421 1
849 616 0 0.0245184624 -0.0010095003 0 0.0245392357 0.021309596 1
853 616 0 0.0245662576 -0.000921758313 0 0.0245835443 0.0198455509 1
857 616 0 0.024609864 -0.0008402929 0 0.0246242055 0.018443929 1
861 616 0 0.0246495852 -0.00076480276 0 0.0246614471 0.0171063659 1
253 620 0 0.0246556788 0.0008141283 0 0.0246691164 0.017312962 1
257 620 0 0.0246166484 0.000894487135 0 0.0246328944 0.0186351487 1
261 620 0 0.0245738002 0.000981206617 0 0.0245933817 0.0200155837 1
265 620 0 0.0245268362 0.00107460748 0 0.0245503661 0.0214517496 1
269 620 0 0.0244754438 0.00117500599 0 0.0245036321 0.02294036 1
273 620 0 0.0244192958 0.00128271111 0 0.0244529621 0.0244772997 1
277 620 0 0.0243580514 0.00139802136 0 0.0243981379 0.0260575649 1
281 620 0 0.0242913564 0.0015212215 0 0.0243389423 0.027675208 1
285 620 0 0.024218844 0.00165257893 0 0.0242751606 0.0293232849 1
289 620 0 0.0241401354 0.0017923399 0 0.0242065822 0.0309938073 1
293 620 0 0.0240548415 0.0019407255 0 0.0241330026 0.0326777007 1
297 620 0 0.0239625633 0.0020979275 0 0.024054225 0.0343647697 1
301 620 0 0.0238628942 0.00226410401 0 0.0239700623 0.0360436711 1
305 620 0 0.0237554209 0.00243937499 0 0.0238803386 0.0377018957 1
309 620 0 0.0236397258 0.00262381772 0 0.0237848914 0.0393257612 1
313 620 0 0.0235153888 0.00281746219 0 0.0236835724 0.0409004161 1
317 620 0 0.0233819894 0.00302028649 0 0.0235762499 0.0424098561 1
321 620 0 0.0232391096 0.0032322122 0 0.0234628091 0.0438369541 1
325 620 0 0.0230863362 0.00345309994 0 0.0233431536 0.0451635043 1
329 620 0 0.0229232641 0.00368274499 0 0.0232172059 0.0463702821 1
333 620 0 0.0227494988 0.00392087316 0 0.0230849073 0.0474371196 1
337 620 0 0.0225646603 0.00416713689 0 0.022946218 0.0483429971 1
341 620 0 0.0223683859 0.00442111168 0 0.0228011166 0.0490661524 1
345 620 0 0.0221603345 0.00468229292 0 0.022649598 0.049584206 1
349 620 0 0.0219401896 0.00495009319 0 0.0224916728 0.0498743043 1
353 620 0 0.0217076639 0.00522383999 0 0.0223273638 0.0499132789 1
357 620 0 0.0214625023 0.00550277415 0 0.0221567039 0.0496778222 1
361 620 0 0.0212044869 0.00578604885 0 0.0219797322 0.0491446784 1
365 620 0 0.0209334402 0.00607272929 0 0.0217964896 0.0482908494 1
369 620 0 0.0206492296 0.00636179319 0 0.0216070149 0.0470938133 1
373 620 0 0.0203517711 0.00665213206 0 0.0214113392 0.0455317551 1
377 620 0 0.0200410334 0.00694255331 0 0.0212094805 0.0435838069 1
381 620 0 0.0197170415 0.00723178325 0 0.0210014384 0.0412302955 1
385 620 0 0.0193798804 0.00751847105 0 0.0207871877 0.0384529968 1
389 620 0 0.0190296988 0.00780119359 0 0.0205666735 0.0352353911 1
393 620 0 0.0186667115 0.00807846127 0 0.0203398047 0.0315629204 1
397 620 0 0.0182912033 0.00834872477 0 0.0201064498 0.0274232418 1
401 620 0 0.0179035307 0.00861038278 0 0.0198664315 0.0228064754 1
405 620 0 0.0175041245 0.0088617906 0 0.0196195236 0.017705443 1
409 620 0 0.0170934916 0.00910126969 0 0.0193654477 0.0121158945 1
413 620 0 0.0166722161 0.00932711796 0 0.0191038718 0.00603671801 1
417 620 0 0.0162409603 0.00953762096 0 0.0188344102 -0.000529867831 1
421 620 0 0.015800465 0.00973106367 0 0.018556624 -0.00757814533 1
425 620 0 0.015351549 0.009905743 0 0.0182700247 -0.0150987537 1
429 620 0 0.0148951086 0.0100599808 0 0.0179740778 -0.0230785739 1
433 620 0 0.0144321159 0.0101921371 0 0.0176682095 -0.0315006447 1
437 620 0 0.0139636168 0.0103006244 0 0.0173518142 -0.040344112 1
441 620 0 0.0134907284 0.0103839206 0 0.0170242639 -0.0495842155 1
445 620 0 0.0130146356 0.0104405841 0 0.0166849194 -0.0591923114 1
449 620 0 0.0125365871 0.0104692668 0 0.0163331431 -0.069135936 1
453 620 0 0.0120578908 0.0104687283 0 0.0159683125 -0.0793789086 1
457 620 0 0.0115799087 0.0104378488 0 0.0155898356 -0.0898814759 1
461 620 0 0.0111040507 0.0103756422 0 0.0151971672 -0.100600497 1
465 620 0 0.0106317688 0.0102812677 0 0.0147898267 -0.111489669 1
469 620 0 0.0101645497 0.0101540415 0 0.0143674156 -0.122499793 1
473 620 0 0.00970390784 0.00999344688 0 0.0139296377 -0.133579073 1
477 620 0 0.00925137693 0.00979914324 0 0.0134763194 -0.144673462 1
481 620 0 0.00880850231 0.00957097419 0 0.0130074309 -0.155727026 1
485 620 0 0.00837683206 0.00930897405 0 0.0125231112 -0.166682352 1
489 620 0 0.00795790823 0.00901337298 0 0.0120236931 -0.177480972 1
493 620 0 0.00755325781 0.00868460056 0 0.0115097346 -0.188063819 1
497 620 0 0.00716438356 0.00832328767 0 0.010982054 -0.19837169 1
501 620 0 0.00679275478 0.00793026681 0 0.0104417742 -0.208345732 1
505 620 0 0.00643979813 0.00750657053 0 0.00989037922 -0.217927933 1
509 620 0 0.00610688856 0.00705342827 0 0.00932978768 -0.227061612 1
513 620 0 0.0057953404 0.00657226129 0 0.00876245335 -0.235691912 1
517 620 0 0.00550639875 0.00606467594 0 0.00819150301 -0.24376628 1
521 620 0 0.00524123122 0.00553245526 0 0.00762092946 -0.25123494 1
525 620 0 0.00500092004 0.00497754879 0 0.00705586233 -0.258051338 1
529 620 0 0.00478645474 0.00440206097 0 0.0065029447 -0.26417257 1
533 620 0 0.00459872535 0.00380823793 0 0.00597084173 -0.269559775 1
537 620 0 0.00443851627 0.00319845302 0 0.00547088004 -0.274178501 1
541 620 0 0.00430650077 0.00257519101 0 0.00501772435 -0.277999023 1
545 620 0 0.00420323633 0.00194103128 0 0.00462977301 -0.280996628 1
549 620 0 0.00412916067 0.00129863 0 0.00432855724 -0.283151843 1
553 620 0 0.00408458869 0.000650701685 0 0.00413609447 -0.284450627 1
557 620 0 0.00406971022 -0 0 0.00406971022 -0.2848845 1
561 620 0 0.00408458869 -0.000650701685 0 0.00413609447 -0.284450627 1
565 620 0 0.00412916067 -0.00129863 0 0.00432855724 -0.283151843 1
569 620 0 0.00420323633 -0.00194103128 0 0.00462977301 -0.280996628 1
573 620 0 0.00430650077 -0.00257519101 0 0.00501772435 -0.277999023 1
577 620 0 0.00443851627 -0.00319845302 0 0.00547088004 -0.274178501 1
581 620 0 0.00459872535 -0.00380823793 0 0.00597084173 -0.269559775 1
585 620 0 0.00478645474 -0.00440206097 0 0.0065029447 -0.26417257 1
589 620 0 0.00500092004 -0.00497754879 0 0.00705586233 -0.258051338 1
593 620 0 0.00524123122 -0.00553245526 0 0.00762092946 -0.25123494 1
597 620 0 0.00550639875 -0.00606467594 0 0.00819150301 -0.24376628 1
601 620 0 0.0057953404 -0.00657226129 0 0.00876245335 -0.235691912 1
605 620 0 0.00610688856 -0.00705342827 0 0.00932978768 -0.227061612 1
609 620 0 0.00643979813 -0.00750657053 0 0.00989037922 -0.217927933 1
613 620 0 0.00679275478 -0.00793026681 0 0.0104417742 -0.208345732 1
617 620 0 0.00716438356 -0.00832328767 0 0.010982054 -0.19837169 1
621 620 0 0.00755325781 -0.00868460056 0 0.0115097346 -0.188063819 1
625 620 0 0.00795790823 -0.00901337298 0 0.0120236931 -0.177480972 1
629 620 0 0.00837683206 -0.00930897405 0 0.0125231112 -0.166682352 1
633 620 0 0.00880850231 -0.00957097419 0 0.0130074309 -0.155727026 1
637 620 0 0.00925137693 -0.00979914324 0 0.0134763194 -0.144673462 1
641 620 0 0.00970390784 -0.00999344688 0 0.0139296377 -0.133579073 1
645 620 0 0.0101645497 -0.0101540415 0 0.0143674156 -0.122499793 1
649 620 0 0.0106317688 -0.0102812677 0 0.0147898267 -0.111489669 1
653 620 0 0.0111040507 -0.0103756422 0 0.0151971672 -0.100600497 1
657 620 0 0.0115799087 -0.0104378488 0 0.0155898356 -0.0898814759 1
661 620 0 0.0120578908 -0.0104687283 0 0.0159683125 -0.0793789086 1
665 620 0 0.0125365871 -0.0104692668 0 0.0163331431 -0.069135936 1
669 620 0 0.0130146356 -0.0104405841 0 0.0166849194 -0.0591923114 1
673 620 0 0.0134907284 -0.0103839206 0 0.0170242639 -0.0495842155 1
677 620 0 0.0139636168 -0.0103006244 0 0.0173518142 -0.040344112 1
681 620 0 0.0144321159 -0.0101921371 0 0.0176682095 -0.0315006447 1
685 620 0 0.0148951086 -0.0100599808 0 0.0179740778 -0.0230785739 1
689 620 0 0.015351549 -0.009905743 0 0.0182700247 -0.0150987537 1
693 620 0 0.015800465 -0.00973106367 0 0.018556624 -0.00757814533 1
697 620 0 0.0162409603 -0.00953762096 0 0.0188344102 -0.000529867831 1
701 620 0 0.0166722161 -0.00932711796 0 0.0191038718 0.00603671801 1
705 620 0 0.0170934916 -0.00910126969 0 0.0193654477 0.0121158945 1
709 620 0 0.0175041245 -0.0088617906 0 0.0196195236 0.017705443 1
713 620 0 0.0179035307 -0.00861038278 0 0.0198664315 0.0228064754 1
717 620 0 0.0182912033 -0.00834872477 0 0.0201064498 0.0274232418 1
721 620 0 0.0186667115 -0.00807846127 0 0.0203398047 0.0315629204 1
725 620 0 0.0190296988 -0.00780119359 0 0.0205666735 0.0352353911 1
729 620 0 0.0193798804 -0.00751847105 0 0.0207871877 0.0384529968 1
733 620 0 0.0197170415 -0.00723178325 0 0.0210014384 0.0412302955 1
737 620 0 0.0200410334 -0.00694255331 0 0.0212094805 0.0435838069 1
741 620 0 0.0203517711 -0.00665213206 0 0.0214113392 0.0455317551 1
745 620 0 0.0206492296 -0.00636179319 0 0.0216070149 0.0470938133 1
749 620 0 0.0209334402 -0.00607272929 0 0.0217964896 0.0482908494 1
753 620 0 0.0212044869 -0.00578604885 0 0.0219797322 0.0491446784 1
757 620 0 0.0214625023 -0.00550277415 0 0.0221567039 0.0496778222 1
761 620 0 0.0217076639 -0.00522383999 0 0.0223273638 0.0499132789 1
765 620 0 0.0219401896 -0.00495009319 0 0.0224916728 0.0498743043 1
769 620 0 0.0221603345 -0.00468229292 0 0.022649598 0.049584206 1
773 620 0 0.0223683859 -0.00442111168 0 0.0228011166 0.0490661524 1
777 620 0 0.0225646603 -0.00416713689 0 0.022946218 0.0483429971 1
781 620 0 0.0227494988 -0.00392087316 0 0.0230849073 0.0474371196 1
785 620 0 0.0229232641 -0.00368274499 0 0.0232172059 0.0463702821 1
789 620 0 0.0230863362 -0.00345309994 0 0.0233431536 0.0451635043 1
793 620 0 0.0232391096 -0.0032322122 0 0.0234628091 0.0438369541 1
797 620 0 0.0233819894 -0.00302028649 0 0.0235762499 0.0424098561 1
801 620 0 0.0235153888 -0.00281746219 0 0.0236835724 0.0409004161 1
805 620 0 0.0236397258 -0.00262381772 0 0.0237848914 0.0393257612 1
809 620 0 0.0237554209 -0.00243937499 0 0.0238803386 0.0377018957 1
813 620 0 0.0238628942 -0.00226410401 0 0.0239700623 0.0360436711 1
817 620 0 0.0239625633 -0.0020979275 0 0.024054225 0.0343647697 1
821 620 0 0.0240548415 -0.0019407255 0 0.0241330026 0.0326777007 1
825 620 0 0.0241401354 -0.0017923399 0 0.0242065822 0.0309938073 1
829 620 0 0.024218844 -0.00165257893 0 0.0242751606 0.0293232849 1
833 620 0 0.0242913564 -0.0015212215 0 0.0243389423 0.027675208 1
837 620 0 0.0243580514 -0.00139802136 0 0.0243981379 0.0260575649 1
841 620 0 0.0244192958 -0.00128271111 0 0.0244529621 0.0244772997 1
845 620 0 0.0244754438 -0.00117500599 0 0.0245036321 0.02294036 1
849 620 0 0.0245268362 -0.00107460748 0 0.0245503661 0.0214517496 1
853 620 0 0.0245738002 -0.000981206617 0 0.0245933817 0.0200155837 1
857 620 0 0.0246166484 -0.000894487135 0 0.0246328944 0.0186351487 1
861 620 0 0.0246556788 -0.0008141283 0 0.0246691164 0.017312962 1
253 624 0 0.0246656917 0.000862312704 0 0.0246807604 0.0174638741 1
257 624 0 0.0246277963 0.000947427599 0 0.0246460133 0.0187652698 1
261 624 0 0.0245861942 0.0010392796 0 0.02460815 0.0201186735 1
265 624 0 0.0245405959 0.00113820841 0 0.0245669772 0.021520662 1
269 624 0 0.0244906979 0.00124454904 0 0.0245222998 0.0229669611 1
273 624 0 0.0244361828 0.00135862872 0 0.0244739228 0.024452382 1
277 624 0 0.0243767194 0.00148076364 0 0.0244216525 0.02597076 1
281 624 0 0.0243119639 0.00161125541 0 0.0243652977 0.0275148966 1
285 624 0 0.0242415601 0.00175038726 0 0.0243046723 0.0290765055 1
289 624 0 0.0241651405 0.00189842002 0 0.0242395959 0.0306461649 1
293 624 0 0.0240823268 0.00205558786 0 0.0241698967 0.0322132753 1
297 624 0 0.0239927322 0.00222209391 0 0.0240954124 0.0337660261 1
301 624 0 0.0238959614 0.00239810562 0 0.0240159922 0.0352913701 1
305 624 0 0.0237916135 0.00258375006 0 0.0239314988 0.0367750097 1
309 624 0 0.0236792828 0.00277910908 0 0.0238418096 0.0382013926 1
313 624 0 0.0235585615 0.00298421446 0 0.0237468178 0.0395537223 1
317 624 0 0.0234290414 0.00319904296 0 0.0236464343 0.0408139804 1
321 624 0 0.0232903166 0.00342351155 0 0.0235405879 0.0419629653 1
325 624 0 0.0231419859 0.0036574726 0 0.0234292257 0.0429803453 1
329 624 0 0.0229836559 0.00390070925 0 0.0233123138 0.0438447297 1
333 624 0 0.0228149438 0.0041529311 0 0.0231898361 0.044533756 1
337 624 0 0.0226354803 0.00441377001 0 0.0230617939 0.045024196 1
341 624 0 0.0224449137 0.00468277637 0 0.0229282041 0.0452920794 1
345 624 0 0.0222429124 0.0049594157 0 0.0227890973 0.0453128363 1
349 624 0 0.0220291694 0.0052430658 0 0.0226445147 0.0450614578 1
353 624 0 0.0218034056 0.00553301437 0 0.0224945047 0.0445126744 1
357 624 0 0.0215653734 0.00582845733 0 0.0223391191 0.0436411525 1
361 624 0 0.0213148611 0.00612849771 0 0.0221784081 0.0424217064 1
365 624 0 0.0210516965 0.00643214541 0 0.0220124151 0.0408295266 1
369 624 0 0.0207757507 0.00673831764 0 0.0218411708 0.0388404218 1
373 624 0 0.0204869424 0.0070458403 0 0.0216646872 0.0364310728 1
377 624 0 0.0201852409 0.0073534502 0 0.021482951 0.0335792969 1
381 624 0 0.0198706708 0.0076597983 0 0.0212959167 0.0302643204 1
385 624 0 0.0195433145 0.0079634538 0 0.0211035006 0.0264670561 1
389 624 0 0.0192033161 0.00826290935 0 0.0209055739 0.0221703835 1
393 624 0 0.0188508846 0.00855658719 0 0.0207019573 0.0173594288 1
397 624 0 0.0184862962 0.0088428463 0 0.0204924152 0.0120218408 1
401 624 0 0.0181098972 0.00911999061 0 0.0202766517 0.0061480596 1
405 624 0 0.0177221058 0.00938627808 0 0.0200543075 -0.000268424421 1
409 624 0 0.0173234142 0.0096399308 0 0.0198249576 -0.0072308269 1
413 624 0 0.0169143895 0.00987914596 0 0.0195881111 -0.0147388429 1
417 624 0 0.0164956747 0.0101021076 0 0.0193432123 -0.0227884421 1
421 624 0 0.016067989 0.0103069993 0 0.019089644 -0.0313716885 1
425 624 0 0.0156321276 0.0104920171 0 0.018826732 -0.0404765895 1
429 624 0 0.0151889605 0.0106553835 0 0.0185537522 -0.0500869751 1
433 624 0 0.0147394317 0.0107953615 0 0.0182699392 -0.0601824132 1
437 624 0 0.0142845566 0.0109102696 0 0.017974497 -0.0707381616 1
441 624 0 0.01382542 0.0109984958 0 0.017666611 -0.0817251595 1
445 624 0 0.013363172 0.0110585129 0 0.0173454626 -0.0931100611 1
449 624 0 0.0128990253 0.0110888932 0 0.0170102441 -0.104855313 1
453 624 0 0.0124342496 0.0110883228 0 0.016660176 -0.116919273 1
457 624 0 0.0119701672 0.0110556157 0 0.0162945249 -0.12925638 1
461 624 0 0.0115081472 0.0109897273 0 0.0159126227 -0.141817362 1
465 624 0 0.0110495994 0.0108897673 0 0.0155138866 -0.15454949 1
469 624 0 0.0105959671 0.0107550112 0 0.0150978404 -0.16739688 1
473 624 0 0.0101487208 0.0105849117 0 0.0146641362 -0.18030083 1
477 624 0 0.00970934955 0.0103791082 0 0.0142125774 -0.1932002 1
481 624 0 0.00927935379 0.0101374349 0 0.0137431435 -0.206031825 1
485 624 0 0.00886023658 0.0098599282 0 0.0132560166 -0.218730965 1
489 624 0 0.00845349513 0.0095468319 0 0.0127516108 -0.231231779 1
493 624 0 0.00806061201 0.00919860099 0 0.0122306061 -0.243467827 1
497 624 0 0.00768304629 0.00881590371 0 0.0116939881 -0.255372592 1
501 624 0 0.00732222454 0.00839962179 0 0.0111430973 -0.266880007 1
505 624 0 0.00697953193 0.00795084894 0 0.0105796912 -0.277925007 1
509 624 0 0.00665630342 0.00747088733 0 0.0100060248 -0.288444067 1
513 624 0 0.00635381514 0.00696124235 0 0.00942495951 -0.298375748 1
517 624 0 0.00607327596 0.00642361543 0 0.00884010838 -0.307661228 1
521 624 0 0.00581581955 0.00585989512 0 0.00825603584 -0.31624482 1
525 624 0 0.00558249666 0.00527214636 0 0.00767852826 -0.32407447 1
529 624 0 0.00537426804 0.00466259814 0 0.00711495456 -0.331102222 1
533 624 0 0.00519199786 0.00403362953 0 0.00657472501 -0.337284658 1
537 624 0 0.00503644768 0.00338775433 0 0.00606981752 -0.342583296 1
541 624 0 0.00490827122 0.00272760439 0 0.00561524283 -0.346964944 1
545 624 0 0.00480800973 0.00205591174 0 0.00522912331 -0.350402009 1
549 624 0 0.0047360882 0.00137548977 0 0.00493178502 -0.352872758 1
553 624 0 0.00469281238 0.000689213641 0 0.00474315332 -0.354361518 1
557 624 0 0.00467836657 -0 0 0.00467836657 -0.354858826 1
561 624 0 0.00469281238 -0.000689213641 0 0.00474315332 -0.354361518 1
565 624 0 0.0047360882 -0.00137548977 0 0.00493178502 -0.352872758 1
569 624 0 0.00480800973 -0.00205591174 0 0.00522912331 -0.350402009 1
573 624 0 0.00490827122 -0.00272760439 0 0.00561524283 -0.346964944 1
577 624 0 0.00503644768 -0.00338775433 0 0.00606981752 -0.342583296 1
581 624 0 0.00519199786 -0.00403362953 0 0.00657472501 -0.337284658 1
585 624 0 0.00537426804 -0.00466259814 0 0.00711495456 -0.331102222 1
589 624 0 0.00558249666 -0.00527214636 0 0.00767852826 -0.32407447 1
593 624 0 0.00581581955 -0.00585989512 0 0.00825603584 -0.31624482 1
597 624 0 0.00607327596 -0.00642361543 0 0.00884010838 -0.307661228 1
601 624 0 0.00635381514 -0.00696124235 0 0.00942495951 -0.298375748 1
605 624 0 0.00665630342 -0.00747088733 0 0.0100060248 -0.288444067 1
609 624 0 0.00697953193 -0.00795084894 0 0.0105796912 -0.277925007 1
613 624 0 0.00732222454 -0.00839962179 0 0.0111430973 -0.266880007 1
617 624 0 0.00768304629 -0.00881590371 0 0.0116939881 -0.255372592 1
621 624 0 0.00806061201 -0.00919860099 0 0.0122306061 -0.243467827 1
625 624 0 0.00845349513 -0.0095468319 0 0.0127516108 -0.231231779 1
629 624 0 0.00886023658 -0.0098599282 0 0.0132560166 -0.218730965 1
633 624 0 0.00927935379 -0.0101374349 0 0.0137431435 -0.206031825 1
637 624 0 0.00970934955 -0.0103791082 0 0.0142125774 -0.1932002 1
641 624 0 0.0101487208 -0.0105849117 0 0.0146641362 -0.18030083 1
645 624 0 0.0105959671 -0.0107550112 0 0.0150978404 -0.16739688 1
649 624 0 0.0110495994 -0.0108897673 0 0.0155138866 -0.15454949 1
653 624 0 0.0115081472 -0.0109897273 0 0.0159126227 -0.141817362 1
657 624 0 0.0119701672 -0.0110556157 0 0.0162945249 -0.12925638 1
661 624 0 0.0124342496 -0.0110883228 0 0.016660176 -0.116919273 1
665 624 0 0.0128990253 -0.0110888932 0 0.0170102441 -0.104855313 1
669 624 0 0.013363172 -0.0110585129 0 0.0173454626 -0.0931100611 1
673 624 0 0.01382542 -0.0109984958 0 0.017666611 -0.0817251595 1
677 624 0 0.0142845566 -0.0109102696 0 0.017974497 -0.0707381616 1
681 624 0 0.0147394317 -0.0107953615 0 0.0182699392 -0.0601824132 1
685 624 0 0.0151889605 -0.0106553835 0 0.0185537522 -0.0500869751 1
689 624 0 0.0156321276 -0.0104920171 0 0.018826732 -0.0404765895 1
693 624 0 0.016067989 -0.0103069993 0 0.019089644 -0.0313716885 1
697 624 0 0.0164956747 -0.0101021076 0 0.0193432123 -0.0227884421 1
701 624 0 0.0169143895 -0.00987914596 0 0.0195881111 -0.0147388429 1
705 624 0 0.0173234142 -0.0096399308 0 0.0198249576 -0.0072308269 1
709 624 0 0.0177221058 -0.00938627808 0 0.0200543075 -0.000268424421 1
713 624 0 0.0181098972 -0.00911999061 0 0.0202766517 0.0061480596 1
717 624 0 0.0184862962 -0.0088428463 0 0.0204924152 0.0120218408 1
721 624 0 0.0188508846 -0.00855658719 0 0.0207019573 0.0173594288 1
725 624 0 0.0192033161 -0.00826290935 0 0.0209055739 0.0221703835 1
729 624 0 0.0195433145 -0.0079634538 0 0.0211035006 0.0264670561 1
733 624 0 0.0198706708 -0.0076597983 0 0.0212959167 0.0302643204 1
737 624 0 0.0201852409 -0.0073534502 0 0.021482951 0.0335792969 1
741 624 0 0.0204869424 -0.0070458403 0 0.0216646872 0.0364310728 1
745 624 0 0.0207757507 -0.00673831764 0 0.0218411708 0.0388404218 1
749 624 0 0.0210516965 -0.00643214541 0 0.0220124151 0.0408295266 1
753 624 0 0.0213148611 -0.00612849771 0 0.0221784081 0.0424217064 1
757 624 0 0.0215653734 -0.00582845733 0 0.0223391191 0.0436411525 1
761 624 0 0.0218034056 -0.00553301437 0 0.0224945047 0.0445126744 1
765 624 0 0.0220291694 -0.0052430658 0 0.0226445147 0.0450614578 1
769 624 0 0.0222429124 -0.0049594157 0 0.0227890973 0.0453128363 1
773 624 0 0.0224449137 -0.00468277637 0 0.0229282041 0.0452920794 1
777 624 0 0.0226354803 -0.00441377001 0 0.0230617939 0.045024196 1
781 624 0 0.0228149438 -0.0041529311 0 0.0231898361 0.044533756 1
785 624 0 0.0229836559 -0.00390070925 0 0.0233123138 0.0438447297 1
789 624 0 0.0231419859 -0.0036574726 0 0.0234292257 0.0429803453 1
793 624 0 0.0232903166 -0.00342351155 0 0.0235405879 0.0419629653 1
797 624 0 0.0234290414 -0.00319904296 0 0.0236464343 0.0408139804 1
801 624 0 0.0235585615 -0.00298421446 0 0.0237468178 0.0395537223 1
805 624 0 0.0236792828 -0.00277910908 0 0.0238418096 0.0382013926 1
809 624 0 0.0237916135 -0.00258375006 0 0.0239314988 0.0367750097 1
813 624 0 0.0238959614 -0.00239810562 0 0.0240159922 0.0352913701 1
817 624 0 0.0239927322 -0.00222209391 0 0.0240954124 0.0337660261 1
821 624 0 0.0240823268 -0.00205558786 0 0.0241698967 0.0322132753 1
825 624 0 0.0241651405 -0.00189842002 0 0.0242395959 0.0306461649 1
829 624 0 0.0242415601 -0.00175038726 0 0.0243046723 0.0290765055 1
833 624 0 0.0243119639 -0.00161125541 0 0.0243652977 0.0275148966 1
837 624 0 0.0243767194 -0.00148076364 0 0.0244216525 0.02597076 1
841 624 0 0.0244361828 -0.00135862872 0 0.0244739228 0.024452382 1
845 624 0 0.0244906979 -0.00124454904 0 0.0245222998 0.0229669611 1
849 624 0 0.0245405959 -0.00113820841 0 0.0245669772 0.021520662 1
853 624 0 0.0245861942 -0.0010392796 0 0.02460815 0.0201186735 1
857 624 0 0.0246277963 -0.000947427599 0 0.0246460133 0.0187652698 1
861 624 0 0.0246656917 -0.000862312704 0 0.0246807604 0.0174638741 1
253 628 0 0.0246797015 0.000908793568 0 0.0246964283 0.0175644382 1
257 628 0 0.0246433942 0.000998496374 0 0.0246636143 0.0188406756 1
261 628 0 0.0246035354 0.00109529943 0 0.0246279036 0.0201624021 1
265 628 0 0.0245598481 0.00119956076 0 0.0245891253 0.0215252819 1
269 628 0 0.0245120411 0.00131163342 0 0.0245471086 0.0229240471 1
273 628 0 0.0244598105 0.00143186229 0 0.0245016848 0.0243524306 1
277 628 0 0.0244028391 0.00156058059 0 0.0244526883 0.0258031031 1
281 628 0 0.0243407973 0.00169810621 0 0.0243999585 0.0272676129 1
285 628 0 0.0242733439 0.00184473762 0 0.0243433416 0.0287363314 1
289 628 0 0.0242001267 0.00200074972 0 0.024282692 0.0301984043 1
293 628 0 0.0241207836 0.00216638931 0 0.0242178744 0.0316417102 1
297 628 0 0.0240349435 0.00234187046 0 0.0241487653 0.033052828 1
301 628 0 0.0239422281 0.00252736966 0 0.0240752546 0.0344170142 1
305 628 0 0.0238422531 0.00272302081 0 0.0239972472 0.0357181912 1
309 628 0 0.0237346298 0.00292891018 0 0.0239146643 0.0369389488 1
313 628 0 0.0236189675 0.00314507126 0 0.0238274443 0.038060559 1
317 628 0 0.0234948752 0.00337147957 0 0.0237355437 0.0390630059 1
321 628 0 0.0233619639 0.0036080476 0 0.0236389374 0.0399250317 1
325 628 0 0.0232198493 0.00385461974 0 0.0235376187 0.0406242003 1
329 628 0 0.0230681544 0.00411096748 0 0.0234315983 0.0411369782 1
333 628 0 0.0229065124 0.00437678473 0 0.0233209038 0.0414388346 1
337 628 0 0.0227345697 0.00465168353 0 0.0232055773 0.041504361 1
341 628 0 0.0225519891 0.00493519001 0 0.0230856733 0.0413074098 1
345 628 0 0.022358453 0.00522674091 0 0.0229612553 0.0408212535 1
349 628 0 0.0221536673 0.00552568047 0 0.0228323919 0.0400187625 1
353 628 0 0.0219373645 0.00583125802 0 0.0226991526 0.0388726034 1
357 628 0 0.0217093074 0.00614262611 0 0.022561602 0.0373554544 1
361 628 0 0.0214692933 0.00645883944 0 0.022419794 0.03544024 1
365 628 0 0.0212171571 0.00677885453 0 0.0222737654 0.03310038 1
369 628 0 0.0209527753 0.00710153023 0 0.0221235288 0.0303100553 1
373 628 0 0.02067607 0.00742562914 0 0.0219690655 0.0270444847 1
377 628 0 0.0203870119 0.00774982001 0 0.0218103178 0.0232802133 1
381 628 0 0.0200856244 0.00807268105 0 0.0216471819 0.0189954087 1
385 628 0 0.0197719865 0.00839270436 0 0.0214795004 0.0141701627 1
389 628 0 0.0194462364 0.00870830133 0 0.0213070557 0.00878679452 1
393 628 0 0.0191085742 0.00901780916 0 0.0211295643 0.00283015369 1
397 628 0 0.0187592645 0.00931949838 0 0.0209466717 -0.00371208194 1
401 628 0 0.0183986391 0.00961158147 0 0.0207579483 -0.0108491166 1
405 628 0 0.0180270988 0.00989222251 0 0.0205628879 -0.0185867589 1
409 628 0 0.017645115 0.0101595478 0 0.0203609061 -0.02692716 1
413 628 0 0.0172532312 0.0104116572 0 0.0201513422 -0.0358685724 1
417 628 0 0.0168520634 0.0106466371 0 0.0199334624 -0.045405131 1
421 628 0 0.0164423007 0.010862573 0 0.0197064645 -0.0555266636 1
425 628 0 0.0160247048 0.0110575637 0 0.0194694858 -0.0662185313 1
429 628 0 0.0156001094 0.0112297359 0 0.0192216124 -0.0774615041 1
433 628 0 0.0151694189 0.0113772592 0 0.0189618906 -0.0892316749 1
437 628 0 0.0147336062 0.0114983611 0 0.0186893408 -0.101500414 1
441 628 0 0.0142937104 0.0115913429 0 0.0184029722 -0.114234365 1
445 628 0 0.0138508338 0.0116545951 0 0.0181018006 -0.127395493 1
449 628 0 0.0134061379 0.011686613 0 0.017784866 -0.140941171 1
453 628 0 0.0129608395 0.0116860118 0 0.017451253 -0.154824318 1
457 628 0 0.0125162053 0.0116515417 0 0.0171001117 -0.168993591 1
461 628 0 0.0120735471 0.0115821018 0 0.0167306791 -0.18339362 1
465 628 0 0.0116342155 0.0114767536 0 0.0163423023 -0.197965288 1
469 628 0 0.0111995935 0.0113347339 0 0.0159344622 -0.212646068 1
473 628 0 0.0107710898 0.0111554656 0 0.0155067981 -0.227370396 1
477 628 0 0.0103501312 0.0109385687 0 0.0150591335 -0.242070092 1
481 628 0 0.00993815517 0.0106838686 0 0.0145915036 -0.256674811 1
485 628 0 0.0095366018 0.0103914036 0 0.0141041853 -0.271112544 1
489 628 0 0.00914690557 0.0100614306 0 0.0135977302 -0.285310137 1
493 628 0 0.00877048691 0.00969442915 0 0.0130730026 -0.299193839 1
497 628 0 0.00840874375 0.0092911035 0 0.012531224 -0.312689876 1
501 628 0 0.00806304286 0.00885238293 0 0.0119740279 -0.325725036 1
505 628 0 0.00773471139 0.00837942007 0 0.0114035276 -0.33822726 1
509 628 0 0.00742502835 0.0078735873 0 0.0108224037 -0.350126242 1
513 628 0 0.00713521636 0.00733647115 0 0.0102340179 -0.361354022 1
517 628 0 0.00686643368 0.00676986476 0 0.00964256088 -0.371845568 1
521 628 0 0.00661976643 0.00617575848 0 0.00905324806 -0.381539339 1
525 628 0 0.00639622134 0.00555632856 0 0.00847256953 -0.390377833 1
529 628 0 0.00619671891 0.00491392412 0 0.00790860137 -0.398308093 1
533 628 0 0.00602208708 0.00425105249 0 0.00737136216 -0.405282187 1
537 628 0 0.00587305551 0.00357036297 0 0.00687315596 -0.411257643 1
541 628 0 0.00575025051 0.00287462926 0 0.00642875371 -0.416197836 1
545 628 0 0.00565419065 0.00216673065 0 0.00605512953 -0.420072325 1
549 628 0 0.00558528312 0.00144963219 0 0.00577033977 -0.422857136 1
553 628 0 0.00554382085 0.000726364022 0 0.0055912033 -0.424534982 1
557 628 0 0.00552998042 -0 0 0.00552998042 -0.425095427 1
561 628 0 0.00554382085 -0.000726364022 0 0.0055912033 -0.424534982 1
565 628 0 0.00558528312 -0.00144963219 0 0.00577033977 -0.422857136 1
569 628 0 0.00565419065 -0.00216673065 0 0.00605512953 -0.420072325 1
573 628 0 0.00575025051 -0.00287462926 0 0.00642875371 -0.416197836 1
577 628 0 0.00587305551 -0.00357036297 0 0.00687315596 -0.411257643 1
581 628 0 0.00602208708 -0.00425105249 0 0.00737136216 -0.405282187 1
585 628 0 0.00619671891 -0.00491392412 0 0.00790860137 -0.398308093 1
589 628 0 0.00639622134 -0.00555632856 0 0.00847256953 -0.390377833 1
593 628 0 0.00661976643 -0.00617575848 0 0.00905324806 -0.381539339 1
597 628 0 0.00686643368 -0.00676986476 0 0.00964256088 -0.371845568 1
601 628 0 0.00713521636 -0.00733647115 0 0.0102340179 -0.361354022 1
605 628 0 0.00742502835 -0.0078735873 0 0.0108224037 -0.350126242 1
609 628 0 0.00773471139 -0.00837942007 0 0.0114035276 -0.33822726 1
613 628 0 0.00806304286 -0.00885238293 0 0.0119740279 -0.325725036 1
617 628 0 0.00840874375 -0.0092911035 0 0.012531224 -0.312689876 1
621 628 0 0.00877048691 -0.00969442915 0 0.0130730026 -0.299193839 1
625 628 0 0.00914690557 -0.0100614306 0 0.0135977302 -0.285310137 1
629 628 0 0.0095366018 -0.0103914036 0 0.0141041853 -0.271112544 1
633 628 0 0.00993815517 -0.0106838686 0 0.0145915036 -0.256674811 1
637 628 0 0.0103501312 -0.0109385687 0 0.0150591335 -0.242070092 1
641 628 0 0.0107710898 -0.0111554656 0 0.0155067981 -0.227370396 1
645 628 0 0.0111995935 -0.0113347339 0 0.0159344622 -0.212646068 1
649 628 0 0.0116342155 -0.0114767536 0 0.0163423023 -0.197965288 1
653 628 0 0.0120735471 -0.0115821018 0 0.0167306791 -0.18339362 1
657 628 0 0.0125162053 -0.0116515417 0 0.0171001117 -0.168993591 1
661 628 0 0.0129608395 -0.0116860118 0 0.017451253 -0.154824318 1
665 628 0 0.0134061379 -0.011686613 0 0.017784866 -0.140941171 1
669 628 0 0.0138508338 -0.0116545951 0 0.0181018006 -0.127395493 1
673 628 0 0.0142937104 -0.0115913429 0 0.0184029722 -0.114234365 1
677 628 0 0.0147336062 -0.0114983611 0 0.0186893408 -0.101500414 1
681 628 0 0.0151694189 -0.0113772592 0 0.0189618906 -0.0892316749 1
685 628 0 0.0156001094 -0.0112297359 0 0.0192216124 -0.0774615041 1
689 628 0 0.0160247048 -0.0110575637 0 0.0194694858 -0.0662185313 1
693 628 0 0.0164423007 -0.010862573 0 0.0197064645 -0.0555266636 1
697 628 0 0.0168520634 -0.0106466371 0 0.0199334624 -0.045405131 1
701 628 0 0.0172532312 -0.0104116572 0 0.0201513422 -0.0358685724 1
705 628 0 0.017645115 -0.0101595478 0 0.0203609061 -0.02692716 1
709 628 0 0.0180270988 -0.00989222251 0 0.0205628879 -0.0185867589 1
713 628 0 0.0183986391 -0.00961158147 0 0.0207579483 -0.0108491166 1
717 628 0 0.0187592645 -0.00931949838 0 0.0209466717 -0.00371208194 1
721 628 0 0.0191085742 -0.00901780916 0 0.0211295643 0.00283015369 1
725 628 0 0.0194462364 -0.00870830133 0 0.0213070557 0.00878679452 1
729 628 0 0.0197719865 -0.00839270436 0 0.0214795004 0.0141701627 1
733 628 0 0.0200856244 -0.00807268105 0 0.0216471819 0.0189954087 1
737 628 0 0.0203870119 -0.00774982001 0 0.0218103178 0.0232802133 1
741 628 0 0.02067607 -0.00742562914 0 0.0219690655 0.0270444847 1
745 628 0 0.0209527753 -0.00710153023 0 0.0221235288 0.0303100553 1
749 628 0 0.0212171571 -0.00677885453 0 0.0222737654 0.03310038 1
753 628 0 0.0214692933 -0.00645883944 0 0.022419794 0.03544024 1
757 628 0 0.0217093074 -0.00614262611 0 0.022561602 0.0373554544 1
761 628 0 0.0219373645 -0.00583125802 0 0.0226991526 0.0388726034 1
765 628 0 0.0221536673 -0.00552568047 0 0.0228323919 0.0400187625 1
769 628 0 0.022358453 -0.00522674091 0 0.0229612553 0.0408212535 1
773 628 0 0.0225519891 -0.00493519001 0 0.0230856733 0.0413074098 1
777 628 0 0.0227345697 -0.00465168353 0 0.0232055773 0.041504361 1
781 628 0 0.0229065124 -0.00437678473 0 0.0233209038 0.0414388346 1
785 628 0 0.0230681544 -0.00411096748 0 0.0234315983 0.0411369782 1
789 628 0 0.0232198493 -0.00385461974 0 0.0235376187 0.0406242003 1
793 628 0 0.0233619639 -0.0036080476 0 0.0236389374 0.0399250317 1
797 628 0 0.0234948752 -0.00337147957 0 0.0237355437 0.0390630059 1
801 628 0 0.0236189675 -0.00314507126 0 0.0238274443 0.038060559 1
805 628 0 0.0237346298 -0.00292891018 0 0.0239146643 0.0369389488 1
809 628 0 0.0238422531 -0.00272302081 0 0.0239972472 0.0357181912 1
813 628 0 0.0239422281 -0.00252736966 0 0.0240752546 0.0344170142 1
817 628 0 0.0240349435 -0.00234187046 0 0.0241487653 0.033052828 1
821 628 0 0.0241207836 -0.00216638931 0 0.0242178744 0.0316417102 1
825 628 0 0.0242001267 -0.00200074972 0 0.024282692 0.0301984043 1
829 628 0 0.0242733439 -0.00184473762 0 0.0243433416 0.0287363314 1
833 628 0 0.0243407973 -0.00169810621 0 0.0243999585 0.0272676129 1
837 628 0 0.0244028391 -0.00156058059 0 0.0244526883 0.0258031031 1
841 628 0 0.0244598105 -0.00143186229 0 0.0245016848 0.0243524306 1
845 628 0 0.0245120411 -0.00131163342 0 0.0245471086 0.0229240471 1
849 628 0 0.0245598481 -0.00119956076 0 0.0245891253 0.0215252819 1
853 628 0 0.0246035354 -0.00109529943 0 0.0246279036 0.0201624021 1
857 628 0 0.0246433942 -0.000998496374 0 0.0246636143 0.0188406756 1
861 628 0 0.0246797015 -0.000908793568 0 0.0246964283 0.0175644382 1
253 632 0 0.0246977082 0.000953002922 0 0.024716088 0.0176211668 1
257 632 0 0.024663442 0.00104706943 0 0.0246856583 0.0188690637 1
261 632 0 0.024625824 0.00114858159 0 0.0246525952 0.0201558176 1
265 632 0 0.0245845927 0.00125791484 0 0.0246167534 0.0214761914 1
269 632 0 0.0245394734 0.00137543941 0 0.0245779899 0.0228239364 1
273 632 0 0.0244901791 0.00150151695 0 0.0245361657 0.0241917232 1
277 632 0 0.0244364105 0.00163649691 0 0.024491147 0.025571076 1
281 632 0 0.0243778566 0.00178071262 0 0.0244428073 0.0269523114 1
285 632 0 0.0243141954 0.0019344771 0 0.024391029 0.0283244825 1
289 632 0 0.0242450943 0.00209807859 0 0.0243357049 0.0296753297 1
293 632 0 0.0241702117 0.00227177592 0 0.0242767399 0.0309912401 1
297 632 0 0.0240891974 0.00245579357 0 0.0242140528 0.0322572158 1
301 632 0 0.0240016944 0.00265031659 0 0.0241475777 0.0334568535 1
305 632 0 0.0239073398 0.00285548542 0 0.024077265 0.0345723365 1
309 632 0 0.0238057669 0.00307139054 0 0.0240030827 0.03558444 1
313 632 0 0.023696607 0.00329806703 0 0.0239250168 0.0364725513 1
317 632 0 0.0235794909 0.00353548925 0 0.0238430719 0.0372147071 1
321 632 0 0.0234540517 0.00378356541 0 0.0237572706 0.037787647 1
325 632 0 0.0233199265 0.00404213235 0 0.0236676532 0.0381668861 1
329 632 0 0.0231767597 0.00431095043 0 0.0235742759 0.0383268073 1
333 632 0 0.023024205 0.00458969868 0 0.0234772091 0.0382407729 1
337 632 0 0.0228619286 0.00487797026 0 0.0233765347 0.0378812577 1
341 632 0 0.0226896124 0.00517526826 0 0.0232723422 0.0372200022 1
345 632 0 0.0225069566 0.005481002 0 0.0231647249 0.036228188 1
349 632 0 0.0223136837 0.00579448384 0 0.0230537746 0.034876633 1
353 632 0 0.022109541 0.00611492657 0 0.0229395756 0.0331360077 1
357 632 0 0.021894305 0.00644144154 0 0.0228221988 0.0309770713 1
361 632 0 0.0216677841 0.00677303745 0 0.0227016938 0.0283709254 1
365 632 0 0.0214298225 0.00710862005 0 0.0225780817 0.0252892861 1
369 632 0 0.0211803039 0.00744699269 0 0.0224513468 0.0217047708 1
373 632 0 0.0209191545 0.00778685779 0 0.0223214287 0.0175911983 1
377 632 0 0.0206463468 0.00812681931 0 0.0221882137 0.0129239002 1
381 632 0 0.0203619028 0.00846538632 0 0.0220515272 0.00768004003 1
385 632 0 0.0200658971 0.00880097754 0 0.0219111258 0.0018389381 1
389 632 0 0.0197584602 0.00913192711 0 0.0217666911 -0.00461760243 1
393 632 0 0.0194397808 0.00945649132 0 0.0216178238 -0.0117049707 1
397 632 0 0.0191101088 0.00977285657 0 0.0214640393 -0.0194354292 1
401 632 0 0.0187697572 0.0100791484 0 0.0213047651 -0.0278178035 1
405 632 0 0.0184191043 0.0103734416 0 0.0211393399 -0.0368571867 1
409 632 0 0.018058595 0.0106537712 0 0.0209670144 -0.0465546605 1
413 632 0 0.0176887423 0.0109181448 0 0.0207869548 -0.0569070388 1
417 632 0 0.0173101275 0.0111645556 0 0.0205982479 -0.0679066371 1
421 632 0 0.016923401 0.0113909959 0 0.0203999091 -0.0795410721 1
425 632 0 0.0165292817 0.0115954721 0 0.0201908922 -0.0917930956 1
429 632 0 0.0161285564 0.0117760199 0 0.0199701021 -0.104640466 1
433 632 0 0.0157220786 0.0119307196 0 0.0197364087 -0.118055861 1
437 632 0 0.0153107666 0.0120577127 0 0.0194886636 -0.132006833 1
441 632 0 0.0148956011 0.0121552177 0 0.0192257184 -0.146455819 1
445 632 0 0.0144776223 0.0122215468 0 0.0189464444 -0.161360186 1
449 632 0 0.0140579265 0.0122551223 0 0.0186497539 -0.176672339 1
453 632 0 0.013637662 0.0122544919 0 0.0183346229 -0.19233988 1
457 632 0 0.0132180245 0.012218345 0 0.0180001146 -0.208305812 1
461 632 0 0.0128002518 0.0121455271 0 0.0176454038 -0.224508803 1
465 632 0 0.0123856188 0.0120350541 0 0.0172698025 -0.240883497 1
469 632 0 0.0119754305 0.0118861256 0 0.0168727863 -0.257360883 1
473 632 0 0.0115710166 0.0116981366 0 0.0164540216 -0.273868697 1
477 632 0 0.0111737237 0.0114706885 0 0.0160133943 -0.290331889 1
481 632 0 0.0107849083 0.0112035982 0 0.0155510405 -0.306673113 1
485 632 0 0.0104059296 0.0108969059 0 0.0150673796 -0.32281327 1
489 632 0 0.0100381415 0.010550881 0 0.0145631512 -0.338672073 1
493 632 0 0.00968288448 0.0101660263 0 0.0140394566 -0.354168648 1
497 632 0 0.00934147794 0.00974308039 0 0.0134978082 -0.369222151 1
501 632 0 0.00901521182 0.00928301773 0 0.0129401879 -0.383752401 1
505 632 0 0.00870533862 0.00878704703 0 0.0123691194 -0.397680532 1
509 632 0 0.00841306547 0.00825660741 0 0.0117877579 -0.410929631 1
513 632 0 0.00813954625 0.0076933626 0 0.0112000018 -0.423425387 1
517 632 0 0.00788587411 0.00709919296 0 0.0106106339 -0.435096719 1
521 632 0 0.0076530741 0.00647618567 0 0.0100254937 -0.445876389 1
525 632 0 0.00744209637 0.00582662284 0 0.00945168408 -0.455701588 1
529 632 0 0.00725380965 0.00515296786 0 0.00889779929 -0.464514493 1
533 632 0 0.00708899534 0.00445785005 0 0.00837414366 -0.472262777 1
537 632 0 0.00694834209 0.00374404757 0 0.00789286703 -0.478900084 1
541 632 0 0.00683244099 0.00301446905 0 0.0074678828 -0.484386449 1
545 632 0 0.00674178147 0.00227213386 0 0.00711436643 -0.488688658 1
549 632 0 0.00667674781 0.00152015129 0 0.00684761428 -0.491780555 1
553 632 0 0.00663761648 0.000761698872 0 0.00668117787 -0.493643286 1
557 632 0 0.00662455414 -0 0 0.00662455414 -0.494265465 1
561 632 0 0.00663761648 -0.000761698872 0 0.00668117787 -0.493643286 1
565 632 0 0.00667674781 -0.00152015129 0 0.00684761428 -0.491780555 1
569 632 0 0.00674178147 -0.00227213386 0 0.00711436643 -0.488688658 1
573 632 0 0.00683244099 -0.00301446905 0 0.0074678828 -0.484386449 1
577 632 0 0.00694834209 -0.00374404757 0 0.00789286703 -0.478900084 1
581 632 0 0.00708899534 -0.00445785005 0 0.00837414366 -0.472262777 1
585 632 0 0.00725380965 -0.00515296786 0 0.00889779929 -0.464514493 1
589 632 0 0.00744209637 -0.00582662284 0 0.00945168408 -0.455701588 1
593 632 0 0.0076530741 -0.00647618567 0 0.0100254937 -0.445876389 1
597 632 0 0.00788587411 -0.00709919296 0 0.0106106339 -0.435096719 1
601 632 0 0.00813954625 -0.0076933626 0 0.0112000018 -0.423425387 1
605 632 0 0.00841306547 -0.00825660741 0 0.0117877579 -0.410929631 1
609 632 0 0.00870533862 -0.00878704703 0 0.0123691194 -0.397680532 1
613 632 0 0.00901521182 -0.00928301773 0 0.0129401879 -0.383752401 1
617 632 0 0.00934147794 -0.00974308039 0 0.0134978082 -0.369222151 1
621 632 0 0.00968288448 -0.0101660263 0 0.0140394566 -0.354168648 1
625 632 0 0.0100381415 -0.010550881 0 0.0145631512 -0.338672073 1
629 632 0 0.0104059296 -0.0108969059 0 0.0150673796 -0.32281327 1
633 632 0 0.0107849083 -0.0112035982 0 0.0155510405 -0.306673113 1
637 632 0 0.0111737237 -0.0114706885 0 0.0160133943 -0.290331889 1
641 632 0 0.0115710166 -0.0116981366 0 0.0164540216 -0.273868697 1
645 632 0 0.0119754305 -0.0118861256 0 0.0168727863 -0.257360883 1
649 632 0 0.0123856188 -0.0120350541 0 0.0172698025 -0.240883497 1
653 632 0 0.0128002518 -0.0121455271 0 0.0176454038 -0.224508803 1
657 632 0 0.0132180245 -0.012218345 0 0.0180001146 -0.208305812 1
661 632 0 0.013637662 -0.0122544919 0 0.0183346229 -0.19233988 1
665 632 0 0.0140579265 -0.0122551223 0 0.0186497539 -0.176672339 1
669 632 0 0.0144776223 -0.0122215468 0 0.0189464444 -0.161360186 1
673 632 0 0.0148956011 -0.0121552177 0 0.0192257184 -0.146455819 1
677 632 0 0.0153107666 -0.0120577127 0 0.0194886636 -0.132006833 1
681 632 0 0.0157220786 -0.0119307196 0 0.0197364087 -0.118055861 1
685 632 0 0.0161285564 -0.0117760199 0 0.0199701021 -0.104640466 1
689 632 0 0.0165292817 -0.0115954721 0 0.0201908922 -0.0917930956 1
693 632 0 0.016923401 -0.0113909959 0 0.0203999091 -0.0795410721 1
697 632 0 0.0173101275 -0.0111645556 0 0.0205982479 -0.0679066371 1
701 632 0 0.0176887423 -0.0109181448 0 0.0207869548 -0.0569070388 1
705 632 0 0.018058595 -0.0106537712 0 0.0209670144 -0.0465546605 1
709 632 0 0.0184191043 -0.0103734416 0 0.0211393399 -0.0368571867 1
713 632 0 0.0187697572 -0.0100791484 0 0.0213047651 -0.0278178035 1
717 632 0 0.0191101088 -0.00977285657 0 0.0214640393 -0.0194354292 1
721 632 0 0.0194397808 -0.00945649132 0 0.0216178238 -0.0117049707 1
725 632 0 0.0197584602 -0.00913192711 0 0.0217666911 -0.00461760243 1
729 632 0 0.0200658971 -0.00880097754 0 0.0219111258 0.0018389381 1
733 632 0 0.0203619028 -0.00846538632 0 0.0220515272 0.00768004003 1
737 632 0 0.0206463468 -0.00812681931 0 0.0221882137 0.0129239002 1
741 632 0 0.0209191545 -0.00778685779 0 0.0223214287 0.0175911983 1
745 632 0 0.0211803039 -0.00744699269 0 0.0224513468 0.0217047708 1
749 632 0 0.0214298225 -0.00710862005 0 0.0225780817 0.0252892861 1
753 632 0 0.0216677841 -0.00677303745 0 0.0227016938 0.0283709254 1
757 632 0 0.021894305 -0.00644144154 0 0.0228221988 0.0309770713 1
761 632 0 0.022109541 -0.00611492657 0 0.0229395756 0.0331360077 1
765 632 0 0.0223136837 -0.00579448384 0 0.0230537746 0.034876633 1
769 632 0 0.0225069566 -0.005481002 0 0.0231647249 0.036228188 1
773 632 0 0.0226896124 -0.00517526826 0 0.0232723422 0.0372200022 1
777 632 0 0.0228619286 -0.00487797026 0 0.0233765347 0.0378812577 1
781 632 0 0.023024205 -0.00458969868 0 0.0234772091 0.0382407729 1
785 632 0 0.0231767597 -0.00431095043 0 0.0235742759 0.0383268073 1
789 632 0 0.0233199265 -0.00404213235 0 0.0236676532 0.0381668861 1
793 632 0 0.0234540517 -0.00378356541 0 0.0237572706 0.037787647 1
797 632 0 0.0235794909 -0.00353548925 0 0.0238430719 0.0372147071 1
801 632 0 0.023696607 -0.00329806703 0 0.0239250168 0.0364725513 1
805 632 0 0.0238057669 -0.00307139054 0 0.0240030827 0.03558444 1
809 632 0 0.0239073398 -0.00285548542 0 0.024077265 0.0345723365 1
813 632 0 0.0240016944 -0.00265031659 0 0.0241475777 0.0334568535 1
817 632 0 0.0240891974 -0.00245579357 0 0.0242140528 0.0322572158 1
821 632 0 0.0241702117 -0.00227177592 0 0.0242767399 0.0309912401 1
825 632 0 0.0242450943 -0.00209807859 0 0.0243357049 0.0296753297 1
829 632 0 0.0243141954 -0.0019344771 0 0.024391029 0.0283244825 1
833 632 0 0.0243778566 -0.00178071262 0 0.0244428073 0.0269523114 1
837 632 0 0.0244364105 -0.00163649691 0 0.024491147 0.025571076 1
841 632 0 0.0244901791 -0.00150151695 0 0.0245361657 0.0241917232 1
845 632 0 0.0245394734 -0.00137543941 0 0.0245779899 0.0228239364 1
849 632 0 0.0245845927 -0.00125791484 0 0.0246167534 0.0214761914 1
853 632 0 0.024625824 -0.00114858159 0 0.0246525952 0.0201558176 1
857 632 0 0.024663442 -0.00104706943 0 0.0246856583 0.0188690637 1
861 632 0 0.0246977082 -0.000953002922 0 0.024716088 0.0176211668 1
253 636 0 0.0247196301 0.000994378551 0 0.0247396221 0.0176414759 1
257 636 0 0.0246878488 0.00109252905 0 0.0247120113 0.0188591325 1
261 636 0 0.0246529589 0.00119844847 0 0.0246820717 0.0201090758 1
265 636 0 0.0246147177 0.00131252854 0 0.0246496867 0.0213851967 1
269 636 0 0.0245728704 0.00143515556 0 0.0246147442 0.0226802987 1
273 636 0 0.0245271508 0.00156670689 0 0.0245771377 0.0239860268 1
277 636 0 0.0244772815 0.00170754715 0 0.0245367689 0.0252928002 1
281 636 0 0.0244229739 0.00185802414 0 0.0244935483 0.0265897488 1
285 636 0 0.0243639293 0.00201846446 0 0.0244473976 0.0278646569 1
289 636 0 0.0242998394 0.00218916889 0 0.024398251 0.0291039139 1
293 636 0 0.0242303872 0.00237040747 0 0.0243460571 0.0302924735 1
297 636 0 0.024155248 0.00256241444 0 0.0242907796 0.0314138244 1
301 636 0 0.0240740906 0.00276538288 0 0.0242323994 0.0324499712 1
305 636 0 0.0239865785 0.00297945934 0 0.0241709148 0.0333814301 1
309 636 0 0.0238923716 0.0032047382 0 0.0241063429 0.0341872381 1
313 636 0 0.0237911278 0.00344125609 0 0.0240387189 0.034844979 1
317 636 0 0.0236825049 0.00368898625 0 0.0239680967 0.0353308266 1
321 636 0 0.0235661624 0.0039478329 0 0.0238945474 0.0356196064 1
325 636 0 0.0234417639 0.00421762579 0 0.0238181582 0.0356848771 1
329 636 0 0.0233089794 0.00449811489 0 0.0237390302 0.0354990325 1
333 636 0 0.0231674878 0.0047889653 0 0.0236572754 0.0350334259 1
337 636 0 0.0230169795 0.00508975249 0 0.0235730127 0.0342585144 1
341 636 0 0.0228571595 0.005399958 0 0.0234863639 0.0331440279 1
345 636 0 0.0226877498 0.00571896549 0 0.0233974477 0.0316591584 1
349 636 0 0.0225084928 0.00604605748 0 0.0233063738 0.0297727728 1
353 636 0 0.0223191544 0.00638041257 0 0.0232132358 0.0274536464 1
357 636 0 0.0221195271 0.00672110353 0 0.0231181035 0.0246707173 1
361 636 0 0.0219094332 0.00706709602 0 0.0230210145 0.0213933611 1
365 636 0 0.0216887284 0.0074172483 0 0.0229219657 0.0175916821 1
369 636 0 0.0214573047 0.00777031175 0 0.0228209042 0.0132368218 1
373 636 0 0.0212150936 0.00812493245 0 0.0227177183 0.00830128105 1
377 636 0 0.0209620696 0.00847965376 0 0.0226122288 0.00275925241 1
381 636 0 0.0206982532 0.00883292 0 0.022504181 -0.00341303774 1
385 636 0 0.0204237136 0.00918308128 0 0.0223932369 -0.0102369831 1
389 636 0 0.0201385717 0.00952839937 0 0.0222789692 -0.0177312493 1
393 636 0 0.0198430027 0.00986705488 0 0.0221608557 -0.0259114285 1
397 636 0 0.0195372381 0.0101971555 0 0.022038277 -0.0347897 1
401 636 0 0.0192215685 0.0105167453 0 0.0219105141 -0.0443745014 1
405 636 0 0.0188963447 0.0108238155 0 0.0217767496 -0.0546702149 1
409 636 0 0.0185619792 0.0111163159 0 0.0216360706 -0.065676873 1
413 636 0 0.0182189479 0.0113921676 0 0.0214874741 -0.0773898878 1
417 636 0 0.0178677899 0.0116492765 0 0.0213298748 -0.0897998086 1
421 636 0 0.0175091084 0.011885548 0 0.0211621154 -0.102892113 1
425 636 0 0.0171435702 0.0120989018 0 0.0209829794 -0.116647031 1
429 636 0 0.0167719052 0.0122872883 0 0.0207912062 -0.131039419 1
433 636 0 0.0163949048 0.0124487044 0 0.0205855081 -0.146038665 1
437 636 0 0.0160134207 0.012581211 0 0.0203645897 -0.161608651 1
441 636 0 0.0156283626 0.0126829493 0 0.0201271687 -0.177707765 1
445 636 0 0.0152406953 0.0127521582 0 0.0198719987 -0.194288962 1
449 636 0 0.0148514354 0.0127871914 0 0.0195978927 -0.21129988 1
453 636 0 0.0144616481 0.0127865336 0 0.0193037486 -0.228683016 1
457 636 0 0.0140724423 0.0127488173 0 0.0189885749 -0.246375954 1
461 636 0 0.0136849661 0.0126728379 0 0.0186515179 -0.264311648 1
465 636 0 0.0133004018 0.0125575687 0 0.0182918895 -0.282418767 1
469 636 0 0.0129199601 0.0124021743 0 0.0179091959 -0.300622083 1
473 636 0 0.0125448739 0.0122060236 0 0.0175031675 -0.318842925 1
477 636 0 0.0121763922 0.0119687006 0 0.0170737905 -0.336999663 1
481 636 0 0.0118157734 0.0116900143 0 0.0166213397 -0.355008252 1
485 636 0 0.0114642779 0.0113700066 0 0.016146415 -0.372782811 1
489 636 0 0.0111231614 0.0110089586 0 0.0156499805 -0.390236232 1
493 636 0 0.0107936673 0.0106073951 0 0.0151334095 -0.407280826 1
497 636 0 0.0104770193 0.0101660865 0 0.0145985358 -0.423828988 1
501 636 0 0.0101744136 0.00968604975 0 0.0140477134 -0.439793881 1
505 636 0 0.00988701216 0.00916854595 0 0.0134838883 -0.455090126 1
509 636 0 0.00961593438 0.00861507675 0 0.0129106832 -0.469634499 1
513 636 0 0.00936225053 0.00802737806 0 0.0123324991 -0.483346619 1
517 636 0 0.00912697445 0.00740741192 0 0.0117546337 -0.496149627 1
521 636 0 0.00891105688 0.00675735611 0 0.0111834161 -0.507970838 1
525 636 0 0.00871537905 0.00607959182 0 0.0106263479 -0.518742378 1
529 636 0 0.00854074671 0.00537668941 0 0.0100922318 -0.528401772 1
533 636 0 0.00838788458 0.00465139232 0 0.00959124905 -0.536892496 1
537 636 0 0.00825743137 0.00390659935 0 0.00913491605 -0.544164485 1
541 636 0 0.00814993531 0.00314534541 0 0.00873582528 -0.550174582 1
545 636 0 0.00806585033 0.00237078095 0 0.00840705322 -0.554886927 1
549 636 0 0.00800553285 0.00158615027 0 0.00816115365 -0.558273281 1
553 636 0 0.00796923929 0.000794768833 0 0.00800877221 -0.560313289 1
557 636 0 0.00795712422 -0 0 0.00795712422 -0.560994661 1
561 636 0 0.00796923929 -0.000794768833 0 0.00800877221 -0.560313289 1
565 636 0 0.00800553285 -0.00158615027 0 0.00816115365 -0.558273281 1
569 636 0 0.00806585033 -0.00237078095 0 0.00840705322 -0.554886927 1
573 636 0 0.00814993531 -0.00314534541 0 0.00873582528 -0.550174582 1
577 636 0 0.00825743137 -0.00390659935 0 0.00913491605 -0.544164485 1
581 636 0 0.00838788458 -0.00465139232 0 0.00959124905 -0.536892496 1
585 636 0 0.00854074671 -0.00537668941 0 0.0100922318 -0.528401772 1
589 636 0 0.00871537905 -0.00607959182 0 0.0106263479 -0.518742378 1
593 636 0 0.00891105688 -0.00675735611 0 0.0111834161 -0.507970838 1
597 636 0 0.00912697445 -0.00740741192 0 0.0117546337 -0.496149627 1
601 636 0 0.00936225053 -0.00802737806 0 0.0123324991 -0.483346619 1
605 636 0 0.00961593438 -0.00861507675 0 0.0129106832 -0.469634499 1
609 636 0 0.00988701216 -0.00916854595 0 0.0134838883 -0.455090126 1
613 636 0 0.0101744136 -0.00968604975 0 0.0140477134 -0.439793881 1
617 636 0 0.0104770193 -0.0101660865 0 0.0145985358 -0.423828988 1
621 636 0 0.0107936673 -0.0106073951 0 0.0151334095 -0.407280826 1
625 636 0 0.0111231614 -0.0110089586 0 0.0156499805 -0.390236232 1
629 636 0 0.0114642779 -0.0113700066 0 0.016146415 -0.372782811 1
633 636 0 0.0118157734 -0.0116900143 0 0.0166213397 -0.355008252 1
637 636 0 0.0121763922 -0.0119687006 0 0.0170737905 -0.336999663 1
641 636 0 0.0125448739 -0.0122060236 0 0.0175031675 -0.318842925 1
645 636 0 0.0129199601 -0.0124021743 0 0.0179091959 -0.300622083 1
649 636 0 0.0133004018 -0.0125575687 0 0.0182918895 -0.282418767 1
653 636 0 0.0136849661 -0.0126728379 0 0.0186515179 -0.264311648 1
657 636 0 0.0140724423 -0.0127488173 0 0.0189885749 -0.246375954 1
661 636 0 0.0144616481 -0.0127865336 0 0.0193037486 -0.228683016 1
665 636 0 0.0148514354 -0.0127871914 0 0.0195978927 -0.21129988 1
669 636 0 0.0152406953 -0.0127521582 0 0.0198719987 -0.194288962 1
673 636 0 0.0156283626 -0.0126829493 0 0.0201271687 -0.177707765 1
677 636 0 0.0160134207 -0.012581211 0 0.0203645897 -0.161608651 1
681 636 0 0.0163949048 -0.0124487044 0 0.0205855081 -0.146038665 1
685 636 0 0.0167719052 -0.0122872883 0 0.0207912062 -0.131039419 1
689 636 0 0.0171435702 -0.0120989018 0 0.0209829794 -0.116647031 1
693 636 0 0.0175091084 -0.011885548 0 0.0211621154 -0.102892113 1
697 636 0 0.0178677899 -0.0116492765 0 0.0213298748 -0.0897998086 1
701 636 0 0.0182189479 -0.0113921676 0 0.0214874741 -0.0773898878 1
705 636 0 0.0185619792 -0.0111163159 0 0.0216360706 -0.065676873 1
709 636 0 0.0188963447 -0.0108238155 0 0.0217767496 -0.0546702149 1
713 636 0 0.0192215685 -0.0105167453 0 0.0219105141 -0.0443745014 1
717 636 0 0.0195372381 -0.0101971555 0 0.022038277 -0.0347897 1
721 636 0 0.0198430027 -0.00986705488 0 0.0221608557 -0.0259114285 1
725 636 0 0.0201385717 -0.00952839937 0 0.0222789692 -0.0177312493 1
729 636 0 0.0204237136 -0.00918308128 0 0.0223932369 -0.0102369831 1
733 636 0 0.0206982532 -0.00883292 0 0.022504181 -0.00341303774 1
737 636 0 0.0209620696 -0.00847965376 0 0.0226122288 0.00275925241 1
741 636 0 0.0212150936 -0.00812493245 0 0.0227177183 0.00830128105 1
745 636 0 0.0214573047 -0.00777031175 0 0.0228209042 0.0132368218 1
749 636 0 0.0216887284 -0.0074172483 0 0.0229219657 0.0175916821 1
753 636 0 0.0219094332 -0.00706709602 0 0.0230210145 0.0213933611 1
757 636 0 0.0221195271 -0.00672110353 0 0.0231181035 0.0246707173 1
761 636 0 0.0223191544 -0.00638041257 0 0.0232132358 0.0274536464 1
765 636 0 0.0225084928 -0.00604605748 0 0.0233063738 0.0297727728 1
769 636 0 0.0226877498 -0.00571896549 0 0.0233974477 0.0316591584 1
773 636 0 0.0228571595 -0.005399958 0 0.0234863639 0.0331440279 1
777 636 0 0.0230169795 -0.00508975249 0 0.0235730127 0.0342585144 1
781 636 0 0.0231674878 -0.0047889653 0 0.0236572754 0.0350334259 1
785 636 0 0.0233089794 -0.00449811489 0 0.0237390302 0.0354990325 1
789 636 0 0.0234417639 -0.00421762579 0 0.0238181582 0.0356848771 1
793 636 0 0.0235661624 -0.0039478329 0 0.0238945474 0.0356196064 1
797 636 0 0.0236825049 -0.00368898625 0 0.0239680967 0.0353308266 1
801 636 0 0.0237911278 -0.00344125609 0 0.0240387189 0.034844979 1
805 636 0 0.0238923716 -0.0032047382 0 0.0241063429 0.0341872381 1
809 636 0 0.0239865785 -0.00297945934 0 0.0241709148 0.0333814301 1
813 636 0 0.0240740906 -0.00276538288 0 0.0242323994 0.0324499712 1
817 636 0 0.024155248 -0.00256241444 0 0.0242907796 0.0314138244 1
821 636 0 0.0242303872 -0.00237040747 0 0.0243460571 0.0302924735 1
825 636 0 0.0242998394 -0.00218916889 0 0.024398251 0.0291039139 1
829 636 0 0.0243639293 -0.00201846446 0 0.0244473976 0.0278646569 1
833 636 0 0.0244229739 -0.00185802414 0 0.0244935483 0.0265897488 1
837 636 0 0.0244772815 -0.00170754715 0 0.0245367689 0.0252928002 1
841 636 0 0.0245271508 -0.00156670689 0 0.0245771377 0.0239860268 1
845 636 0 0.0245728704 -0.00143515556 0 0.0246147442 0.0226802987 1
849 636 0 0.0246147177 -0.00131252854 0 0.0246496867 0.0213851967 1
853 636 0 0.0246529589 -0.00119844847 0 0.0246820717 0.0201090758 1
857 636 0 0.0246878488 -0.00109252905 0 0.0247120113 0.0188591325 1
861 636 0 0.0247196301 -0.000994378551 0 0.0247396221 0.0176414759 1
253 640 0 0.024745302 0.00103237574 0 0.0247668281 0.0176333652 1
257 640 0 0.0247164308 0.00113427677 0 0.024742444 0.0188202173 1
261 640 0 0.0246847356 0.00124424358 0 0.024716074 0.0200330255 1
265 640 0 0.0246499958 0.00136268287 0 0.0246876325 0.0212648566 1
269 640 0 0.0246119803 0.00148999572 0 0.0246570408 0.0225076196 1
273 640 0 0.024570447 0.00162657389 0 0.0246242281 0.0237519925 1
277 640 0 0.0245251439 0.00177279594 0 0.0245891336 0.0249873527 1
281 640 0 0.024475809 0.00192902295 0 0.0245517078 0.0262017131 1
285 640 0 0.0244221708 0.00209559402 0 0.0245119142 0.0273816642 1
289 640 0 0.0243639492 0.00227282141 0 0.0244697311 0.0285123251 1
293 640 0 0.0243008564 0.00246098548 0 0.0244251524 0.0295773034 1
297 640 0 0.0242325973 0.00266032941 0 0.0243781895 0.0305586664 1
301 640 0 0.024158871 0.00287105369 0 0.0243288717 0.0314369253 1
305 640 0 0.0240793719 0.00309331043 0 0.024277247 0.032191033 1
309 640 0 0.023993791 0.00332719765 0 0.0242233823 0.0327983981 1
313 640 0 0.0239018176 0.00357275336 0 0.0241673634 0.0332349153 1
317 640 0 0.0238031407 0.00382994978 0 0.0241092933 0.0334750149 1
321 640 0 0.023697451 0.00409868748 0 0.0240492915 0.0334917322 1
325 640 0 0.023584443 0.0043787897 0 0.0239874915 0.0332567969 1
329 640 0 0.0234638168 0.00466999685 0 0.0239240375 0.0327407451 1
333 640 0 0.0233352808 0.00497196122 0 0.0238590807 0.0319130538 1
337 640 0 0.0231985538 0.0052842421 0 0.0237927744 0.0307422984 1
341 640 0 0.0230533676 0.00560630118 0 0.0237252687 0.0291963336 1
345 640 0 0.0228994698 0.00593749858 0 0.0236567032 0.027242498 1
349 640 0 0.0227366264 0.00627708941 0 0.0235872006 0.0248478421 1
353 640 0 0.0225646247 0.00662422088 0 0.0235168576 0.0219793782 1
357 640 0 0.0223832761 0.00697793031 0 0.0234457365 0.0186043529 1
361 640 0 0.0221924194 0.00733714387 0 0.0233738563 0.014690539 1
365 640 0 0.0219919234 0.00770067617 0 0.0233011825 0.0102065472 1
369 640 0 0.0217816898 0.00806723088 0 0.0232276177 0.00512215352 1
373 640 0 0.0215616567 0.00843540234 0 0.0231529923 -0.000591358671 1
377 640 0 0.0213318007 0.00880367826 0 0.0230770551 -0.00696084481 1
381 640 0 0.0210921405 0.00917044352 0 0.0229994658 -0.0140109374 1
385 640 0 0.020842739 0.00953398516 0 0.0229197872 -0.0217636791 1
389 640 0 0.020583706 0.00989249854 0 0.0228374797 -0.0302381547 1
393 640 0 0.0203152006 0.0102440947 0 0.0227518978 -0.0394501259 1
397 640 0 0.0200374332 0.0105868091 0 0.0226622871 -0.0494116735 1
401 640 0 0.0197506677 0.0109186111 0 0.0225677855 -0.0601308511 1
405 640 0 0.0194552228 0.0112374151 0 0.0224674251 -0.0716113547 1
409 640 0 0.0191514734 0.0115410925 0 0.0223601375 -0.0838522138 1
413 640 0 0.0188398515 0.0118274851 0 0.0222447614 -0.0968475077 1
417 640 0 0.0185208471 0.0120944187 0 0.0221200529 -0.110586112 1
421 640 0 0.0181950082 0.0123397185 0 0.0219846987 -0.125051482 1
425 640 0 0.0178629403 0.012561225 0 0.0218373307 -0.140221472 1
429 640 0 0.0175253066 0.0127568101 0 0.0216765443 -0.156068197 1
433 640 0 0.017182826 0.0129243943 0 0.0215009181 -0.172557952 1
437 640 0 0.0168362724 0.0130619642 0 0.0213090351 -0.189651168 1
441 640 0 0.0164864719 0.0131675901 0 0.0210995068 -0.207302427 1
445 640 0 0.0161343011 0.0132394436 0 0.0208709976 -0.225460539 1
449 640 0 0.0157806837 0.0132758155 0 0.0206222514 -0.244068668 1
453 640 0 0.0154265871 0.0132751326 0 0.0203521187 -0.263064521 1
457 640 0 0.0150730187 0.0132359751 0 0.0200595845 -0.2823806 1
461 640 0 0.0147210216 0.0131570924 0 0.0197437979 -0.301944502 1
465 640 0 0.0143716697 0.0130374185 0 0.0194041019 -0.321679293 1
469 640 0 0.0140260629 0.0128760861 0 0.019040064 -0.341503928 1
473 640 0 0.0136853213 0.0126724401 0 0.0186515082 -0.361333725 1
477 640 0 0.0133505795 0.0124260485 0 0.0182385486 -0.381080898 1
481 640 0 0.0130229805 0.0121367131 0 0.0178016242 -0.400655129 1
485 640 0 0.0127036695 0.0118044772 0 0.0173415369 -0.419964186 1
489 640 0 0.0123937872 0.0114296329 0 0.016859492 -0.438914579 1
493 640 0 0.0120944631 0.0110127248 0 0.0163571436 -0.457412242 1
497 640 0 0.0118068088 0.010554553 0 0.0158366449 -0.475363245 1
501 640 0 0.0115319111 0.0100561731 0 0.0153007055 -0.492674522 1
505 640 0 0.0112708254 0.00951889441 0 0.0147526559 -0.509254604 1
509 640 0 0.0110245687 0.00894427603 0 0.0141965203 -0.525014362 1
513 640 0 0.0107941133 0.00833412021 0 0.013637098 -0.539867741 1
517 640 0 0.0105803801 0.00769046393 0 0.0130800489 -0.553732476 1
521 640 0 0.010384233 0.00701556818 0 0.0125319787 -0.566530794 1
525 640 0 0.0102064723 0.00631190517 0 0.0120005093 -0.578190081 1
529 640 0 0.01004783 0.00558214345 0 0.0114943123 -0.588643514 1
533 640 0 0.00990896467 0.00482913131 0 0.0110230708 -0.597830646 1
537 640 0 0.00979045634 0.00405587831 0 0.0105973197 -0.605697946 1
541 640 0 0.0096928031 0.00326553534 0 0.010228106 -0.612199272 1
545 640 0 0.00961641732 0.00246137323 0 0.00992642132 -0.61729629 1
549 640 0 0.00956162278 0.00164676024 0 0.00970239401 -0.620958814 1
553 640 0 0.00952865242 0.000825138537 0 0.00956431234 -0.623165088 1
557 640 0 0.00951764666 -0 0 0.00951764666 -0.623901977 1
561 640 0 0.00952865242 -0.000825138537 0 0.00956431234 -0.623165088 1
565 640 0 0.00956162278 -0.00164676024 0 0.00970239401 -0.620958814 1
569 640 0 0.00961641732 -0.00246137323 0 0.00992642132 -0.61729629 1
573 640 0 0.0096928031 -0.00326553534 0 0.010228106 -0.612199272 1
577 640 0 0.00979045634 -0.00405587831 0 0.0105973197 -0.605697946 1
581 640 0 0.00990896467 -0.00482913131 0 0.0110230708 -0.597830646 1
585 640 0 0.01004783 -0.00558214345 0 0.0114943123 -0.588643514 1
589 640 0 0.0102064723 -0.00631190517 0 0.0120005093 -0.578190081 1
593 640 0 0.010384233 -0.00701556818 0 0.0125319787 -0.566530794 1
597 640 0 0.0105803801 -0.00769046393 0 0.0130800489 -0.553732476 1
601 640 0 0.0107941133 -0.00833412021 0 0.013637098 -0.539867741 1
605 640 0 0.0110245687 -0.00894427603 0 0.0141965203 -0.525014362 1
609 640 0 0.0112708254 -0.00951889441 0 0.0147526559 -0.509254604 1
613 640 0 0.0115319111 -0.0100561731 0 0.0153007055 -0.492674522 1
617 640 0 0.0118068088 -0.010554553 0 0.0158366449 -0.475363245 1
621 640 0 0.0120944631 -0.0110127248 0 0.0163571436 -0.457412242 1
625 640 0 0.0123937872 -0.0114296329 0 0.016859492 -0.438914579 1
629 640 0 0.0127036695 -0.0118044772 0 0.0173415369 -0.419964186 1
633 640 0 0.0130229805 -0.0121367131 0 0.0178016242 -0.400655129 1
637 640 0 0.0133505795 -0.0124260485 0 0.0182385486 -0.381080898 1
641 640 0 0.0136853213 -0.0126724401 0 0.0186515082 -0.361333725 1
645 640 0 0.0140260629 -0.0128760861 0 0.019040064 -0.341503928 1
649 640 0 0.0143716697 -0.0130374185 0 0.0194041019 -0.321679293 1
653 640 0 0.0147210216 -0.0131570924 0 0.0197437979 -0.301944502 1
657 640 0 0.0150730187 -0.0132359751 0 0.0200595845 -0.2823806 1
661 640 0 0.0154265871 -0.0132751326 0 0.0203521187 -0.263064521 1
665 640 0 0.0157806837 -0.0132758155 0 0.0206222514 -0.244068668 1
669 640 0 0.0161343011 -0.0132394436 0 0.0208709976 -0.225460539 1
673 640 0 0.0164864719 -0.0131675901 0 0.0210995068 -0.207302427 1
677 640 0 0.0168362724 -0.0130619642 0 0.0213090351 -0.189651168 1
681 640 0 0.017182826 -0.0129243943 0 0.0215009181 -0.172557952 1
685 640 0 0.0175253066 -0.0127568101 0 0.0216765443 -0.156068197 1
689 640 0 0.0178629403 -0.012561225 0 0.0218373307 -0.140221472 1
693 640 0 0.0181950082 -0.0123397185 0 0.0219846987 -0.125051482 1
697 640 0 0.0185208471 -0.0120944187 0 0.0221200529 -0.110586112 1
701 640 0 0.0188398515 -0.0118274851 0 0.0222447614 -0.0968475077 1
705 640 0 0.0191514734 -0.0115410925 0 0.0223601375 -0.0838522138 1
709 640 0 0.0194552228 -0.0112374151 0 0.0224674251 -0.0716113547 1
713 640 0 0.0197506677 -0.0109186111 0 0.0225677855 -0.0601308511 1
717 640 0 0.0200374332 -0.0105868091 0 0.0226622871 -0.0494116735 1
721 640 0 0.0203152006 -0.0102440947 0 0.0227518978 -0.0394501259 1
725 640 0 0.020583706 -0.00989249854 0 0.0228374797 -0.0302381547 1
729 640 0 0.020842739 -0.00953398516 0 0.0229197872 -0.0217636791 1
733 640 0 0.0210921405 -0.00917044352 0 0.0229994658 -0.0140109374 1
737 640 0 0.0213318007 -0.00880367826 0 0.0230770551 -0.00696084481 1
741 640 0 0.0215616567 -0.00843540234 0 0.0231529923 -0.000591358671 1
745 640 0 0.0217816898 -0.00806723088 0 0.0232276177 0.00512215352 1
749 640 0 0.0219919234 -0.00770067617 0 0.0233011825 0.0102065472 1
753 640 0 0.0221924194 -0.00733714387 0 0.0233738563 0.014690539 1
757 640 0 0.0223832761 -0.00697793031 0 0.0234457365 0.0186043529 1
761 640 0 0.0225646247 -0.00662422088 0 0.0235168576 0.0219793782 1
765 640 0 0.0227366264 -0.00627708941 0 0.0235872006 0.0248478421 1
769 640 0 0.0228994698 -0.00593749858 0 0.0236567032 0.027242498 1
773 640 0 0.0230533676 -0.00560630118 0 0.0237252687 0.0291963336 1
777 640 0 0.0231985538 -0.0052842421 0 0.0237927744 0.0307422984 1
781 640 0 0.0233352808 -0.00497196122 0 0.0238590807 0.0319130538 1
785 640 0 0.0234638168 -0.00466999685 0 0.0239240375 0.0327407451 1
789 640 0 0.023584443 -0.0043787897 0 0.0239874915 0.0332567969 1
793 640 0 0.023697451 -0.00409868748 0 0.0240492915 0.0334917322 1
797 640 0 0.0238031407 -0.00382994978 0 0.0241092933 0.0334750149 1
801 640 0 0.0239018176 -0.00357275336 0 0.0241673634 0.0332349153 1
805 640 0 0.023993791 -0.00332719765 0 0.0242233823 0.0327983981 1
809 640 0 0.0240793719 -0.00309331043 0 0.024277247 0.032191033 1
813 640 0 0.024158871 -0.00287105369 0 0.0243288717 0.0314369253 1
817 640 0 0.0242325973 -0.00266032941 0 0.0243781895 0.0305586664 1
821 640 0 0.0243008564 -0.00246098548 0 0.0244251524 0.0295773034 1
825 640 0 0.0243639492 -0.00227282141 0 0.0244697311 0.0285123251 1
829 640 0 0.0244221708 -0.00209559402 0 0.0245119142 0.0273816642 1
833 640 0 0.024475809 -0.00192902295 0 0.0245517078 0.0262017131 1
837 640 0 0.0245251439 -0.00177279594 0 0.0245891336 0.0249873527 1
841 640 0 0.024570447 -0.00162657389 0 0.0246242281 0.0237519925 1
845 640 0 0.0246119803 -0.00148999572 0 0.0246570408 0.0225076196 1
849 640 0 0.0246499958 -0.00136268287 0 0.0246876325 0.0212648566 1
853 640 0 0.0246847356 -0.00124424358 0 0.024716074 0.0200330255 1
857 640 0 0.0247164308 -0.00113427677 0 0.024742444 0.0188202173 1
861 640 0 0.024745302 -0.00103237574 0 0.0247668281 0.0176333652 1
253 644 0 0.0247744757 0.00106647913 0 0.0247974198 0.0176050691 1
257 644 0 0.0247489115 0.00117174635 0 0.0247766344 0.0187618909 1
261 644 0 0.0247208467 0.00128534579 0 0.0247542396 0.0199387542 1
265 644 0 0.0246900861 0.0014076976 0 0.0247301833 0.0211279676 1
269 644 0 0.024656425 0.00153921608 0 0.0247044223 0.0223206183 1
273 644 0 0.0246196491 0.00168030596 0 0.0246769234 0.0235064961 1
277 644 0 0.0245795351 0.00183135829 0 0.0246476656 0.0246740231 1
281 644 0 0.0245358511 0.00199274609 0 0.0246166412 0.0258101877 1
285 644 0 0.0244883567 0.00216481965 0 0.0245838577 0.0269004866 1
289 644 0 0.024436804 0.00234790155 0 0.0245493387 0.0279288757 1
293 644 0 0.024380938 0.00254228141 0 0.0245131257 0.0288777305 1
297 644 0 0.0243204974 0.00274821045 0 0.0244752785 0.0297278186 1
301 644 0 0.0242552159 0.00296589577 0 0.024435876 0.0304582857 1
305 644 0 0.0241848228 0.00319549452 0 0.0243950167 0.0310466567 1
309 644 0 0.0241090446 0.00343710794 0 0.024352818 0.0314688527 1
313 644 0 0.024027606 0.00369077531 0 0.0243094153 0.0316992269 1
317 644 0 0.0239402318 0.00395646793 0 0.0242649611 0.0317106195 1
321 644 0 0.0238466481 0.00423408308 0 0.0242196219 0.0314744331 1
325 644 0 0.0237465843 0.00452343817 0 0.0241735756 0.0309607307 1
329 644 0 0.0236397749 0.00482426502 0 0.0241270075 0.0301383564 1
333 644 0 0.0235259617 0.00513620446 0 0.0240801053 0.0289750793 1
337 644 0 0.0234048958 0.00545880119 0 0.0240330534 0.0274377622 1
341 644 0 0.0232763395 0.00579149913 0 0.023986026 0.0254925551 1
345 644 0 0.0231400696 0.00613363728 0 0.0239391797 0.0231051122 1
349 644 0 0.0229958786 0.00648444611 0 0.0238926448 0.0202408343 1
353 644 0 0.0228435784 0.00684304468 0 0.0238465162 0.0168651341 1
357 644 0 0.0226830019 0.00720843852 0 0.0238008437 0.0129437239 1
361 644 0 0.0225140064 0.0075795183 0 0.0237556221 0.00844292537 1
365 644 0 0.0223364756 0.00795505948 0 0.0237107806 0.00332999737 1
369 644 0 0.0221503227 0.00833372292 0 0.0236661728 -0.0024265178 1
373 644 0 0.0219554927 0.00871405652 0 0.0236215673 -0.00885643422 1
377 644 0 0.021751965 0.00909449803 0 0.0235766383 -0.0159875501 1
381 644 0 0.0215397561 0.00947337897 0 0.0235309583 -0.0238452672 1
385 644 0 0.0213189216 0.0098489298 0 0.0234839911 -0.0324522055 1
389 644 0 0.0210895588 0.0102192863 0 0.023435087 -0.0418278168 1
393 644 0 0.0208518086 0.0105824971 0 0.0233834807 -0.0519880021 1
397 644 0 0.0206058574 0.0109365327 0 0.0233282898 -0.0629447363 1
401 644 0 0.0203519387 0.0112792953 0 0.0232685176 -0.0747057065 1
405 644 0 0.0200903348 0.0116086307 0 0.0232030571 -0.0872739665 1
409 644 0 0.0198213775 0.0119223397 0 0.023130698 -0.100647615 1
413 644 0 0.0195454496 0.012218193 0 0.0230501375 -0.114819499 1
417 644 0 0.0192629847 0.0124939444 0 0.0229599919 -0.129776952 1
421 644 0 0.0189744681 0.0127473475 0 0.0228588125 -0.145501569 1
425 644 0 0.0186804361 0.0129761712 0 0.022745103 -0.161969018 1
429 644 0 0.0183814757 0.0131782172 0 0.0226173398 -0.179148907 1
433 644 0 0.0180782237 0.0133513373 0 0.0224739935 -0.197004691 1
437 644 0 0.0177713651 0.0134934517 0 0.0223135532 -0.215493637 1
441 644 0 0.0174616317 0.0136025669 0 0.0221345523 -0.234566847 1
445 644 0 0.0171497994 0.013676794 0 0.0219355946 -0.254169338 1
449 644 0 0.0168366861 0.0137143673 0 0.0217153833 -0.274240181 1
453 644 0 0.0165231485 0.0137136619 0 0.0214727493 -0.294712706 1
457 644 0 0.0162100787 0.0136732109 0 0.0212066817 -0.315514767 1
461 644 0 0.0158984002 0.0135917224 0 0.0209163583 -0.336569071 1
465 644 0 0.0155890639 0.0134680952 0 0.0206011772 -0.357793565 1
469 644 0 0.0152830438 0.0133014334 0 0.0202607887 -0.379101889 1
473 644 0 0.0149813315 0.0130910602 0 0.0198951288 -0.400403878 1
477 644 0 0.0146849318 0.0128365293 0 0.0195044535 -0.421606126 1
481 644 0 0.0143948568 0.0125376359 0 0.0190893745 -0.44261259 1
485 644 0 0.0141121205 0.0121944251 0 0.0186508967 -0.463325245 1
489 644 0 0.0138377328 0.0118071982 0 0.0181904584 -0.483644776 1
493 644 0 0.013572694 0.011376518 0 0.0177099741 -0.503471303 1
497 644 0 0.0133179883 0.010903211 0 0.0172118802 -0.522705126 1
501 644 0 0.013074578 0.0103883676 0 0.0166991848 -0.541247497 1
505 644 0 0.0128433977 0.00983334055 0 0.0161755201 -0.559001397 1
509 644 0 0.0126253478 0.00923974029 0 0.0156451976 -0.575872314 1
513 644 0 0.0124212893 0.00860942865 0 0.0151132621 -0.591769016 1
517 644 0 0.0122320377 0.00794450989 0 0.0145855402 -0.606604314 1
521 644 0 0.0120583577 0.00724731971 0 0.0140686756 -0.620295794 1
525 644 0 0.0119009581 0.00652041197 0 0.0135701354 -0.632766523 1
529 644 0 0.0117604871 0.00576654338 0 0.0130981709 -0.643945715 1
533 644 0 0.0116375277 0.00498865631 0 0.0126617038 -0.653769349 1
537 644 0 0.0115325936 0.00418985976 0 0.0122701117 -0.662180733 1
541 644 0 0.0114461258 0.00337340868 0 0.0119328824 -0.669131007 1
545 644 0 0.0113784895 0.00254268197 0 0.0116591275 -0.67457958 1
549 644 0 0.0113299712 0.00170115914 0 0.0114569712 -0.678494496 1
553 644 0 0.0113007774 0.000852396076 0 0.0113328791 -0.680852718 1
557 644 0 0.0112910322 -0 0 0.0112910322 -0.681640342 1
561 644 0 0.0113007774 -0.000852396076 0 0.0113328791 -0.680852718 1
565 644 0 0.0113299712 -0.00170115914 0 0.0114569712 -0.678494496 1
569 644 0 0.0113784895 -0.00254268197 0 0.0116591275 -0.67457958 1
573 644 0 0.0114461258 -0.00337340868 0 0.0119328824 -0.669131007 1
577 644 0 0.0115325936 -0.00418985976 0 0.0122701117 -0.662180733 1
581 644 0 0.0116375277 -0.00498865631 0 0.0126617038 -0.653769349 1
585 644 0 0.0117604871 -0.00576654338 0 0.0130981709 -0.643945715 1
589 644 0 0.0119009581 -0.00652041197 0 0.0135701354 -0.632766523 1
593 644 0 0.0120583577 -0.00724731971 0 0.0140686756 -0.620295794 1
597 644 0 0.0122320377 -0.00794450989 0 0.0145855402 -0.606604314 1
601 644 0 0.0124212893 -0.00860942865 0 0.0151132621 -0.591769016 1
605 644 0 0.0126253478 -0.00923974029 0 0.0156451976 -0.575872314 1
609 644 0 0.0128433977 -0.00983334055 0 0.0161755201 -0.559001397 1
613 644 0 0.013074578 -0.0103883676 0 0.0166991848 -0.541247497 1
617 644 0 0.0133179883 -0.010903211 0 0.0172118802 -0.522705126 1
621 644 0 0.013572694 -0.011376518 0 0.0177099741 -0.503471303 1
625 644 0 0.0138377328 -0.0118071982 0 0.0181904584 -0.483644776 1
629 644 0 0.0141121205 -0.0121944251 0 0.0186508967 -0.463325245 1
633 644 0 0.0143948568 -0.0125376359 0 0.0190893745 -0.44261259 1
637 644 0 0.0146849318 -0.0128365293 0 0.0195044535 -0.421606126 1
641 644 0 0.0149813315 -0.0130910602 0 0.0198951288 -0.400403878 1
645 644 0 0.0152830438 -0.0133014334 0 0.0202607887 -0.379101889 1
649 644 0 0.0155890639 -0.0134680952 0 0.0206011772 -0.357793565 1
653 644 0 0.0158984002 -0.0135917224 0 0.0209163583 -0.336569071 1
657 644 0 0.0162100787 -0.0136732109 0 0.0212066817 -0.315514767 1
661 644 0 0.0165231485 -0.0137136619 0 0.0214727493 -0.294712706 1
665 644 0 0.0168366861 -0.0137143673 0 0.0217153833 -0.274240181 1
669 644 0 0.0171497994 -0.013676794 0 0.0219355946 -0.254169338 1
673 644 0 0.0174616317 -0.0136025669 0 0.0221345523 -0.234566847 1
677 644 0 0.0177713651 -0.0134934517 0 0.0223135532 -0.215493637 1
681 644 0 0.0180782237 -0.0133513373 0 0.0224739935 -0.197004691 1
685 644 0 0.0183814757 -0.0131782172 0 0.0226173398 -0.179148907 1
689 644 0 0.0186804361 -0.0129761712 0 0.022745103 -0.161969018 1
693 644 0 0.0189744681 -0.0127473475 0 0.0228588125 -0.145501569 1
697 644 0 0.0192629847 -0.0124939444 0 0.0229599919 -0.129776952 1
701 644 0 0.0195454496 -0.012218193 0 0.0230501375 -0.114819499 1
705 644 0 0.0198213775 -0.0119223397 0 0.023130698 -0.100647615 1
709 644 0 0.0200903348 -0.0116086307 0 0.0232030571 -0.0872739665 1
713 644 0 0.0203519387 -0.0112792953 0 0.0232685176 -0.0747057065 1
717 644 0 0.0206058574 -0.0109365327 0 0.0233282898 -0.0629447363 1
721 644 0 0.0208518086 -0.0105824971 0 0.0233834807 -0.0519880021 1
725 644 0 0.0210895588 -0.0102192863 0 0.023435087 -0.0418278168 1
729 644 0 0.0213189216 -0.0098489298 0 0.0234839911 -0.0324522055 1
733 644 0 0.0215397561 -0.00947337897 0 0.0235309583 -0.0238452672 1
737 644 0 0.021751965 -0.00909449803 0 0.0235766383 -0.0159875501 1
741 644 0 0.0219554927 -0.00871405652 0 0.0236215673 -0.00885643422 1
745 644 0 0.0221503227 -0.00833372292 0 0.0236661728 -0.0024265178 1
749 644 0 0.0223364756 -0.00795505948 0 0.0237107806 0.00332999737 1
753 644 0 0.0225140064 -0.0075795183 0 0.0237556221 0.00844292537 1
757 644 0 0.0226830019 -0.00720843852 0 0.0238008437 0.0129437239 1
761 644 0 0.0228435784 -0.00684304468 0 0.0238465162 0.0168651341 1
765 644 0 0.0229958786 -0.00648444611 0 0.0238926448 0.0202408343 1
769 644 0 0.0231400696 -0.00613363728 0 0.0239391797 0.0231051122 1
773 644 0 0.0232763395 -0.00579149913 0 0.023986026 0.0254925551 1
777 644 0 0.0234048958 -0.00545880119 0 0.0240330534 0.0274377622 1
781 644 0 0.0235259617 -0.00513620446 0 0.0240801053 0.0289750793 1
785 644 0 0.0236397749 -0.00482426502 0 0.0241270075 0.0301383564 1
789 644 0 0.0237465843 -0.00452343817 0 0.0241735756 0.0309607307 1
793 644 0 0.0238466481 -0.00423408308 0 0.0242196219 0.0314744331 1
797 644 0 0.0239402318 -0.00395646793 0 0.0242649611 0.0317106195 1
801 644 0 0.024027606 -0.00369077531 0 0.0243094153 0.0316992269 1
805 644 0 0.0241090446 -0.00343710794 0 0.024352818 0.0314688527 1
809 644 0 0.0241848228 -0.00319549452 0 0.0243950167 0.0310466567 1
813 644 0 0.0242552159 -0.00296589577 0 0.024435876 0.0304582857 1
817 644 0 0.0243204974 -0.00274821045 0 0.0244752785 0.0297278186 1
821 644 0 0.024380938 -0.00254228141 0 0.0245131257 0.0288777305 1
825 644 0 0.024436804 -0.00234790155 0 0.0245493387 0.0279288757 1
829 644 0 0.0244883567 -0.00216481965 0 0.0245838577 0.0269004866 1
833 644 0 0.0245358511 -0.00199274609 0 0.0246166412 0.0258101877 1
837 644 0 0.0245795351 -0.00183135829 0 0.0246476656 0.0246740231 1
841 644 0 0.0246196491 -0.00168030596 0 0.0246769234 0.0235064961 1
845 644 0 0.024656425 -0.00153921608 0 0.0247044223 0.0223206183 1
849 644 0 0.0246900861 -0.0014076976 0 0.0247301833 0.0211279676 1
853 644 0 0.0247208467 -0.00128534579 0 0.0247542396 0.0199387542 1
857 644 0 0.0247489115 -0.00117174635 0 0.0247766344 0.0187618909 1
861 644 0 0.0247744757 -0.00106647913 0 0.0247974198 0.0176050691 1
253 648 0 0.0248068231 0.00109621429 0 0.0248310322 0.0175646905 1
257 648 0 0.0247849256 0.00120441653 0 0.0248141725 0.0186935482 1
261 648 0 0.0247608862 0.0013211833 0 0.0247961088 0.019837116 1
265 648 0 0.0247345377 0.00144694648 0 0.024776824 0.0209870282 1
269 648 0 0.0247057046 0.00158213191 0 0.024756312 0.0221336409 1
273 648 0 0.0246742035 0.0017271556 0 0.0247345788 0.023265955 1
277 648 0 0.0246398432 0.00188241952 0 0.0247116446 0.0243715435 1
281 648 0 0.0246024249 0.00204830707 0 0.0246875449 0.0254364858 1
285 648 0 0.0245617427 0.00222517832 0 0.0246623321 0.0264453081 1
289 648 0 0.0245175843 0.00241336483 0 0.0246360766 0.0273809348 1
293 648 0 0.0244697313 0.00261316432 0 0.0246088678 0.0282246493 1
297 648 0 0.0244179598 0.00282483499 0 0.0245808148 0.0289560677 1
301 648 0 0.0243620418 0.00304858973 0 0.0245520463 0.0295531268 1
305 648 0 0.0243017453 0.00328459007 0 0.024522711 0.0299920872 1
309 648 0 0.0242368361 0.00353294006 0 0.0244929763 0.0302475544 1
313 648 0 0.0241670784 0.00379368009 0 0.024463027 0.0302925183 1
317 648 0 0.0240922365 0.00406678065 0 0.0244330629 0.030098413 1
321 648 0 0.0240120756 0.00435213615 0 0.0244032962 0.0296351991 1
325 648 0 0.0239263642 0.00464955893 0 0.0243739472 0.0288714673 1
329 648 0 0.0238348747 0.00495877332 0 0.0243452395 0.0277745679 1
333 648 0 0.023737386 0.00527941014 0 0.0243173943 0.0263107627 1
337 648 0 0.0236336847 0.00561100138 0 0.0242906235 0.0244454044 1
341 648 0 0.0235235676 0.00595297548 0 0.0242651221 0.0221431396 1
345 648 0 0.0234068431 0.00630465299 0 0.0242410592 0.0193681385 1
349 648 0 0.0232833337 0.00666524294 0 0.0242185692 0.0160843492 1
353 648 0 0.0231528782 0.00703383982 0 0.024197741 0.0122557763 1
357 648 0 0.0230153335 0.00740942143 0 0.0241786084 0.00784678311 1
361 648 0 0.0228705774 0.00779084751 0 0.0241611385 0.00282241559 1
365 648 0 0.0227185102 0.00817685939 0 0.0241452218 -0.00285125383 1
369 648 0 0.0225590576 0.00856608058 0 0.0241306613 -0.00920676468 1
373 648 0 0.0223921724 0.00895701849 0 0.0241171633 -0.0162748918 1
377 648 0 0.0222178371 0.00934806732 0 0.0241043284 -0.0240842568 1
381 648 0 0.0220360657 0.00973751208 0 0.0240916445 -0.032660931 1
385 648 0 0.021846906 0.0101235339 0 0.0240784808 -0.042028034 1
389 648 0 0.0216504412 0.0105042165 0 0.0240640846 -0.0522053307 1
393 648 0 0.021446792 0.0108775542 0 0.0240475793 -0.0632088336 1
397 648 0 0.021236118 0.0112414608 0 0.024027966 -0.0750504127 1
401 648 0 0.0210186194 0.0115937803 0 0.0240041268 -0.0877374189 1
405 648 0 0.0207945378 0.011932298 0 0.0239748314 -0.101272327 1
409 648 0 0.0205641576 0.0122547538 0 0.0239387462 -0.115652399 1
413 648 0 0.0203278066 0.0125588559 0 0.0238944467 -0.130869384 1
417 648 0 0.0200858562 0.0128422957 0 0.0238404316 -0.146909238 1
421 648 0 0.0198387221 0.0131027641 0 0.0237751409 -0.163751902 1
425 648 0 0.0195868637 0.0133379678 0 0.0236969748 -0.181371101 1
429 648 0 0.0193307838 0.0135456472 0 0.0236043166 -0.199734213 1
433 648 0 0.0190710279 0.0137235942 0 0.0234955558 -0.218802173 1
437 648 0 0.0188081826 0.0138696709 0 0.0233691143 -0.238529445 1
441 648 0 0.0185428748 0.0139818284 0 0.0232234737 -0.258864044 1
445 648 0 0.0182757692 0.0140581251 0 0.0230572033 -0.279747624 1
449 648 0 0.0180075664 0.0140967461 0 0.0228689899 -0.301115633 1
453 648 0 0.0177390002 0.0140960209 0 0.0226576683 -0.322897522 1
457 648 0 0.0174708346 0.0140544421 0 0.0224222524 -0.345017033 1
461 648 0 0.0172038607 0.0139706816 0 0.0221619667 -0.367392543 1
465 648 0 0.0169388932 0.0138436074 0 0.0218762787 -0.389937471 1
469 648 0 0.0166767661 0.0136722988 0 0.0215649318 -0.412560755 1
473 648 0 0.016418329 0.0134560601 0 0.0212279787 -0.43516738 1
477 648 0 0.0161644425 0.0131944325 0 0.0208658154 -0.457658969 1
481 648 0 0.0159159736 0.0128872055 0 0.0204792158 -0.479934417 1
485 648 0 0.0156737907 0.0125344253 0 0.020069368 -0.501890577 1
489 648 0 0.015438759 0.0121364019 0 0.0196379105 -0.523422987 1
493 648 0 0.0152117352 0.0116937137 0 0.0191869703 -0.544426624 1
497 648 0 0.0149935624 0.0112072101 0 0.0187192006 -0.564796692 1
501 648 0 0.014785065 0.0106780121 0 0.0182378203 -0.584429423 1
505 648 0 0.0145870433 0.01010751 0 0.0177466501 -0.60322289 1
509 648 0 0.0144002688 0.00949735917 0 0.017250147 -0.621077825 1
513 648 0 0.0142254788 0.00884947342 0 0.0167534303 -0.637898425 1
517 648 0 0.0140633719 0.00816601566 0 0.0162622951 -0.653593149 1
521 648 0 0.0139146031 0.00744938669 0 0.0157832044 -0.668075484 1
525 648 0 0.0137797797 0.00670221158 0 0.0153232493 -0.681264681 1
529 648 0 0.0136594568 0.00592732392 0 0.0148900614 -0.693086455 1
533 648 0 0.0135541337 0.00512774811 0 0.0144916645 -0.703473627 1
537 648 0 0.0134642505 0.00430667982 0 0.0141362489 -0.712366712 1
541 648 0 0.0133901849 0.00346746477 0 0.0138318605 -0.719714451 1
545 648 0 0.0133322498 0.00261357605 0 0.0135860099 -0.725474262 1
549 648 0 0.0132906906 0.0017485902 0 0.0134052238 -0.729612619 1
553 648 0 0.0132656841 0.000876162255 0 0.0132945867 -0.732105361 1
557 648 0 0.0132573367 -0 0 0.0132573367 -0.7329379 1
561 648 0 0.0132656841 -0.000876162255 0 0.0132945867 -0.732105361 1
565 648 0 0.0132906906 -0.0017485902 0 0.0134052238 -0.729612619 1
569 648 0 0.0133322498 -0.00261357605 0 0.0135860099 -0.725474262 1
573 648 0 0.0133901849 -0.00346746477 0 0.0138318605 -0.719714451 1
577 648 0 0.0134642505 -0.00430667982 0 0.0141362489 -0.712366712 1
581 648 0 0.0135541337 -0.00512774811 0 0.0144916645 -0.703473627 1
585 648 0 0.0136594568 -0.00592732392 0 0.0148900614 -0.693086455 1
589 648 0 0.0137797797 -0.00670221158 0 0.0153232493 -0.681264681 1
593 648 0 0.0139146031 -0.00744938669 0 0.0157832044 -0.668075484 1
597 648 0 0.0140633719 -0.00816601566 0 0.0162622951 -0.653593149 1
601 648 0 0.0142254788 -0.00884947342 0 0.0167534303 -0.637898425 1
605 648 0 0.0144002688 -0.00949735917 0 0.017250147 -0.621077825 1
609 648 0 0.0145870433 -0.01010751 0 0.0177466501 -0.60322289 1
613 648 0 0.014785065 -0.0106780121 0 0.0182378203 -0.584429423 1
617 648 0 0.0149935624 -0.0112072101 0 0.0187192006 -0.564796692 1
621 648 0 0.0152117352 -0.0116937137 0 0.0191869703 -0.544426624 1
625 648 0 0.015438759 -0.0121364019 0 0.0196379105 -0.523422987 1
629 648 0 0.0156737907 -0.0125344253 0 0.020069368 -0.501890577 1
633 648 0 0.0159159736 -0.0128872055 0 0.0204792158 -0.479934417 1
637 648 0 0.0161644425 -0.0131944325 0 0.0208658154 -0.457658969 1
641 648 0 0.016418329 -0.0134560601 0 0.0212279787 -0.43516738 1
645 648 0 0.0166767661 -0.0136722988 0 0.0215649318 -0.412560755 1
649 648 0 0.0169388932 -0.0138436074 0 0.0218762787 -0.389937471 1
653 648 0 0.0172038607 -0.0139706816 0 0.0221619667 -0.367392543 1
657 648 0 0.0174708346 -0.0140544421 0 0.0224222524 -0.345017033 1
661 648 0 0.0177390002 -0.0140960209 0 0.0226576683 -0.322897522 1
665 648 0 0.0180075664 -0.0140967461 0 0.0228689899 -0.301115633 1
669 648 0 0.0182757692 -0.0140581251 0 0.0230572033 -0.279747624 1
673 648 0 0.0185428748 -0.0139818284 0 0.0232234737 -0.258864044 1
677 648 0 0.0188081826 -0.0138696709 0 0.0233691143 -0.238529445 1
681 648 0 0.0190710279 -0.0137235942 0 0.0234955558 -0.218802173 1
685 648 0 0.0193307838 -0.0135456472 0 0.0236043166 -0.199734213 1
689 648 0 0.0195868637 -0.0133379678 0 0.0236969748 -0.181371101 1
693 648 0 0.0198387221 -0.0131027641 0 0.0237751409 -0.163751902 1
697 648 0 0.0200858562 -0.0128422957 0 0.0238404316 -0.146909238 1
701 648 0 0.0203278066 -0.0125588559 0 0.0238944467 -0.130869384 1
705 648 0 0.0205641576 -0.0122547538 0 0.0239387462 -0.115652399 1
709 648 0 0.0207945378 -0.011932298 0 0.0239748314 -0.101272327 1
713 648 0 0.0210186194 -0.0115937803 0 0.0240041268 -0.0877374189 1
717 648 0 0.021236118 -0.0112414608 0 0.024027966 -0.0750504127 1
721 648 0 0.021446792 -0.0108775542 0 0.0240475793 -0.0632088336 1
725 648 0 0.0216504412 -0.0105042165 0 0.0240640846 -0.0522053307 1
729 648 0 0.021846906 -0.0101235339 0 0.0240784808 -0.042028034 1
733 648 0 0.0220360657 -0.00973751208 0 0.0240916445 -0.032660931 1
737 648 0 0.0222178371 -0.00934806732 0 0.0241043284 -0.0240842568 1
741 648 0 0.0223921724 -0.00895701849 0 0.0241171633 -0.0162748918 1
745 648 0 0.0225590576 -0.00856608058 0 0.0241306613 -0.00920676468 1
749 648 0 0.0227185102 -0.00817685939 0 0.0241452218 -0.00285125383 1
753 648 0 0.0228705774 -0.00779084751 0 0.0241611385 0.00282241559 1
757 648 0 0.0230153335 -0.00740942143 0 0.0241786084 0.00784678311 1
761 648 0 0.0231528782 -0.00703383982 0 0.024197741 0.0122557763 1
765 648 0 0.0232833337 -0.00666524294 0 0.0242185692 0.0160843492 1
769 648 0 0.0234068431 -0.00630465299 0 0.0242410592 0.0193681385 1
773 648 0 0.0235235676 -0.00595297548 0 0.0242651221 0.0221431396 1
777 648 0 0.0236336847 -0.00561100138 0 0.0242906235 0.0244454044 1
781 648 0 0.023737386 -0.00527941014 0 0.0243173943 0.0263107627 1
785 648 0 0.0238348747 -0.00495877332 0 0.0243452395 0.0277745679 1
789 648 0 0.0239263642 -0.00464955893 0 0.0243739472 0.0288714673 1
793 648 0 0.0240120756 -0.00435213615 0 0.0244032962 0.0296351991 1
797 648 0 0.0240922365 -0.00406678065 0 0.0244330629 0.030098413 1
801 648 0 0.0241670784 -0.00379368009 0 0.024463027 0.0302925183 1
805 648 0 0.0242368361 -0.00353294006 0 0.0244929763 0.0302475544 1
809 648 0 0.0243017453 -0.00328459007 0 0.024522711 0.0299920872 1
813 648 0 0.0243620418 -0.00304858973 0 0.0245520463 0.0295531268 1
817 648 0 0.0244179598 -0.00282483499 0 0.0245808148 0.0289560677 1
821 648 0 0.0244697313 -0.00261316432 0 0.0246088678 0.0282246493 1
825 648 0 0.0245175843 -0.00241336483 0 0.0246360766 0.0273809348 1
829 648 0 0.0245617427 -0.00222517832 0 0.0246623321 0.0264453081 1
833 648 0 0.0246024249 -0.00204830707 0 0.0246875449 0.0254364858 1
837 648 0 0.0246398432 -0.00188241952 0 0.0247116446 0.0243715435 1
841 648 0 0.0246742035 -0.0017271556 0 0.0247345788 0.023265955 1
845 648 0 0.0247057046 -0.00158213191 0 0.024756312 0.0221336409 1
849 648 0 0.0247345377 -0.00144694648 0 0.024776824 0.0209870282 1
853 648 0 0.0247608862 -0.0013211833 0 0.0247961088 0.019837116 1
857 648 0 0.0247849256 -0.00120441653 0 0.0248141725 0.0186935482 1
861 648 0 0.0248068231 -0.00109621429 0 0.0248310322 0.0175646905 1
253 652 0 0.0248419419 0.00112115869 0 0.0248672289 0.0175198372 1
257 652 0 0.0248240253 0.00123182307 0 0.0248545694 0.0186239916 1
261 652 0 0.0248043561 0.00135124687 0 0.0248411343 0.0197382619 1
265 652 0 0.0247827977 0.00147987179 0 0.0248269427 0.0208537072 1
269 652 0 0.0247592063 0.00161813338 0 0.0248120264 0.0219600605 1
273 652 0 0.024733432 0.00176645709 0 0.0247964318 0.0230456501 1
277 652 0 0.0247053183 0.00192525404 0 0.024780221 0.0240973265 1
281 652 0 0.0246747024 0.00209491637 0 0.0247634734 0.0251003944 1
285 652 0 0.0246414161 0.00227581233 0 0.0247462868 0.0260385548 1
289 652 0 0.0246052855 0.00246828103 0 0.0247287785 0.0268938545 1
293 652 0 0.024566132 0.00267262696 0 0.0247110861 0.0276466483 1
297 652 0 0.0245237724 0.00288911421 0 0.0246933674 0.0282755738 1
301 652 0 0.02447802 0.0031179605 0 0.0246758007 0.0287575405 1
305 652 0 0.0244286852 0.00335933103 0 0.024658584 0.0290677353 1
309 652 0 0.0243755762 0.00361333223 0 0.0246419335 0.0291796467 1
313 652 0 0.0243185002 0.00388000541 0 0.0246260816 0.0290651074 1
317 652 0 0.0242572642 0.00415932038 0 0.0246112741 0.0286943591 1
321 652 0 0.0241916763 0.00445116916 0 0.0245977663 0.0280361386 1
325 652 0 0.0241215468 0.0047553598 0 0.0245858184 0.027057789 1
329 652 0 0.0240466898 0.00507161038 0 0.0245756896 0.0257253941 1
333 652 0 0.0239669241 0.00539954329 0 0.0245676315 0.0240039391 1
337 652 0 0.0238820753 0.00573867991 0 0.0245618804 0.0218574973 1
341 652 0 0.0237919771 0.00608843564 0 0.0245586486 0.0192494429 1
345 652 0 0.0236964726 0.00644811559 0 0.0245581149 0.0161426903 1
349 652 0 0.0235954167 0.00681691077 0 0.0245604146 0.0124999587 1
353 652 0 0.0234886775 0.00719389508 0 0.0245656284 0.00828406238 1
357 652 0 0.0233761379 0.00757802306 0 0.0245737717 0.00345822481 1
361 652 0 0.0232576978 0.00796812851 0 0.0245847835 -0.00201358505 1
365 652 0 0.0231332759 0.00836292411 0 0.0245985152 -0.00816629583 1
369 652 0 0.0230028111 0.00876100203 0 0.0246147207 -0.0150333587 1
373 652 0 0.022866265 0.00916083575 0 0.0246330466 -0.0226463573 1
377 652 0 0.0227236231 0.00956078291 0 0.0246530245 -0.0310346048 1
381 652 0 0.022574897 0.0099590895 0 0.0246740641 -0.0402247337 1
385 652 0 0.0224201258 0.0103538952 0 0.0246954487 -0.0502402796 1
389 652 0 0.0222593775 0.0107432403 0 0.0247163326 -0.0611012656 1
393 652 0 0.0220927509 0.0111250733 0 0.0247357413 -0.0728237909 1
397 652 0 0.0219203766 0.0114972607 0 0.0247525739 -0.0854196282 1
401 652 0 0.0217424184 0.0118575972 0 0.0247656086 -0.0988958353 1
405 652 0 0.0215590739 0.0122038179 0 0.0247735108 -0.113254387 1
409 652 0 0.0213705759 0.0125336112 0 0.0247748446 -0.128491829 1
413 652 0 0.0211771925 0.0128446331 0 0.024768086 -0.144598967 1
417 652 0 0.0209792278 0.0131345226 0 0.02475164 -0.161560585 1
421 652 0 0.0207770217 0.013400918 0 0.0247238595 -0.179355208 1
425 652 0 0.0205709501 0.0136414737 0 0.0246830669 -0.197954909 1
429 652 0 0.0203614245 0.0138538788 0 0.0246275774 -0.217325165 1
433 652 0 0.0201488911 0.014035875 0 0.0245557244 -0.237424768 1
437 652 0 0.0199338301 0.0141852758 0 0.0244658871 -0.258205794 1
441 652 0 0.0197167542 0.0142999854 0 0.0243565182 -0.279613633 1
445 652 0 0.0194982073 0.0143780182 0 0.0242261738 -0.301587083 1
449 652 0 0.0192787627 0.014417518 0 0.0240735439 -0.324058509 1
453 652 0 0.0190590207 0.0144167764 0 0.0238974834 -0.34695407 1
457 652 0 0.0188396065 0.0143742514 0 0.0236970437 -0.370194014 1
461 652 0 0.0186211675 0.0142885849 0 0.0234715048 -0.393693039 1
465 652 0 0.01840437 0.0141586192 0 0.0232204076 -0.417360721 1
469 652 0 0.0181898965 0.0139834125 0 0.0229435865 -0.441102005 1
473 652 0 0.0179784423 0.0137622532 0 0.0226412013 -0.46481776 1
477 652 0 0.0177707113 0.0134946722 0 0.0223137706 -0.488405389 1
481 652 0 0.017567413 0.0131804543 0 0.0219622033 -0.511759492 1
485 652 0 0.017369258 0.0128196466 0 0.0215878313 -0.534772576 1
489 652 0 0.0171769541 0.0124125662 0 0.0211924409 -0.557335811 1
493 652 0 0.0169912023 0.0119598045 0 0.0207783031 -0.579339814 1
497 652 0 0.0168126925 0.0114622305 0 0.0203482028 -0.600675463 1
501 652 0 0.016642099 0.0109209906 0 0.019905464 -0.621234731 1
505 652 0 0.0164800769 0.0103375067 0 0.0194539708 -0.640911531 1
509 652 0 0.0163272572 0.00971347191 0 0.0189981806 -0.659602561 1
513 652 0 0.0161842434 0.00905084349 0 0.0185431254 -0.677208141 1
517 652 0 0.0160516068 0.00835183362 0 0.0180943971 -0.693633039 1
521 652 0 0.0159298836 0.00761889774 0 0.0176581085 -0.708787266 1
525 652 0 0.0158195706 0.00685472064 0 0.0172408239 -0.72258684 1
529 652 0 0.0157211219 0.00606220038 0 0.0168494494 -0.734954506 1
533 652 0 0.0156349461 0.00524443019 0 0.016491076 -0.745820407 1
537 652 0 0.0155614033 0.00440467846 0 0.0161727692 -0.755122694 1
541 652 0 0.0155008026 0.00354636704 0 0.0159013081 -0.762808071 1
545 652 0 0.0154533998 0.00267304806 0 0.0156828808 -0.768832266 1
549 652 0 0.0154193959 0.00178837943 0 0.0155227598 -0.773160428 1
553 652 0 0.0153989355 0.000896099357 0 0.0154249865 -0.775767437 1
557 652 0 0.0153921056 -0 0 0.0153921056 -0.77663813 1
561 652 0 0.0153989355 -0.000896099357 0 0.0154249865 -0.775767437 1
565 652 0 0.0154193959 -0.00178837943 0 0.0155227598 -0.773160428 1
569 652 0 0.0154533998 -0.00267304806 0 0.0156828808 -0.768832266 1
573 652 0 0.0155008026 -0.00354636704 0 0.0159013081 -0.762808071 1
577 652 0 0.0155614033 -0.00440467846 0 0.0161727692 -0.755122694 1
581 652 0 0.0156349461 -0.00524443019 0 0.016491076 -0.745820407 1
585 652 0 0.0157211219 -0.00606220038 0 0.0168494494 -0.734954506 1
589 652 0 0.0158195706 -0.00685472064 0 0.0172408239 -0.72258684 1
593 652 0 0.0159298836 -0.00761889774 0 0.0176581085 -0.708787266 1
597 652 0 0.0160516068 -0.00835183362 0 0.0180943971 -0.693633039 1
601 652 0 0.0161842434 -0.00905084349 0 0.0185431254 -0.677208141 1
605 652 0 0.0163272572 -0.00971347191 0 0.0189981806 -0.659602561 1
609 652 0 0.0164800769 -0.0103375067 0 0.0194539708 -0.640911531 1
613 652 0 0.016642099 -0.0109209906 0 0.019905464 -0.621234731 1
617 652 0 0.0168126925 -0.0114622305 0 0.0203482028 -0.600675463 1
621 652 0 0.0169912023 -0.0119598045 0 0.0207783031 -0.579339814 1
625 652 0 0.0171769541 -0.0124125662 0 0.0211924409 -0.557335811 1
629 652 0 0.017369258 -0.0128196466 0 0.0215878313 -0.534772576 1
633 652 0 0.017567413 -0.0131804543 0 0.0219622033 -0.511759492 1
637 652 0 0.0177707113 -0.0134946722 0 0.0223137706 -0.488405389 1
641 652 0 0.0179784423 -0.0137622532 0 0.0226412013 -0.46481776 1
645 652 0 0.0181898965 -0.0139834125 0 0.0229435865 -0.441102005 1
649 652 0 0.01840437 -0.0141586192 0 0.0232204076 -0.417360721 1
653 652 0 0.0186211675 -0.0142885849 0 0.0234715048 -0.393693039 1
657 652 0 0.0188396065 -0.0143742514 0 0.0236970437 -0.370194014 1
661 652 0 0.0190590207 -0.0144167764 0 0.0238974834 -0.34695407 1
665 652 0 0.0192787627 -0.014417518 0 0.0240735439 -0.324058509 1
669 652 0 0.0194982073 -0.0143780182 0 0.0242261738 -0.301587083 1
673 652 0 0.0197167542 -0.0142999854 0 0.0243565182 -0.279613633 1
677 652 0 0.0199338301 -0.0141852758 0 0.0244658871 -0.258205794 1
681 652 0 0.0201488911 -0.014035875 0 0.0245557244 -0.237424768 1
685 652 0 0.0203614245 -0.0138538788 0 0.0246275774 -0.217325165 1
689 652 0 0.0205709501 -0.0136414737 0 0.0246830669 -0.197954909 1
693 652 0 0.0207770217 -0.013400918 0 0.0247238595 -0.179355208 1
697 652 0 0.0209792278 -0.0131345226 0 0.02475164 -0.161560585 1
701 652 0 0.0211771925 -0.0128446331 0 0.024768086 -0.144598967 1
705 652 0 0.0213705759 -0.0125336112 0 0.0247748446 -0.128491829 1
709 652 0 0.0215590739 -0.0122038179 0 0.0247735108 -0.113254387 1
713 652 0 0.0217424184 -0.0118575972 0 0.0247656086 -0.0988958353 1
717 652 0 0.0219203766 -0.0114972607 0 0.0247525739 -0.0854196282 1
721 652 0 0.0220927509 -0.0111250733 0 0.0247357413 -0.0728237909 1
725 652 0 0.0222593775 -0.0107432403 0 0.0247163326 -0.0611012656 1
729 652 0 0.0224201258 -0.0103538952 0 0.0246954487 -0.0502402796 1
733 652 0 0.022574897 -0.0099590895 0 0.0246740641 -0.0402247337 1
737 652 0 0.0227236231 -0.00956078291 0 0.0246530245 -0.0310346048 1
741 652 0 0.022866265 -0.00916083575 0 0.0246330466 -0.0226463573 1
745 652 0 0.0230028111 -0.00876100203 0 0.0246147207 -0.0150333587 1
749 652 0 0.0231332759 -0.00836292411 0 0.0245985152 -0.00816629583 1
753 652 0 0.0232576978 -0.00796812851 0 0.0245847835 -0.00201358505 1
757 652 0 0.0233761379 -0.00757802306 0 0.0245737717 0.00345822481 1
761 652 0 0.0234886775 -0.00719389508 0 0.0245656284 0.00828406238 1
765 652 0 0.0235954167 -0.00681691077 0 0.0245604146 0.0124999587 1
769 652 0 0.0236964726 -0.00644811559 0 0.0245581149 0.0161426903 1
773 652 0 0.0237919771 -0.00608843564 0 0.0245586486 0.0192494429 1
777 652 0 0.0238820753 -0.00573867991 0 0.0245618804 0.0218574973 1
781 652 0 0.0239669241 -0.00539954329 0 0.0245676315 0.0240039391 1
785 652 0 0.0240466898 -0.00507161038 0 0.0245756896 0.0257253941 1
789 652 0 0.0241215468 -0.0047553598 0 0.0245858184 0.027057789 1
793 652 0 0.0241916763 -0.00445116916 0 0.0245977663 0.0280361386 1
797 652 0 0.0242572642 -0.00415932038 0 0.0246112741 0.0286943591 1
801 652 0 0.0243185002 -0.00388000541 0 0.0246260816 0.0290651074 1
805 652 0 0.0243755762 -0.00361333223 0 0.0246419335 0.0291796467 1
809 652 0 0.0244286852 -0.00335933103 0 0.024658584 0.0290677353 1
813 652 0 0.02447802 -0.0031179605 0 0.0246758007 0.0287575405 1
817 652 0 0.0245237724 -0.00288911421 0 0.0246933674 0.0282755738 1
821 652 0 0.024566132 -0.00267262696 0 0.0247110861 0.0276466483 1
825 652 0 0.0246052855 -0.00246828103 0 0.0247287785 0.0268938545 1
829 652 0 0.0246414161 -0.00227581233 0 0.0247462868 0.0260385548 1
833 652 0 0.0246747024 -0.00209491637 0 0.0247634734 0.0251003944 1
837 652 0 0.0247053183 -0.00192525404 0 0.024780221 0.0240973265 1
841 652 0 0.024733432 -0.00176645709 0 0.0247964318 0.0230456501 1
845 652 0 0.0247592063 -0.00161813338 0 0.0248120264 0.0219600605 1
849 652 0 0.0247827977 -0.00147987179 0 0.0248269427 0.0208537072 1
853 652 0 0.0248043561 -0.00135124687 0 0.0248411343 0.0197382619 1
857 652 0 0.0248240253 -0.00123182307 0 0.0248545694 0.0186239916 1
861 652 0 0.0248419419 -0.00112115869 0 0.0248672289 0.0175198372 1
253 656 0 0.0248793637 0.00114095165 0 0.0249055116 0.0174772769 1
257 656 0 0.024865689 0.0012535697 0 0.0248972674 0.0185610395 1
261 656 0 0.0248506767 0.00137510182 0 0.0248886929 0.0196511953 1
265 656 0 0.0248342224 0.00150599748 0 0.0248798439 0.020738341 1
269 656 0 0.0248162165 0.00164669994 0 0.0248707906 0.0218117087 1
273 656 0 0.0247965445 0.00179764216 0 0.0248616198 0.0228590868 1
277 656 0 0.024775087 0.00195924251 0 0.0248524358 0.0238667448 1
281 656 0 0.0247517197 0.00213190007 0 0.0248433618 0.0248193665 1
285 656 0 0.0247263143 0.00231598957 0 0.024834541 0.02569999 1
289 656 0 0.0246987379 0.00251185612 0 0.024826137 0.0264899582 1
293 656 0 0.0246688544 0.00271980958 0 0.0248183347 0.0271688814 1
297 656 0 0.0246365238 0.0029401187 0 0.0248113402 0.0277146125 1
301 656 0 0.0246016037 0.00317300504 0 0.0248053798 0.0281032376 1
305 656 0 0.0245639494 0.00341863673 0 0.0248006993 0.0283090835 1
309 656 0 0.0245234145 0.00367712208 0 0.0247975621 0.0283047437 1
313 656 0 0.0244798518 0.00394850311 0 0.0247962461 0.0280611244 1
317 656 0 0.024433114 0.00423274911 0 0.0247970406 0.0275475123 1
321 656 0 0.0243830546 0.0045297502 0 0.0248002417 0.0267316652 1
325 656 0 0.024329529 0.00483931103 0 0.0248061466 0.0255799273 1
329 656 0 0.024272395 0.0051611447 0 0.0248150473 0.0240573696 1
333 656 0 0.0242115146 0.00549486695 0 0.024827223 0.0221279561 1
337 656 0 0.0241467546 0.00583999069 0 0.0248429316 0.0197547376 1
341 656 0 0.0240779879 0.00619592102 0 0.0248624001 0.0169000712 1
345 656 0 0.0240050951 0.00656195076 0 0.024885815 0.0135258677 1
349 656 0 0.0239279651 0.00693725666 0 0.0249133106 0.00959386491 1
353 656 0 0.0238464974 0.00732089627 0 0.0249449587 0.00506592692 1
357 656 0 0.0237606027 0.00771180565 0 0.0249807563 -9.56325106e-05 1
361 656 0 0.0236702044 0.00810879803 0 0.0250206151 -0.00592770341 1
365 656 0 0.0235752405 0.00851056335 0 0.0250643503 -0.0124660123 1
369 656 0 0.0234756645 0.00891566896 0 0.0251116701 -0.0197447365 1
373 656 0 0.023371447 0.00932256135 0 0.0251621677 -0.0277961029 1
377 656 0 0.0232625769 0.00972956919 0 0.0252153128 -0.0366499744 1
381 656 0 0.0231490632 0.0101349075 0 0.0252704467 -0.0463334278 1
385 656 0 0.0230309355 0.0105366831 0 0.0253267779 -0.0568703275 1
389 656 0 0.0229082458 0.0109329017 0 0.0253833817 -0.0682808983 1
393 656 0 0.0227810697 0.0113214756 0 0.025439201 -0.0805813039 1
397 656 0 0.0226495066 0.0117002336 0 0.0254930504 -0.0937832338 1
401 656 0 0.0225136817 0.0120669315 0 0.0255436234 -0.107893506 1
405 656 0 0.0223737458 0.0124192644 0 0.0255895023 -0.12291369 1
409 656 0 0.0222298765 0.0127548798 0 0.0256291703 -0.138839753 1
413 656 0 0.0220822785 0.0130713925 0 0.0256610273 -0.155661741 1
417 656 0 0.0219311837 0.0133663998 0 0.0256834083 -0.173363493 1
421 656 0 0.0217768518 0.0136374981 0 0.0256946031 -0.191922398 1
425 656 0 0.0216195697 0.0138823006 0 0.0256928796 -0.211309198 1
429 656 0 0.0214596512 0.0140984555 0 0.0256765083 -0.231487846 1
433 656 0 0.0212974371 0.0142836647 0 0.0256437888 -0.252415412 1
437 656 0 0.0211332939 0.014435703 0 0.0255930778 -0.274042058 1
441 656 0 0.0209676127 0.0145524376 0 0.0255228177 -0.296311068 1
445 656 0 0.0208008089 0.0146318481 0 0.0254315676 -0.319158949 1
449 656 0 0.0206333199 0.0146720452 0 0.0253180331 -0.342515595 1
453 656 0 0.0204656039 0.0146712905 0 0.0251810982 -0.366304527 1
457 656 0 0.0202981381 0.0146280148 0 0.0250198566 -0.390443191 1
461 656 0 0.0201314166 0.0145408359 0 0.0248336433 -0.41484334 1
465 656 0 0.0199659479 0.0144085757 0 0.0246220659 -0.439411468 1
469 656 0 0.0198022531 0.014230276 0 0.024385036 -0.464049324 1
473 656 0 0.0196408626 0.0140052123 0 0.0241227995 -0.48865448 1
477 656 0 0.019482314 0.0137329075 0 0.0238359666 -0.51312096 1
481 656 0 0.0193271485 0.0134131423 0 0.0235255405 -0.537339922 1
485 656 0 0.0191759085 0.0130459649 0 0.0231929444 -0.561200397 1
489 656 0 0.0190291344 0.0126316979 0 0.022840047 -0.584590055 1
493 656 0 0.0188873611 0.0121709432 0 0.0224691849 -0.607396022 1
497 656 0 0.0187511152 0.011664585 0 0.0220831806 -0.629505715 1
501 656 0 0.0186209113 0.01111379 0 0.0216853561 -0.650807698 1
505 656 0 0.0184972495 0.0105200053 0 0.0212795383 -0.671192553 1
509 656 0 0.0183806113 0.00988495375 0 0.0208700547 -0.690553749 1
513 656 0 0.0182714573 0.00921062728 0 0.0204617157 -0.708788505 1
517 656 0 0.0181702238 0.00849927708 0 0.0200597792 -0.725798633 1
521 656 0 0.0180773197 0.00775340193 0 0.019669894 -0.741491363 1
525 656 0 0.0179931243 0.00697573403 0 0.0192980151 -0.755780125 1
529 656 0 0.0179179843 0.0061692226 0 0.0189502894 -0.768585288 1
533 656 0 0.0178522114 0.00533701548 0 0.018632906 -0.779834854 1
537 656 0 0.0177960806 0.00448243875 0 0.0183519138 -0.789465079 1
541 656 0 0.0177498276 0.00360897469 0 0.0181130086 -0.797421038 1
545 656 0 0.0177136479 0.00272023811 0 0.0179213007 -0.803657108 1
549 656 0 0.0176876948 0.00181995152 0 0.017781079 -0.808137377 1
553 656 0 0.0176720785 0.000911919115 0 0.0176955914 -0.810835957 1
557 656 0 0.0176668657 -0 0 0.0176668657 -0.811737225 1
561 656 0 0.0176720785 -0.000911919115 0 0.0176955914 -0.810835957 1
565 656 0 0.0176876948 -0.00181995152 0 0.017781079 -0.808137377 1
569 656 0 0.0177136479 -0.00272023811 0 0.0179213007 -0.803657108 1
573 656 0 0.0177498276 -0.00360897469 0 0.0181130086 -0.797421038 1
577 656 0 0.0177960806 -0.00448243875 0 0.0183519138 -0.789465079 1
581 656 0 0.0178522114 -0.00533701548 0 0.018632906 -0.779834854 1
585 656 0 0.0179179843 -0.0061692226 0 0.0189502894 -0.768585288 1
589 656 0 0.0179931243 -0.00697573403 0 0.0192980151 -0.755780125 1
593 656 0 0.0180773197 -0.00775340193 0 0.019669894 -0.741491363 1
597 656 0 0.0181702238 -0.00849927708 0 0.0200597792 -0.725798633 1
601 656 0 0.0182714573 -0.00921062728 0 0.0204617157 -0.708788505 1
605 656 0 0.0183806113 -0.00988495375 0 0.0208700547 -0.690553749 1
609 656 0 0.0184972495 -0.0105200053 0 0.0212795383 -0.671192553 1
613 656 0 0.0186209113 -0.01111379 0 0.0216853561 -0.650807698 1
617 656 0 0.0187511152 -0.011664585 0 0.0220831806 -0.629505715 1
621 656 0 0.0188873611 -0.0121709432 0 0.0224691849 -0.607396022 1
625 656 0 0.0190291344 -0.0126316979 0 0.022840047 -0.584590055 1
629 656 0 0.0191759085 -0.0130459649 0 0.0231929444 -0.561200397 1
633 656 0 0.0193271485 -0.0134131423 0 0.0235255405 -0.537339922 1
637 656 0 0.019482314 -0.0137329075 0 0.0238359666 -0.51312096 1
641 656 0 0.0196408626 -0.0140052123 0 0.0241227995 -0.48865448 1
645 656 0 0.0198022531 -0.014230276 0 0.024385036 -0.464049324 1
649 656 0 0.0199659479 -0.0144085757 0 0.0246220659 -0.439411468 1
653 656 0 0.0201314166 -0.0145408359 0 0.0248336433 -0.41484334 1
657 656 0 0.0202981381 -0.0146280148 0 0.0250198566 -0.390443191 1
661 656 0 0.0204656039 -0.0146712905 0 0.0251810982 -0.366304527 1
665 656 0 0.0206333199 -0.0146720452 0 0.0253180331 -0.342515595 1
669 656 0 0.0208008089 -0.0146318481 0 0.0254315676 -0.319158949 1
673 656 0 0.0209676127 -0.0145524376 0 0.0255228177 -0.296311068 1
677 656 0 0.0211332939 -0.014435703 0 0.0255930778 -0.274042058 1
681 656 0 0.0212974371 -0.0142836647 0 0.0256437888 -0.252415412 1
685 656 0 0.0214596512 -0.0140984555 0 0.0256765083 -0.231487846 1
689 656 0 0.0216195697 -0.0138823006 0 0.0256928796 -0.211309198 1
693 656 0 0.0217768518 -0.0136374981 0 0.0256946031 -0.191922398 1
697 656 0 0.0219311837 -0.0133663998 0 0.0256834083 -0.173363493 1
701 656 0 0.0220822785 -0.0130713925 0 0.0256610273 -0.155661741 1
705 656 0 0.0222298765 -0.0127548798 0 0.0256291703 -0.138839753 1
709 656 0 0.0223737458 -0.0124192644 0 0.0255895023 -0.12291369 1
713 656 0 0.0225136817 -0.0120669315 0 0.0255436234 -0.107893506 1
717 656 0 0.0226495066 -0.0117002336 0 0.0254930504 -0.0937832338 1
721 656 0 0.0227810697 -0.0113214756 0 0.025439201 -0.0805813039 1
725 656 0 0.0229082458 -0.0109329017 0 0.0253833817 -0.0682808983 1
729 656 0 0.0230309355 -0.0105366831 0 0.0253267779 -0.0568703275 1
733 656 0 0.0231490632 -0.0101349075 0 0.0252704467 -0.0463334278 1
737 656 0 0.0232625769 -0.00972956919 0 0.0252153128 -0.0366499744 1
741 656 0 0.023371447 -0.00932256135 0 0.0251621677 -0.0277961029 1
745 656 0 0.0234756645 -0.00891566896 0 0.0251116701 -0.0197447365 1
749 656 0 0.0235752405 -0.00851056335 0 0.0250643503 -0.0124660123 1
753 656 0 0.0236702044 -0.00810879803 0 0.0250206151 -0.00592770341 1
757 656 0 0.0237606027 -0.00771180565 0 0.0249807563 -9.56325106e-05 1
761 656 0 0.0238464974 -0.00732089627 0 0.0249449587 0.00506592692 1
765 656 0 0.0239279651 -0.00693725666 0 0.0249133106 0.00959386491 1
769 656 0 0.0240050951 -0.00656195076 0 0.024885815 0.0135258677 1
773 656 0 0.0240779879 -0.00619592102 0 0.0248624001 0.0169000712 1
777 656 0 0.0241467546 -0.00583999069 0 0.0248429316 0.0197547376 1
781 656 0 0.0242115146 -0.00549486695 0 0.024827223 0.0221279561 1
785 656 0 0.024272395 -0.0051611447 0 0.0248150473 0.0240573696 1
789 656 0 0.024329529 -0.00483931103 0 0.0248061466 0.0255799273 1
793 656 0 0.0243830546 -0.0045297502 0 0.0248002417 0.0267316652 1
797 656 0 0.024433114 -0.00423274911 0 0.0247970406 0.0275475123 1
801 656 0 0.0244798518 -0.00394850311 0 0.0247962461 0.0280611244 1
805 656 0 0.0245234145 -0.00367712208 0 0.0247975621 0.0283047437 1
809 656 0 0.0245639494 -0.00341863673 0 0.0248006993 0.0283090835 1
813 656 0 0.0246016037 -0.00317300504 0 0.0248053798 0.0281032376 1
817 656 0 0.0246365238 -0.0029401187 0 0.0248113402 0.0277146125 1
821 656 0 0.0246688544 -0.00271980958 0 0.0248183347 0.0271688814 1
825 656 0 0.0246987379 -0.00251185612 0 0.024826137 0.0264899582 1
829 656 0 0.0247263143 -0.00231598957 0 0.024834541 0.02569999 1
833 656 0 0.0247517197 -0.00213190007 0 0.0248433618 0.0248193665 1
837 656 0 0.024775087 -0.00195924251 0 0.0248524358 0.0238667448 1
841 656 0 0.0247965445 -0.00179764216 0 0.0248616198 0.0228590868 1
845 656 0 0.0248162165 -0.00164669994 0 0.0248707906 0.0218117087 1
849 656 0 0.0248342224 -0.00150599748 0 0.0248798439 0.020738341 1
853 656 0 0.0248506767 -0.00137510182 0 0.0248886929 0.0196511953 1
857 656 0 0.024865689 -0.0012535697 0 0.0248972674 0.0185610395 1
861 656 0 0.0248793637 -0.00114095165 0 0.0249055116 0.0174772769 1
253 660 0 0.0249185642 0.00115530305 0 0.0249453315 0.017442627 1
257 660 0 0.024909333 0.00126933767 0 0.0249416537 0.0185111743 1
261 660 0 0.024899199 0.00139239847 0 0.024938101 0.0195833736 1
265 660 0 0.0248880914 0.0015249406 0 0.0249347657 0.0206494829 1
269 660 0 0.0248759365 0.00166741287 0 0.0249317565 0.0216983679 1
273 660 0 0.0248626569 0.00182025371 0 0.0249292004 0.0227174215 1
277 660 0 0.0248481719 0.00198388675 0 0.0249272432 0.0236924888 1
281 660 0 0.0248323978 0.00215871607 0 0.0249260514 0.0246077989 1
285 660 0 0.0248152478 0.00234512113 0 0.0249258123 0.0254459054 1
289 660 0 0.0247966324 0.00254345138 0 0.0249267351 0.0261876369 1
293 660 0 0.0247764594 0.00275402057 0 0.0249290507 0.0268120594 1
297 660 0 0.0247546345 0.00297710084 0 0.0249330115 0.0272964523 1
301 660 0 0.0247310617 0.00321291653 0 0.0249388902 0.0276163005 1
305 660 0 0.024705643 0.00346163789 0 0.0249469785 0.0277453024 1
309 660 0 0.0246782798 0.00372337458 0 0.0249575843 0.0276553981 1
313 660 0 0.0246488727 0.00399816917 0 0.0249710289 0.0273168172 1
317 660 0 0.0246173223 0.00428599054 0 0.0249876424 0.0266981494 1
321 660 0 0.0245835296 0.00458672744 0 0.0250077587 0.0257664381 1
325 660 0 0.024547397 0.00490018207 0 0.0250317095 0.0244872987 1
329 660 0 0.0245088286 0.00522606391 0 0.0250598169 0.0228250633 1
333 660 0 0.0244677311 0.00556398387 0 0.025092385 0.0207429514 1
337 660 0 0.0244240147 0.00591344873 0 0.025129691 0.0182032677 1
341 660 0 0.0243775936 0.00627385611 0 0.0251719753 0.0151676281 1
345 660 0 0.0243283871 0.00664448994 0 0.0252194304 0.011597212 1
349 660 0 0.0242763204 0.00702451661 0 0.0252721896 0.00745304214 1
353 660 0 0.0242213254 0.00741298181 0 0.0253303159 0.00269629044 1
357 660 0 0.024163342 0.00780880822 0 0.0253937902 -0.00271139174 1
361 660 0 0.0241023184 0.00821079415 0 0.0254624998 -0.00880751967 1
365 660 0 0.0240382128 0.00861761306 0 0.0255362278 -0.0156284004 1
369 660 0 0.0239709938 0.00902781427 0 0.0256146438 -0.0232087391 1
373 660 0 0.0239006415 0.00943982474 0 0.0256972947 -0.0315812301 1
377 660 0 0.0238271486 0.0098519521 0 0.0257835988 -0.0407761351 1
381 660 0 0.0237505208 0.0102623889 0 0.0258728403 -0.050820853 1
385 660 0 0.0236707785 0.0106692183 0 0.0259641671 -0.0617394855 1
389 660 0 0.0235879565 0.0110704207 0 0.0260565905 -0.0735524021 1
393 660 0 0.023502106 0.0114638822 0 0.0261489882 -0.0862758107 1
397 660 0 0.0234132941 0.0118474044 0 0.0262401092 -0.0999213377 1
401 660 0 0.0233216051 0.0122187148 0 0.0263285825 -0.114495623 1
405 660 0 0.0232271411 0.0125754795 0 0.026412928 -0.129999938 1
409 660 0 0.0231300217 0.0129153165 0 0.0264915705 -0.146429824 1
413 660 0 0.0230303854 0.0132358104 0 0.0265628562 -0.163774771 1
417 660 0 0.0229283885 0.0135345284 0 0.026625072 -0.182017923 1
421 660 0 0.0228242064 0.0138090367 0 0.026676467 -0.201135839 1
425 660 0 0.0227180327 0.0140569184 0 0.0267152759 -0.221098288 1
429 660 0 0.0226100794 0.0142757923 0 0.0267397445 -0.241868106 1
433 660 0 0.0225005764 0.0144633311 0 0.0267481567 -0.263401105 1
437 660 0 0.0223897711 0.0146172817 0 0.0267388627 -0.285646048 1
441 660 0 0.0222779277 0.0147354848 0 0.0267103084 -0.308544678 1
445 660 0 0.0221653264 0.0148158941 0 0.0266610654 -0.332031829 1
449 660 0 0.0220522625 0.0148565968 0 0.0265898618 -0.356035591 1
453 660 0 0.0219390455 0.0148558326 0 0.0264956124 -0.380477554 1
457 660 0 0.0218259973 0.0148120125 0 0.0263774501 -0.405273121 1
461 660 0 0.0217134515 0.0147237371 0 0.0262347558 -0.430331891 1
465 660 0 0.0216017516 0.0145898133 0 0.0260671886 -0.45555811 1
469 660 0 0.021491249 0.0144092708 0 0.0258747148 -0.480851193 1
473 660 0 0.021382302 0.0141813762 0 0.0256576357 -0.506106303 1
477 660 0 0.0212752733 0.0139056462 0 0.0254166137 -0.531214997 1
481 660 0 0.0211705285 0.0135818589 0 0.025152697 -0.556065925 1
485 660 0 0.0210684336 0.013210063 0 0.0248673412 -0.580545574 1
489 660 0 0.0209693534 0.0127905851 0 0.0245624276 -0.604539063 1
493 660 0 0.0208736491 0.0123240348 0 0.0242402776 -0.62793097 1
497 660 0 0.0207816759 0.0118113074 0 0.0239036616 -0.650606184 1
501 660 0 0.0206937815 0.0112535843 0 0.0235558008 -0.672450783 1
505 660 0 0.0206103033 0.0106523306 0 0.023200361 -0.693352918 1
509 660 0 0.0205315664 0.0100092912 0 0.0228414345 -0.713203701 1
513 660 0 0.0204578818 0.00932648271 0 0.0224835097 -0.731898086 1
517 660 0 0.0203895438 0.00860618482 0 0.0221314237 -0.749335731 1
521 660 0 0.0203268287 0.00785092772 0 0.0217902968 -0.765421837 1
525 660 0 0.0202699924 0.00706347796 0 0.0214654447 -0.780067942 1
529 660 0 0.020219269 0.00624682187 0 0.0211622688 -0.793192685 1
533 660 0 0.0201748689 0.00540414687 0 0.0208861231 -0.804722503 1
537 660 0 0.0201369776 0.00453882089 0 0.0206421598 -0.814592272 1
541 660 0 0.0201057545 0.00365437 0 0.0204351605 -0.822745877 1
545 660 0 0.0200813313 0.00275445449 0 0.0202693583 -0.82913671 1
549 660 0 0.0200638115 0.00184284369 0 0.0201482656 -0.833728082 1
553 660 0 0.0200532698 0.000923389645 0 0.0200745181 -0.83649355 1
557 660 0 0.0200497508 -0 0 0.0200497508 -0.837417151 1
561 660 0 0.0200532698 -0.000923389645 0 0.0200745181 -0.83649355 1
565 660 0 0.0200638115 -0.00184284369 0 0.0201482656 -0.833728082 1
569 660 0 0.0200813313 -0.00275445449 0 0.0202693583 -0.82913671 1
573 660 0 0.0201057545 -0.00365437 0 0.0204351605 -0.822745877 1
577 660 0 0.0201369776 -0.00453882089 0 0.0206421598 -0.814592272 1
581 660 0 0.0201748689 -0.00540414687 0 0.0208861231 -0.804722503 1
585 660 0 0.020219269 -0.00624682187 0 0.0211622688 -0.793192685 1
589 660 0 0.0202699924 -0.00706347796 0 0.0214654447 -0.780067942 1
593 660 0 0.0203268287 -0.00785092772 0 0.0217902968 -0.765421837 1
597 660 0 0.0203895438 -0.00860618482 0 0.0221314237 -0.749335731 1
601 660 0 0.0204578818 -0.00932648271 0 0.0224835097 -0.731898086 1
605 660 0 0.0205315664 -0.0100092912 0 0.0228414345 -0.713203701 1
609 660 0 0.0206103033 -0.0106523306 0 0.023200361 -0.693352918 1
613 660 0 0.0206937815 -0.0112535843 0 0.0235558008 -0.672450783 1
617 660 0 0.0207816759 -0.0118113074 0 0.0239036616 -0.650606184 1
621 660 0 0.0208736491 -0.0123240348 0 0.0242402776 -0.62793097 1
625 660 0 0.0209693534 -0.0127905851 0 0.0245624276 -0.604539063 1
629 660 0 0.0210684336 -0.013210063 0 0.0248673412 -0.580545574 1
633 660 0 0.0211705285 -0.0135818589 0 0.025152697 -0.556065925 1
637 660 0 0.0212752733 -0.0139056462 0 0.0254166137 -0.531214997 1
641 660 0 0.021382302 -0.0141813762 0 0.0256576357 -0.506106303 1
645 660 0 0.021491249 -0.0144092708 0 0.0258747148 -0.480851193 1
649 660 0 0.0216017516 -0.0145898133 0 0.0260671886 -0.45555811 1
653 660 0 0.0217134515 -0.0147237371 0 0.0262347558 -0.430331891 1
657 660 0 0.0218259973 -0.0148120125 0 0.0263774501 -0.405273121 1
661 660 0 0.0219390455 -0.0148558326 0 0.0264956124 -0.380477554 1
665 660 0 0.0220522625 -0.0148565968 0 0.0265898618 -0.356035591 1
669 660 0 0.0221653264 -0.0148158941 0 0.0266610654 -0.332031829 1
673 660 0 0.0222779277 -0.0147354848 0 0.0267103084 -0.308544678 1
677 660 0 0.0223897711 -0.0146172817 0 0.0267388627 -0.285646048 1
681 660 0 0.0225005764 -0.0144633311 0 0.0267481567 -0.263401105 1
685 660 0 0.0226100794 -0.0142757923 0 0.0267397445 -0.241868106 1
689 660 0 0.0227180327 -0.0140569184 0 0.0267152759 -0.221098288 1
693 660 0 0.0228242064 -0.0138090367 0 0.026676467 -0.201135839 1
697 660 0 0.0229283885 -0.0135345284 0 0.026625072 -0.182017923 1
701 660 0 0.0230303854 -0.0132358104 0 0.0265628562 -0.163774771 1
705 660 0 0.0231300217 -0.0129153165 0 0.0264915705 -0.146429824 1
709 660 0 0.0232271411 -0.0125754795 0 0.026412928 -0.129999938 1
713 660 0 0.0233216051 -0.0122187148 0 0.0263285825 -0.114495623 1
717 660 0 0.0234132941 -0.0118474044 0 0.0262401092 -0.0999213377 1
721 660 0 0.023502106 -0.0114638822 0 0.0261489882 -0.0862758107 1
725 660 0 0.0235879565 -0.0110704207 0 0.0260565905 -0.0735524021 1
729 660 0 0.0236707785 -0.0106692183 0 0.0259641671 -0.0617394855 1
733 660 0 0.0237505208 -0.0102623889 0 0.0258728403 -0.050820853 1
737 660 0 0.0238271486 -0.0098519521 0 0.0257835988 -0.0407761351 1
741 660 0 0.0239006415 -0.00943982474 0 0.0256972947 -0.0315812301 1
745 660 0 0.0239709938 -0.00902781427 0 0.0256146438 -0.0232087391 1
749 660 0 0.0240382128 -0.00861761306 0 0.0255362278 -0.0156284004 1
753 660 0 0.0241023184 -0.00821079415 0 0.0254624998 -0.00880751967 1
757 660 0 0.024163342 -0.00780880822 0 0.0253937902 -0.00271139174 1
761 660 0 0.0242213254 -0.00741298181 0 0.0253303159 0.00269629044 1
765 660 0 0.0242763204 -0.00702451661 0 0.0252721896 0.00745304214 1
769 660 0 0.0243283871 -0.00664448994 0 0.0252194304 0.011597212 1
773 660 0 0.0243775936 -0.00627385611 0 0.0251719753 0.0151676281 1
777 660 0 0.0244240147 -0.00591344873 0 0.025129691 0.0182032677 1
781 660 0 0.0244677311 -0.00556398387 0 0.025092385 0.0207429514 1
785 660 0 0.0245088286 -0.00522606391 0 0.0250598169 0.0228250633 1
789 660 0 0.024547397 -0.00490018207 0 0.0250317095 0.0244872987 1
793 660 0 0.0245835296 -0.00458672744 0 0.0250077587 0.0257664381 1
797 660 0 0.0246173223 -0.00428599054 0 0.0249876424 0.0266981494 1
801 660 0 0.0246488727 -0.00399816917 0 0.0249710289 0.0273168172 1
805 660 0 0.0246782798 -0.00372337458 0 0.0249575843 0.0276553981 1
809 660 0 0.024705643 -0.00346163789 0 0.0249469785 0.0277453024 1
813 660 0 0.0247310617 -0.00321291653 0 0.0249388902 0.0276163005 1
817 660 0 0.0247546345 -0.00297710084 0 0.0249330115 0.0272964523 1
821 660 0 0.0247764594 -0.00275402057 0 0.0249290507 0.0268120594 1
825 660 0 0.0247966324 -0.00254345138 0 0.0249267351 0.0261876369 1
829 660 0 0.0248152478 -0.00234512113 0 0.0249258123 0.0254459054 1
833 660 0 0.0248323978 -0.00215871607 0 0.0249260514 0.0246077989 1
837 660 0 0.0248481719 -0.00198388675 0 0.0249272432 0.0236924888 1
841 660 0 0.0248626569 -0.00182025371 0 0.0249292004 0.0227174215 1
845 660 0 0.0248759365 -0.00166741287 0 0.0249317565 0.0216983679 1
849 660 0 0.0248880914 -0.0015249406 0 0.0249347657 0.0206494829 1
853 660 0 0.024899199 -0.00139239847 0 0.024938101 0.0195833736 1
857 660 0 0.024909333 -0.00126933767 0 0.0249416537 0.0185111743 1
861 660 0 0.0249185642 -0.00115530305 0 0.0249453315 0.017442627 1
253 664 0 0.0249589755 0.0011640004 0 0.0249861033 0.0174200968 1
257 664 0 0.0249543252 0.00127889349 0 0.024987075 0.0184792497 1
261 664 0 0.0249492201 0.00140288072 0 0.0249886305 0.0195403763 1
265 664 0 0.0249436245 0.00153642065 0 0.0249908982 0.0205935281 1
269 664 0 0.0249375013 0.00167996548 0 0.0249940244 0.0216273473 1
273 664 0 0.0249308115 0.00183395694 0 0.0249981751 0.0226289858 1
277 664 0 0.0249235145 0.00199882184 0 0.025003537 0.0235840297 1
281 664 0 0.024915568 0.00217496731 0 0.0250103181 0.0244764314 1
285 664 0 0.0249069285 0.00236277566 0 0.0250187489 0.025288449 1
289 664 0 0.0248975507 0.00256259898 0 0.025029082 0.0260005976 1
293 664 0 0.0248873883 0.00277475338 0 0.0250415924 0.0265916118 1
297 664 0 0.0248763937 0.00299951304 0 0.0250565768 0.0270384217 1
301 664 0 0.0248645185 0.00323710399 0 0.0250743519 0.0273161459 1
305 664 0 0.0248517135 0.00348769777 0 0.0250952526 0.0273981002 1
309 664 0 0.0248379289 0.00375140487 0 0.0251196288 0.0272558268 1
313 664 0 0.0248231147 0.00402826817 0 0.0251478422 0.0268591436 1
317 664 0 0.0248072207 0.00431825632 0 0.0251802609 0.0261762159 1
321 664 0 0.0247901972 0.00462125722 0 0.0252172539 0.0251736522 1
325 664 0 0.0247719948 0.0049370716 0 0.0252591846 0.0238166246 1
329 664 0 0.0247525655 0.00526540674 0 0.0253064025 0.0220690154 1
333 664 0 0.0247318621 0.00560587063 0 0.0253592347 0.0198935911 1
337 664 0 0.0247098393 0.00595796633 0 0.0254179763 0.0172522028 1
341 664 0 0.024686454 0.00632108692 0 0.0254828796 0.0141060155 1
345 664 0 0.0246616656 0.00669451096 0 0.025554143 0.0104157638 1
349 664 0 0.0246354362 0.00707739854 0 0.0256318998 0.00614203585 1
353 664 0 0.0246077317 0.00746878818 0 0.0257162061 0.00124558257 1
357 664 0 0.0245785217 0.00786759446 0 0.0258070295 -0.00431234716 1
361 664 0 0.0245477803 0.00827260662 0 0.0259042378 -0.0105696485 1
365 664 0 0.0245154862 0.00868248814 0 0.0260075885 -0.0175629809 1
369 664 0 0.0244816236 0.00909577742 0 0.02611672 -0.0253273704 1
373 664 0 0.0244461827 0.00951088958 0 0.0262311431 -0.0338957947 1
377 664 0 0.0244091596 0.00992611952 0 0.0263502356 -0.0432987575 1
381 664 0 0.0243705573 0.0103396462 0 0.0264732383 -0.0535638526 1
385 664 0 0.0243303859 0.0107495382 0 0.0265992528 -0.0647153253 1
389 664 0 0.0242886632 0.011153761 0 0.0267272435 -0.0767736319 1
393 664 0 0.0242454148 0.0115501846 0 0.0268560403 -0.0897550065 1
397 664 0 0.0242006745 0.011936594 0 0.0269843459 -0.103671036 1
401 664 0 0.0241544849 0.0123106997 0 0.0271107445 -0.11852825 1
405 664 0 0.0241068973 0.0126701501 0 0.0272337144 -0.134327738 1
409 664 0 0.0240579721 0.0130125455 0 0.0273516428 -0.151064781 1
413 664 0 0.0240077789 0.0133354522 0 0.0274628427 -0.168728529 1
417 664 0 0.0239563965 0.013636419 0 0.0275655737 -0.187301703 1
421 664 0 0.0239039133 0.0139129938 0 0.0276580633 -0.206760354 1
425 664 0 0.0238504268 0.0141627417 0 0.0277385312 -0.227073659 1
429 664 0 0.0237960438 0.0143832632 0 0.0278052147 -0.248203772 1
433 664 0 0.0237408801 0.0145722139 0 0.0278563962 -0.27010574 1
437 664 0 0.0236850604 0.0147273235 0 0.027890431 -0.29272747 1
441 664 0 0.0236287177 0.0148464164 0 0.0279057768 -0.316009771 1
445 664 0 0.0235719932 0.014927431 0 0.0279010226 -0.339886455 1
449 664 0 0.0235150357 0.0149684401 0 0.0278749189 -0.364284512 1
453 664 0 0.023458001 0.0149676702 0 0.0278264077 -0.389124359 1
457 664 0 0.0234010514 0.0149235203 0 0.0277546512 -0.414320153 1
461 664 0 0.0233443549 0.0148345803 0 0.0276590614 -0.439780182 1
465 664 0 0.0232880844 0.0146996483 0 0.0275393271 -0.465407324 1
469 664 0 0.0232324172 0.0145177466 0 0.0273954408 -0.49109957 1
473 664 0 0.0231775336 0.0142881363 0 0.0272277231 -0.516750619 1
477 664 0 0.0231236164 0.0140103306 0 0.0270368452 -0.542250526 1
481 664 0 0.0230708498 0.0136841058 0 0.0268238487 -0.567486411 1
485 664 0 0.023019418 0.0133095109 0 0.0265901615 -0.592343216 1
489 664 0 0.022969505 0.0128868751 0 0.0263376102 -0.616704508 1
493 664 0 0.0229212925 0.0124168126 0 0.026068427 -0.64045331 1
497 664 0 0.0228749598 0.0119002253 0 0.0257852506 -0.663472976 1
501 664 0 0.0228306817 0.0113383035 0 0.0254911191 -0.685648068 1
505 664 0 0.0227886284 0.0107325235 0 0.025189455 -0.706865258 1
509 664 0 0.0227489636 0.0100846431 0 0.0248840385 -0.727014224 1
513 664 0 0.0227118439 0.0093966943 0 0.024578969 -0.745988543 1
517 664 0 0.0226774177 0.00867097387 0 0.0242786133 -0.763686561 1
521 664 0 0.0226458241 0.00791003104 0 0.0239875372 -0.780012241 1
525 664 0 0.022617192 0.0071166532 0 0.0237104223 -0.794875976 1
529 664 0 0.0225916394 0.00629384916 0 0.0234519659 -0.808195347 1
533 664 0 0.0225692722 0.00544483034 0 0.023216766 -0.819895841 1
537 664 0 0.0225501839 0.00457299002 0 0.0230091945 -0.829911492 1
541 664 0 0.0225344548 0.00368188081 0 0.022833263 -0.838185463 1
545 664 0 0.0225221513 0.00277519057 0 0.0226924873 -0.844670546 1
549 664 0 0.0225133255 0.00185671698 0 0.0225897592 -0.84932958 1
553 664 0 0.0225080149 0.000930341103 0 0.0225272339 -0.852135781 1
557 664 0 0.0225062422 -0 0 0.0225062422 -0.853072983 1
561 664 0 0.0225080149 -0.000930341103 0 0.0225272339 -0.852135781 1
565 664 0 0.0225133255 -0.00185671698 0 0.0225897592 -0.84932958 1
569 664 0 0.0225221513 -0.00277519057 0 0.0226924873 -0.844670546 1
573 664 0 0.0225344548 -0.00368188081 0 0.022833263 -0.838185463 1
577 664 0 0.0225501839 -0.00457299002 0 0.0230091945 -0.829911492 1
581 664 0 0.0225692722 -0.00544483034 0 0.023216766 -0.819895841 1
585 664 0 0.0225916394 -0.00629384916 0 0.0234519659 -0.808195347 1
589 664 0 0.022617192 -0.0071166532 0 0.0237104223 -0.794875976 1
593 664 0 0.0226458241 -0.00791003104 0 0.0239875372 -0.780012241 1
597 664 0 0.0226774177 -0.00867097387 0 0.0242786133 -0.763686561 1
601 664 0 0.0227118439 -0.0093966943 0 0.024578969 -0.745988543 1
605 664 0 0.0227489636 -0.0100846431 0 0.0248840385 -0.727014224 1
609 664 0 0.0227886284 -0.0107325235 0 0.025189455 -0.706865258 1
613 664 0 0.0228306817 -0.0113383035 0 0.0254911191 -0.685648068 1
617 664 0 0.0228749598 -0.0119002253 0 0.0257852506 -0.663472976 1
621 664 0 0.0229212925 -0.0124168126 0 0.026068427 -0.64045331 1
625 664 0 0.022969505 -0.0128868751 0 0.0263376102 -0.616704508 1
629 664 0 0.023019418 -0.0133095109 0 0.0265901615 -0.592343216 1
633 664 0 0.0230708498 -0.0136841058 0 0.0268238487 -0.567486411 1
637 664 0 0.0231236164 -0.0140103306 0 0.0270368452 -0.542250526 1
641 664 0 0.0231775336 -0.0142881363 0 0.0272277231 -0.516750619 1
645 664 0 0.0232324172 -0.0145177466 0 0.0273954408 -0.49109957 1
649 664 0 0.0232880844 -0.0146996483 0 0.0275393271 -0.465407324 1
653 664 0 0.0233443549 -0.0148345803 0 0.0276590614 -0.439780182 1
657 664 0 0.0234010514 -0.0149235203 0 0.0277546512 -0.414320153 1
661 664 0 0.023458001 -0.0149676702 0 0.0278264077 -0.389124359 1
665 664 0 0.0235150357 -0.0149684401 0 0.0278749189 -0.364284512 1
669 664 0 0.0235719932 -0.014927431 0 0.0279010226 -0.339886455 1
673 664 0 0.0236287177 -0.0148464164 0 0.0279057768 -0.316009771 1
677 664 0 0.0236850604 -0.0147273235 0 0.027890431 -0.29272747 1
681 664 0 0.0237408801 -0.0145722139 0 0.0278563962 -0.27010574 1
685 664 0 0.0237960438 -0.0143832632 0 0.0278052147 -0.248203772 1
689 664 0 0.0238504268 -0.0141627417 0 0.0277385312 -0.227073659 1
693 664 0 0.0239039133 -0.0139129938 0 0.0276580633 -0.206760354 1
697 664 0 0.0239563965 -0.013636419 0 0.0275655737 -0.187301703 1
701 664 0 0.0240077789 -0.0133354522 0 0.0274628427 -0.168728529 1
705 664 0 0.0240579721 -0.0130125455 0 0.0273516428 -0.151064781 1
709 664 0 0.0241068973 -0.0126701501 0 0.0272337144 -0.134327738 1
713 664 0 0.0241544849 -0.0123106997 0 0.0271107445 -0.11852825 1
717 664 0 0.0242006745 -0.011936594 0 0.0269843459 -0.103671036 1
721 664 0 0.0242454148 -0.0115501846 0 0.0268560403 -0.0897550065 1
725 664 0 0.0242886632 -0.011153761 0 0.0267272435 -0.0767736319 1
729 664 0 0.0243303859 -0.0107495382 0 0.0265992528 -0.0647153253 1
733 664 0 0.0243705573 -0.0103396462 0 0.0264732383 -0.0535638526 1
737 664 0 0.0244091596 -0.00992611952 0 0.0263502356 -0.0432987575 1
741 664 0 0.0244461827 -0.00951088958 0 0.0262311431 -0.0338957947 1
745 664 0 0.0244816236 -0.00909577742 0 0.02611672 -0.0253273704 1
749 664 0 0.0245154862 -0.00868248814 0 0.0260075885 -0.0175629809 1
753 664 0 0.0245477803 -0.00827260662 0 0.0259042378 -0.0105696485 1
757 664 0 0.0245785217 -0.00786759446 0 0.0258070295 -0.00431234716 1
761 664 0 0.0246077317 -0.00746878818 0 0.0257162061 0.00124558257 1
765 664 0 0.0246354362 -0.00707739854 0 0.0256318998 0.00614203585 1
769 664 0 0.0246616656 -0.00669451096 0 0.025554143 0.0104157638 1
773 664 0 0.024686454 -0.00632108692 0 0.0254828796 0.0141060155 1
777 664 0 0.0247098393 -0.00595796633 0 0.0254179763 0.0172522028 1
781 664 0 0.0247318621 -0.00560587063 0 0.0253592347 0.0198935911 1
785 664 0 0.0247525655 -0.00526540674 0 0.0253064025 0.0220690154 1
789 664 0 0.0247719948 -0.0049370716 0 0.0252591846 0.0238166246 1
793 664 0 0.0247901972 -0.00462125722 0 0.0252172539 0.0251736522 1
797 664 0 0.0248072207 -0.00431825632 0 0.0251802609 0.0261762159 1
801 664 0 0.0248231147 -0.00402826817 0 0.0251478422 0.0268591436 1
805 664 0 0.0248379289 -0.00375140487 0 0.0251196288 0.0272558268 1
809 664 0 0.0248517135 -0.00348769777 0 0.0250952526 0.0273981002 1
813 664 0 0.0248645185 -0.00323710399 0 0.0250743519 0.0273161459 1
817 664 0 0.0248763937 -0.00299951304 0 0.0250565768 0.0270384217 1
821 664 0 0.0248873883 -0.00277475338 0 0.0250415924 0.0265916118 1
825 664 0 0.0248975507 -0.00256259898 0 0.025029082 0.0260005976 1
829 664 0 0.0249069285 -0.00236277566 0 0.0250187489 0.025288449 1
833 664 0 0.024915568 -0.00217496731 0 0.0250103181 0.0244764314 1
837 664 0 0.0249235145 -0.00199882184 0 0.025003537 0.0235840297 1
841 664 0 0.0249308115 -0.00183395694 0 0.0249981751 0.0226289858 1
845 664 0 0.0249375013 -0.00167996548 0 0.0249940244 0.0216273473 1
849 664 0 0.0249436245 -0.00153642065 0 0.0249908982 0.0205935281 1
853 664 0 0.0249492201 -0.00140288072 0 0.0249886305 0.0195403763 1
857 664 0 0.0249543252 -0.00127889349 0 0.024987075 0.0184792497 1
861 664 0 0.0249589755 -0.0011640004 0 0.0249861033 0.0174200968 1
253 668 0 0.025 0.00116691404 0 0.025027219 0.0174122926 1
257 668 0 0.025 0.00128209472 0 0.0250328538 0.0184682692 1
261 668 0 0.025 0.00140639231 0 0.0250395275 0.0195256545 1
265 668 0 0.025 0.00154026651 0 0.0250474035 0.0205744306 1
269 668 0 0.025 0.00168417065 0 0.0250566644 0.0216031644 1
273 668 0 0.025 0.00183854757 0 0.025067514 0.0225989269 1
277 668 0 0.025 0.00200382514 0 0.0250801777 0.0235472174 1
281 668 0 0.025 0.00218041153 0 0.0250949038 0.0244318949 1
285 668 0 0.025 0.00236868999 0 0.0251119631 0.0252351186 1
289 668 0 0.025 0.00256901349 0 0.02513165 0.0259372982 1
293 668 0 0.025 0.00278169894 0 0.0251542809 0.0265170569 1
297 668 0 0.025 0.0030070212 0 0.0251801941 0.0269512077 1
301 668 0 0.025 0.00324520688 0 0.0252097475 0.0272147459 1
305 668 0 0.025 0.00349642793 0 0.0252433161 0.0272808591 1
309 668 0 0.025 0.00376079512 0 0.0252812891 0.0271209557 1
313 668 0 0.025 0.00403835144 0 0.0253240653 0.0267047154 1
317 668 0 0.025 0.00432906546 0 0.0253720478 0.026000161 1
321 668 0 0.025 0.00463282482 0 0.025425638 0.0249737551 1
325 668 0 0.025 0.00494942972 0 0.0254852282 0.0235905208 1
329 668 0 0.025 0.00527858673 0 0.0255511933 0.0218141896 1
333 668 0 0.025 0.00561990284 0 0.0256238816 0.0196073759 1
337 668 0 0.025 0.00597287988 0 0.0257036047 0.0169317785 1
341 668 0 0.025 0.00633690941 0 0.0257906266 0.0137484111 1
345 668 0 0.025 0.00671126818 0 0.0258851525 0.0100178592 1
349 668 0 0.025 0.00709511417 0 0.025987317 0.00570056472 1
353 668 0 0.025 0.00748748351 0 0.0260971724 0.000757137688 1
357 668 0 0.025 0.00788728805 0 0.0262146774 -0.00485130813 1
361 668 0 0.025 0.00829331401 0 0.026339686 -0.0111627953 1
365 668 0 0.025 0.00870422151 0 0.0264719374 -0.0182141016 1
369 668 0 0.025 0.00911854531 0 0.0266110479 -0.0260403604 1
373 668 0 0.025 0.00953469655 0 0.0267565027 -0.0346746447 1
377 668 0 0.025 0.00995096586 0 0.0269076517 -0.044147539 1
381 668 0 0.025 0.0103655276 0 0.0270637056 -0.0544867027 1
385 668 0 0.025 0.0107764457 0 0.0272237356 -0.0657164288 1
389 668 0 0.025 0.0111816802 0 0.0273866751 -0.0778572028 1
393 668 0 0.025 0.0115790962 0 0.0275513242 -0.0909252673 1
397 668 0 0.025 0.0119664728 0 0.0277163575 -0.104932195 1
401 668 0 0.025 0.0123415149 0 0.0278803334 -0.119884481 1
405 668 0 0.025 0.0127018651 0 0.0280417078 -0.135783151 1
409 668 0 0.025 0.0130451176 0 0.0281988491 -0.152623398 1
413 668 0 0.025 0.0133688325 0 0.0283500561 -0.170394259 1
417 668 0 0.025 0.0136705527 0 0.0284935784 -0.189078313 1
421 668 0 0.025 0.0139478198 0 0.0286276383 -0.20865144 1
425 668 0 0.025 0.0141981928 0 0.0287504553 -0.229082617 1
429 668 0 0.025 0.0144192664 0 0.028860271 -0.25033377 1
433 668 0 0.025 0.01460869 0 0.0289553764 -0.272359688 1
437 668 0 0.025 0.0147641879 0 0.0290341393 -0.295107993 1
441 668 0 0.025 0.0148835788 0 0.0290950326 -0.318519178 1
445 668 0 0.025 0.0149647963 0 0.0291366629 -0.342526711 1
449 668 0 0.025 0.0150059081 0 0.0291577996 -0.367057215 1
453 668 0 0.025 0.0150051362 0 0.0291574024 -0.392030711 1
457 668 0 0.025 0.0149608757 0 0.0291346495 -0.417360938 1
461 668 0 0.025 0.0148717131 0 0.0290889644 -0.442955745 1
465 668 0 0.025 0.0147364434 0 0.0290200407 -0.468717549 1
469 668 0 0.025 0.0145540864 0 0.028927866 -0.494543864 1
473 668 0 0.025 0.0143239014 0 0.0288127428 -0.520327897 1
477 668 0 0.025 0.0140454002 0 0.0286753076 -0.545959199 1
481 668 0 0.025 0.0137183588 0 0.0285165455 -0.571324376 1
485 668 0 0.025 0.0133428263 0 0.0283378019 -0.596307852 1
489 668 0 0.025 0.0129191326 0 0.0281407887 -0.62079267 1
493 668 0 0.025 0.0124478934 0 0.0279275858 -0.644661335 1
497 668 0 0.025 0.011930013 0 0.0277006356 -0.667796683 1
501 668 0 0.025 0.0113666847 0 0.0274627297 -0.690082768 1
505 668 0 0.025 0.0107593883 0 0.027216988 -0.711405765 1
509 668 0 0.025 0.0101098862 0 0.0269668278 -0.731654873 1
513 668 0 0.025 0.00942021542 0 0.0267159214 -0.750723202 1
517 668 0 0.025 0.00869267842 0 0.0264681442 -0.768508661 1
521 668 0 0.025 0.00792983086 0 0.0262275088 -0.784914797 1
525 668 0 0.025 0.00713446709 0 0.0259980888 -0.799851617 1
529 668 0 0.025 0.00630960347 0 0.025783931 -0.81323635 1
533 668 0 0.025 0.00545845945 0 0.0255889582 -0.82499416 1
537 668 0 0.025 0.0045844368 0 0.0254168657 -0.835058802 1
541 668 0 0.025 0.00369109703 0 0.025271015 -0.843373194 1
545 668 0 0.025 0.00278213722 0 0.0251543294 -0.849889928 1
549 668 0 0.025 0.00186136458 0 0.0250691978 -0.854571684 1
553 668 0 0.025 0.000932669866 0 0.0250173914 -0.857391564 1
557 668 0 0.025 -0 0 0.025 -0.858333333 1
561 668 0 0.025 -0.000932669866 0 0.0250173914 -0.857391564 1
565 668 0 0.025 -0.00186136458 0 0.0250691978 -0.854571684 1
569 668 0 0.025 -0.00278213722 0 0.0251543294 -0.849889928 1
573 668 0 0.025 -0.00369109703 0 0.025271015 -0.843373194 1
577 668 0 0.025 -0.0045844368 0 0.0254168657 -0.835058802 1
581 668 0 0.025 -0.00545845945 0 0.0255889582 -0.82499416 1
585 668 0 0.025 -0.00630960347 0 0.025783931 -0.81323635 1
589 668 0 0.025 -0.00713446709 0 0.0259980888 -0.799851617 1
593 668 0 0.025 -0.00792983086 0 0.0262275088 -0.784914797 1
597 668 0 0.025 -0.00869267842 0 0.0264681442 -0.768508661 1
601 668 0 0.025 -0.00942021542 0 0.0267159214 -0.750723202 1
605 668 0 0.025 -0.0101098862 0 0.0269668278 -0.731654873 1
609 668 0 0.025 -0.0107593883 0 0.027216988 -0.711405765 1
613 668 0 0.025 -0.0113666847 0 0.0274627297 -0.690082768 1
617 668 0 0.025 -0.011930013 0 0.0277006356 -0.667796683 1
621 668 0 0.025 -0.0124478934 0 0.0279275858 -0.644661335 1
625 668 0 0.025 -0.0129191326 0 0.0281407887 -0.62079267 1
629 668 0 0.025 -0.0133428263 0 0.0283378019 -0.596307852 1
633 668 0 0.025 -0.0137183588 0 0.0285165455 -0.571324376 1
637 668 0 0.025 -0.0140454002 0 0.0286753076 -0.545959199 1
641 668 0 0.025 -0.0143239014 0 0.0288127428 -0.520327897 1
645 668 0 0.025 -0.0145540864 0 0.028927866 -0.494543864 1
649 668 0 0.025 -0.0147364434 0 0.0290200407 -0.468717549 1
653 668 0 0.025 -0.0148717131 0 0.0290889644 -0.442955745 1
657 668 0 0.025 -0.0149608757 0 0.0291346495 -0.417360938 1
661 668 0 0.025 -0.0150051362 0 0.0291574024 -0.392030711 1
665 668 0 0.025 -0.0150059081 0 0.0291577996 -0.367057215 1
669 668 0 0.025 -0.0149647963 0 0.0291366629 -0.342526711 1
673 668 0 0.025 -0.0148835788 0 0.0290950326 -0.318519178 1
677 668 0 0.025 -0.0147641879 0 0.0290341393 -0.295107993 1
681 668 0 0.025 -0.01460869 0 0.0289553764 -0.272359688 1
685 668 0 0.025 -0.0144192664 0 0.028860271 -0.25033377 1
689 668 0 0.025 -0.0141981928 0 0.0287504553 -0.229082617 1
693 668 0 0.025 -0.0139478198 0 0.0286276383 -0.20865144 1
697 668 0 0.025 -0.0136705527 0 0.0284935784 -0.189078313 1
701 668 0 0.025 -0.0133688325 0 0.0283500561 -0.170394259 1
705 668 0 0.025 -0.0130451176 0 0.0281988491 -0.152623398 1
709 668 0 0.025 -0.0127018651 0 0.0280417078 -0.135783151 1
713 668 0 0.025 -0.0123415149 0 0.0278803334 -0.119884481 1
717 668 0 0.025 -0.0119664728 0 0.0277163575 -0.104932195 1
721 668 0 0.025 -0.0115790962 0 0.0275513242 -0.0909252673 1
725 668 0 0.025 -0.0111816802 0 0.0273866751 -0.0778572028 1
729 668 0 0.025 -0.0107764457 0 0.0272237356 -0.0657164288 1
733 668 0 0.025 -0.0103655276 0 0.0270637056 -0.0544867027 1
737 668 0 0.025 -0.00995096586 0 0.0269076517 -0.044147539 1
741 668 0 0.025 -0.00953469655 0 0.0267565027 -0.0346746447 1
745 668 0 0.025 -0.00911854531 0 0.0266110479 -0.0260403604 1
749 668 0 0.025 -0.00870422151 0 0.0264719374 -0.0182141016 1
753 668 0 0.025 -0.00829331401 0 0.026339686 -0.0111627953 1
757 668 0 0.025 -0.00788728805 0 0.0262146774 -0.00485130813 1
761 668 0 0.025 -0.00748748351 0 0.0260971724 0.000757137688 1
765 668 0 0.025 -0.00709511417 0 0.025987317 0.00570056472 1
769 668 0 0.025 -0.00671126818 0 0.0258851525 0.0100178592 1
773 668 0 0.025 -0.00633690941 0 0.0257906266 0.0137484111 1
777 668 0 0.025 -0.00597287988 0 0.0257036047 0.0169317785 1
781 668 0 0.025 -0.00561990284 0 0.0256238816 0.0196073759 1
785 668 0 0.025 -0.00527858673 0 0.0255511933 0.0218141896 1
789 668 0 0.025 -0.00494942972 0 0.0254852282 0.0235905208 1
793 668 0 0.025 -0.00463282482 0 0.025425638 0.0249737551 1
797 668 0 0.025 -0.00432906546 0 0.0253720478 0.026000161 1
801 668 0 0.025 -0.00403835144 0 0.0253240653 0.0267047154 1
805 668 0 0.025 -0.00376079512 0 0.0252812891 0.0271209557 1
809 668 0 0.025 -0.00349642793 0 0.0252433161 0.0272808591 1
813 668 0 0.025 -0.00324520688 0 0.0252097475 0.0272147459 1
817 668 0 0.025 -0.0030070212 0 0.0251801941 0.0269512077 1
821 668 0 0.025 -0.00278169894 0 0.0251542809 0.0265170569 1
825 668 0 0.025 -0.00256901349 0 0.02513165 0.0259372982 1
829 668 0 0.025 -0.00236868999 0 0.0251119631 0.0252351186 1
833 668 0 0.025 -0.00218041153 0 0.0250949038 0.0244318949 1
837 668 0 0.025 -0.00200382514 0 0.0250801777 0.0235472174 1
841 668 0 0.025 -0.00183854757 0 0.025067514 0.0225989269 1
845 668 0 0.025 -0.00168417065 0 0.0250566644 0.0216031644 1
849 668 0 0.025 -0.00154026651 0 0.0250474035 0.0205744306 1
853 668 0 0.025 -0.00140639231 0 0.0250395275 0.0195256545 1
857 668 0 0.025 -0.00128209472 0 0.0250328538 0.0184682692 1
861 668 0 0.025 -0.00116691404 0 0.025027219 0.0174122926 1
253 672 0 0.0250410245 0.0011640004 0 0.0250680634 0.0174200968 1
257 672 0 0.0250456748 0.00127889349 0 0.0250783052 0.0184792497 1
261 672 0 0.0250507799 0.00140288072 0 0.0250900309 0.0195403763 1
265 672 0 0.0250563755 0.00153642065 0 0.0251034369 0.0205935281 1
269 672 0 0.0250624987 0.00167996548 0 0.0251187405 0.0216273473 1
273 672 0 0.0250691885 0.00183395694 0 0.0251361813 0.0226289858 1
277 672 0 0.0250764855 0.00199882184 0 0.0251560215 0.0235840297 1
281 672 0 0.025084432 0.00217496731 0 0.0251785466 0.0244764314 1
285 672 0 0.0250930715 0.00236277566 0 0.0252040661 0.025288449 1
289 672 0 0.0251024493 0.00256259898 0 0.0252329125 0.0260005976 1
293 672 0 0.0251126117 0.00277475338 0 0.0252654413 0.0265916118 1
297 672 0 0.0251236063 0.00299951304 0 0.025302029 0.0270384217 1
301 672 0 0.0251354815 0.00323710399 0 0.0253430715 0.0273161459 1
305 672 0 0.0251482865 0.00348769777 0 0.0253889808 0.0273981002 1
309 672 0 0.0251620711 0.00375140487 0 0.025440182 0.0272558268 1
313 672 0 0.0251768853 0.00402826817 0 0.0254971076 0.0268591436 1
317 672 0 0.0251927793 0.00431825632 0 0.025560193 0.0261762159 1
321 672 0 0.0252098028 0.00462125722 0 0.0256298689 0.0251736522 1
325 672 0 0.0252280052 0.0049370716 0 0.025706554 0.0238166246 1
329 672 0 0.0252474345 0.00526540674 0 0.0257906467 0.0220690154 1
333 672 0 0.0252681379 0.00560587063 0 0.025882515 0.0198935911 1
337 672 0 0.0252901607 0.00595796633 0 0.0259824862 0.0172522028 1
341 672 0 0.025313546 0.00632108692 0 0.0260908365 0.0141060155 1
345 672 0 0.0253383344 0.00669451096 0 0.0262077788 0.0104157638 1
349 672 0 0.0253645638 0.00707739854 0 0.0263334515 0.00614203585 1
353 672 0 0.0253922683 0.00746878818 0 0.0264679067 0.00124558257 1
357 672 0 0.0254214783 0.00786759446 0 0.0266110992 -0.00431234716 1
361 672 0 0.0254522197 0.00827260662 0 0.0267628756 -0.0105696485 1
365 672 0 0.0254845138 0.00868248814 0 0.026922965 -0.0175629809 1
369 672 0 0.0255183764 0.00909577742 0 0.0270909708 -0.0253273704 1
373 672 0 0.0255538173 0.00951088958 0 0.0272663639 -0.0338957947 1
377 672 0 0.0255908404 0.00992611952 0 0.0274484783 -0.0432987575 1
381 672 0 0.0256294427 0.0103396462 0 0.0276365088 -0.0535638526 1
385 672 0 0.0256696141 0.0107495382 0 0.0278295106 -0.0647153253 1
389 672 0 0.0257113368 0.011153761 0 0.0280264023 -0.0767736319 1
393 672 0 0.0257545852 0.0115501846 0 0.0282259707 -0.0897550065 1
397 672 0 0.0257993255 0.011936594 0 0.0284268794 -0.103671036 1
401 672 0 0.0258455151 0.0123106997 0 0.0286276785 -0.11852825 1
405 672 0 0.0258931027 0.0126701501 0 0.0288268186 -0.134327738 1
409 672 0 0.0259420279 0.0130125455 0 0.0290226662 -0.151064781 1
413 672 0 0.0259922211 0.0133354522 0 0.0292135216 -0.168728529 1
417 672 0 0.0260436035 0.013636419 0 0.0293976394 -0.187301703 1
421 672 0 0.0260960867 0.0139129938 0 0.0295732504 -0.206760354 1
425 672 0 0.0261495732 0.0141627417 0 0.0297385849 -0.227073659 1
429 672 0 0.0262039562 0.0143832632 0 0.0298918982 -0.248203772 1
433 672 0 0.0262591199 0.0145722139 0 0.0300314967 -0.27010574 1
437 672 0 0.0263149396 0.0147273235 0 0.030155764 -0.29272747 1
441 672 0 0.0263712823 0.0148464164 0 0.030263189 -0.316009771 1
445 672 0 0.0264280068 0.014927431 0 0.0303523926 -0.339886455 1
449 672 0 0.0264849643 0.0149684401 0 0.0304221553 -0.364284512 1
453 672 0 0.026541999 0.0149676702 0 0.0304714434 -0.389124359 1
457 672 0 0.0265989486 0.0149235203 0 0.0304994348 -0.414320153 1
461 672 0 0.0266556451 0.0148345803 0 0.0305055436 -0.439780182 1
465 672 0 0.0267119156 0.0146996483 0 0.0304894423 -0.465407324 1
469 672 0 0.0267675828 0.0145177466 0 0.030451083 -0.49109957 1
473 672 0 0.0268224664 0.0142881363 0 0.0303907147 -0.516750619 1
477 672 0 0.0268763836 0.0140103306 0 0.030308899 -0.542250526 1
481 672 0 0.0269291502 0.0136841058 0 0.0302065206 -0.567486411 1
485 672 0 0.026980582 0.0133095109 0 0.0300847949 -0.592343216 1
489 672 0 0.027030495 0.0128868751 0 0.0299452703 -0.616704508 1
493 672 0 0.0270787075 0.0124168126 0 0.0297898243 -0.64045331 1
497 672 0 0.0271250402 0.0119002253 0 0.0296206544 -0.663472976 1
501 672 0 0.0271693183 0.0113383035 0 0.0294402612 -0.685648068 1
505 672 0 0.0272113716 0.0107325235 0 0.029251424 -0.706865258 1
509 672 0 0.0272510364 0.0100846431 0 0.029057168 -0.727014224 1
513 672 0 0.0272881561 0.0093966943 0 0.0288607229 -0.745988543 1
517 672 0 0.0273225823 0.00867097387 0 0.0286654721 -0.763686561 1
521 672 0 0.0273541759 0.00791003104 0 0.028474893 -0.780012241 1
525 672 0 0.027382808 0.0071166532 0 0.0282924889 -0.794875976 1
529 672 0 0.0274083606 0.00629384916 0 0.0281217135 -0.808195347 1
533 672 0 0.0274307278 0.00544483034 0 0.0279658901 -0.819895841 1
537 672 0 0.0274498161 0.00457299002 0 0.0278281268 -0.829911492 1
541 672 0 0.0274655452 0.00368188081 0 0.0277112327 -0.838185463 1
545 672 0 0.0274778487 0.00277519057 0 0.0276176366 -0.844670546 1
549 672 0 0.0274866745 0.00185671698 0 0.0275493135 -0.84932958 1
553 672 0 0.0274919851 0.000930341103 0 0.0275077222 -0.852135781 1
557 672 0 0.0274937578 -0 0 0.0274937578 -0.853072983 1
561 672 0 0.0274919851 -0.000930341103 0 0.0275077222 -0.852135781 1
565 672 0 0.0274866745 -0.00185671698 0 0.0275493135 -0.84932958 1
569 672 0 0.0274778487 -0.00277519057 0 0.0276176366 -0.844670546 1
573 672 0 0.0274655452 -0.00368188081 0 0.0277112327 -0.838185463 1
577 672 0 0.0274498161 -0.00457299002 0 0.0278281268 -0.829911492 1
581 672 0 0.0274307278 -0.00544483034 0 0.0279658901 -0.819895841 1
585 672 0 0.0274083606 -0.00629384916 0 0.0281217135 -0.808195347 1
589 672 0 0.027382808 -0.0071166532 0 0.0282924889 -0.794875976 1
593 672 0 0.0273541759 -0.00791003104 0 0.028474893 -0.780012241 1
597 672 0 0.0273225823 -0.00867097387 0 0.0286654721 -0.763686561 1
601 672 0 0.0272881561 -0.0093966943 0 0.0288607229 -0.745988543 1
605 672 0 0.0272510364 -0.0100846431 0 0.029057168 -0.727014224 1
609 672 0 0.0272113716 -0.0107325235 0 0.029251424 -0.706865258 1
613 672 0 0.0271693183 -0.0113383035 0 0.0294402612 -0.685648068 1
617 672 0 0.0271250402 -0.0119002253 0 0.0296206544 -0.663472976 1
621 672 0 0.0270787075 -0.0124168126 0 0.0297898243 -0.64045331 1
625 672 0 0.027030495 -0.0128868751 0 0.0299452703 -0.616704508 1
629 672 0 0.026980582 -0.0133095109 0 0.0300847949 -0.592343216 1
633 672 0 0.0269291502 -0.0136841058 0 0.0302065206 -0.567486411 1
637 672 0 0.0268763836 -0.0140103306 0 0.030308899 -0.542250526 1
641 672 0 0.0268224664 -0.0142881363 0 0.0303907147 -0.516750619 1
645 672 0 0.0267675828 -0.0145177466 0 0.030451083 -0.49109957 1
649 672 0 0.0267119156 -0.0146996483 0 0.0304894423 -0.465407324 1
653 672 0 0.0266556451 -0.0148345803 0 0.0305055436 -0.439780182 1
657 672 0 0.0265989486 -0.0149235203 0 0.0304994348 -0.414320153 1
661 672 0 0.026541999 -0.0149676702 0 0.0304714434 -0.389124359 1
665 672 0 0.0264849643 -0.0149684401 0 0.0304221553 -0.364284512 1
669 672 0 0.0264280068 -0.014927431 0 0.0303523926 -0.339886455 1
673 672 0 0.0263712823 -0.0148464164 0 0.030263189 -0.316009771 1
677 672 0 0.0263149396 -0.0147273235 0 0.030155764 -0.29272747 1
681 672 0 0.0262591199 -0.0145722139 0 0.0300314967 -0.27010574 1
685 672 0 0.0262039562 -0.0143832632 0 0.0298918982 -0.248203772 1
689 672 0 0.0261495732 -0.0141627417 0 0.0297385849 -0.227073659 1
693 672 0 0.0260960867 -0.0139129938 0 0.0295732504 -0.206760354 1
697 672 0 0.0260436035 -0.013636419 0 0.0293976394 -0.187301703 1
701 672 0 0.0259922211 -0.0133354522 0 0.0292135216 -0.168728529 1
705 672 0 0.0259420279 -0.0130125455 0 0.0290226662 -0.151064781 1
709 672 0 0.0258931027 -0.0126701501 0 0.0288268186 -0.134327738 1
713 672 0 0.0258455151 -0.0123106997 0 0.0286276785 -0.11852825 1
717 672 0 0.0257993255 -0.011936594 0 0.0284268794 -0.103671036 1
721 672 0 0.0257545852 -0.0115501846 0 0.0282259707 -0.0897550065 1
725 672 0 0.0257113368 -0.011153761 0 0.0280264023 -0.0767736319 1
729 672 0 0.0256696141 -0.0107495382 0 0.0278295106 -0.0647153253 1
733 672 0 0.0256294427 -0.0103396462 0 0.0276365088 -0.0535638526 1
737 672 0 0.0255908404 -0.00992611952 0 0.0274484783 -0.0432987575 1
741 672 0 0.0255538173 -0.00951088958 0 0.0272663639 -0.0338957947 1
745 672 0 0.0255183764 -0.00909577742 0 0.0270909708 -0.0253273704 1
749 672 0 0.0254845138 -0.00868248814 0 0.026922965 -0.0175629809 1
753 672 0 0.0254522197 -0.00827260662 0 0.0267628756 -0.0105696485 1
757 672 0 0.0254214783 -0.00786759446 0 0.0266110992 -0.00431234716 1
761 672 0 0.0253922683 -0.00746878818 0 0.0264679067 0.00124558257 1
765 672 0 0.0253645638 -0.00707739854 0 0.0263334515 0.00614203585 1
769 672 0 0.0253383344 -0.00669451096 0 0.0262077788 0.0104157638 1
773 672 0 0.025313546 -0.00632108692 0 0.0260908365 0.0141060155 1
777 672 0 0.0252901607 -0.00595796633 0 0.0259824862 0.0172522028 1
781 672 0 0.0252681379 -0.00560587063 0 0.025882515 0.0198935911 1
785 672 0 0.0252474345 -0.00526540674 0 0.0257906467 0.0220690154 1
789 672 0 0.0252280052 -0.0049370716 0 0.025706554 0.0238166246 1
793 672 0 0.0252098028 -0.00462125722 0 0.0256298689 0.0251736522 1
797 672 0 0.0251927793 -0.00431825632 0 0.025560193 0.0261762159 1
801 672 0 0.0251768853 -0.00402826817 0 0.0254971076 0.0268591436 1
805 672 0 0.0251620711 -0.00375140487 0 0.025440182 0.0272558268 1
809 672 0 0.0251482865 -0.00348769777 0 0.0253889808 0.0273981002 1
813 672 0 0.0251354815 -0.00323710399 0 0.0253430715 0.0273161459 1
817 672 0 0.0251236063 -0.00299951304 0 0.025302029 0.0270384217 1
821 672 0 0.0251126117 -0.00277475338 0 0.0252654413 0.0265916118 1
825 672 0 0.0251024493 -0.00256259898 0 0.0252329125 0.0260005976 1
829 672 0 0.0250930715 -0.00236277566 0 0.0252040661 0.025288449 1
833 672 0 0.025084432 -0.00217496731 0 0.0251785466 0.0244764314 1
837 672 0 0.0250764855 -0.00199882184 0 0.0251560215 0.0235840297 1
841 672 0 0.0250691885 -0.00183395694 0 0.0251361813 0.0226289858 1
845 672 0 0.0250624987 -0.00167996548 0 0.0251187405 0.0216273473 1
849 672 0 0.0250563755 -0.00153642065 0 0.0251034369 0.0205935281 1
853 672 0 0.0250507799 -0.00140288072 0 0.0250900309 0.0195403763 1
857 672 0 0.0250456748 -0.00127889349 0 0.0250783052 0.0184792497 1
861 672 0 0.0250410245 -0.0011640004 0 0.0250680634 0.0174200968 1
253 676 0 0.0250814358 0.00115530305 0 0.0251080296 0.017442627 1
257 676 0 0.025090667 0.00126933767 0 0.0251227544 0.0185111743 1
261 676 0 0.025100801 0.00139239847 0 0.0251393911 0.0195833736 1
265 676 0 0.0251119086 0.0015249406 0 0.0251581676 0.0206494829 1
269 676 0 0.0251240635 0.00166741287 0 0.0251793334 0.0216983679 1
273 676 0 0.0251373431 0.00182025371 0 0.0252031613 0.0227174215 1
277 676 0 0.0251518281 0.00198388675 0 0.0252299477 0.0236924888 1
281 676 0 0.0251676022 0.00215871607 0 0.025260013 0.0246077989 1
285 676 0 0.0251847522 0.00234512113 0 0.0252937015 0.0254459054 1
289 676 0 0.0252033676 0.00254345138 0 0.0253313814 0.0261876369 1
293 676 0 0.0252235406 0.00275402057 0 0.0253734434 0.0268120594 1
297 676 0 0.0252453655 0.00297710084 0 0.0254202991 0.0272964523 1
301 676 0 0.0252689383 0.00321291653 0 0.0254723787 0.0276163005 1
305 676 0 0.025294357 0.00346163789 0 0.0255301279 0.0277453024 1
309 676 0 0.0253217202 0.00372337458 0 0.0255940038 0.0276553981 1
313 676 0 0.0253511273 0.00399816917 0 0.0256644698 0.0273168172 1
317 676 0 0.0253826777 0.00428599054 0 0.0257419899 0.0266981494 1
321 676 0 0.0254164704 0.00458672744 0 0.0258270214 0.0257664381 1
325 676 0 0.025452603 0.00490018207 0 0.0259200074 0.0244872987 1
329 676 0 0.0254911714 0.00522606391 0 0.0260213675 0.0228250633 1
333 676 0 0.0255322689 0.00556398387 0 0.0261314881 0.0207429514 1
337 676 0 0.0255759853 0.00591344873 0 0.0262507123 0.0182032677 1
341 676 0 0.0256224064 0.00627385611 0 0.0263793286 0.0151676281 1
345 676 0 0.0256716129 0.00664448994 0 0.0265175593 0.011597212 1
349 676 0 0.0257236796 0.00702451661 0 0.0266655494 0.00745304214 1
353 676 0 0.0257786746 0.00741298181 0 0.0268233548 0.00269629044 1
357 676 0 0.025836658 0.00780880822 0 0.0269909315 -0.00271139174 1
361 676 0 0.0258976816 0.00821079415 0 0.0271681257 -0.00880751967 1
365 676 0 0.0259617872 0.00861761306 0 0.0273546641 -0.0156284004 1
369 676 0 0.0260290062 0.00902781427 0 0.0275501469 -0.0232087391 1
373 676 0 0.0260993585 0.00943982474 0 0.0277540412 -0.0315812301 1
377 676 0 0.0261728514 0.0098519521 0 0.0279656774 -0.0407761351 1
381 676 0 0.0262494792 0.0102623889 0 0.0281842471 -0.050820853 1
385 676 0 0.0263292215 0.0106692183 0 0.0284088037 -0.0617394855 1
389 676 0 0.0264120435 0.0110704207 0 0.0286382655 -0.0735524021 1
393 676 0 0.026497894 0.0114638822 0 0.0288714216 -0.0862758107 1
397 676 0 0.0265867059 0.0118474044 0 0.0291069394 -0.0999213377 1
401 676 0 0.0266783949 0.0122187148 0 0.0293433765 -0.114495623 1
405 676 0 0.0267728589 0.0125754795 0 0.029579193 -0.129999938 1
409 676 0 0.0268699783 0.0129153165 0 0.0298127679 -0.146429824 1
413 676 0 0.0269696146 0.0132358104 0 0.0300424165 -0.163774771 1
417 676 0 0.0270716115 0.0135345284 0 0.0302664105 -0.182017923 1
421 676 0 0.0271757936 0.0138090367 0 0.0304829994 -0.201135839 1
425 676 0 0.0272819673 0.0140569184 0 0.0306904333 -0.221098288 1
429 676 0 0.0273899206 0.0142757923 0 0.0308869875 -0.241868106 1
433 676 0 0.0274994236 0.0144633311 0 0.0310709872 -0.263401105 1
437 676 0 0.0276102289 0.0146172817 0 0.0312408333 -0.285646048 1
441 676 0 0.0277220723 0.0147354848 0 0.0313950283 -0.308544678 1
445 676 0 0.0278346736 0.0148158941 0 0.0315322021 -0.332031829 1
449 676 0 0.0279477375 0.0148565968 0 0.0316511374 -0.356035591 1
453 676 0 0.0280609545 0.0148558326 0 0.0317507942 -0.380477554 1
457 676 0 0.0281740027 0.0148120125 0 0.0318303337 -0.405273121 1
461 676 0 0.0282865485 0.0147237371 0 0.0318891401 -0.430331891 1
465 676 0 0.0283982484 0.0145898133 0 0.0319268409 -0.45555811 1
469 676 0 0.028508751 0.0144092708 0 0.0319433243 -0.480851193 1
473 676 0 0.028617698 0.0141813762 0 0.031938755 -0.506106303 1
477 676 0 0.0287247267 0.0139056462 0 0.0319135851 -0.531214997 1
481 676 0 0.0288294715 0.0135818589 0 0.0318685631 -0.556065925 1
485 676 0 0.0289315664 0.013210063 0 0.031804737 -0.580545574 1
489 676 0 0.0290306466 0.0127905851 0 0.0317234536 -0.604539063 1
493 676 0 0.0291263509 0.0123240348 0 0.0316263522 -0.62793097 1
497 676 0 0.0292183241 0.0118113074 0 0.0315153525 -0.650606184 1
501 676 0 0.0293062185 0.0112535843 0 0.0313926361 -0.672450783 1
505 676 0 0.0293896967 0.0106523306 0 0.0312606209 -0.693352918 1
509 676 0 0.0294684336 0.0100092912 0 0.0311219293 -0.713203701 1
513 676 0 0.0295421182 0.00932648271 0 0.0309793484 -0.731898086 1
517 676 0 0.0296104562 0.00860618482 0 0.0308357833 -0.749335731 1
521 676 0 0.0296731713 0.00785092772 0 0.030694204 -0.765421837 1
525 676 0 0.0297300076 0.00706347796 0 0.0305575861 -0.780067942 1
529 676 0 0.029780731 0.00624682187 0 0.0304288469 -0.793192685 1
533 676 0 0.0298251311 0.00540414687 0 0.0303107778 -0.804722503 1
537 676 0 0.0298630224 0.00453882089 0 0.0302059762 -0.814592272 1
541 676 0 0.0298942455 0.00365437 0 0.0301167783 -0.822745877 1
545 676 0 0.0299186687 0.00275445449 0 0.0300451953 -0.82913671 1
549 676 0 0.0299361885 0.00184284369 0 0.0299928567 -0.833728082 1
553 676 0 0.0299467302 0.000923389645 0 0.0299609629 -0.83649355 1
557 676 0 0.0299502492 -0 0 0.0299502492 -0.837417151 1
561 676 0 0.0299467302 -0.000923389645 0 0.0299609629 -0.83649355 1
565 676 0 0.0299361885 -0.00184284369 0 0.0299928567 -0.833728082 1
569 676 0 0.0299186687 -0.00275445449 0 0.0300451953 -0.82913671 1
573 676 0 0.0298942455 -0.00365437 0 0.0301167783 -0.822745877 1
577 676 0 0.0298630224 -0.00453882089 0 0.0302059762 -0.814592272 1
581 676 0 0.0298251311 -0.00540414687 0 0.0303107778 -0.804722503 1
585 676 0 0.029780731 -0.00624682187 0 0.0304288469 -0.793192685 1
589 676 0 0.0297300076 -0.00706347796 0 0.0305575861 -0.780067942 1
593 676 0 0.0296731713 -0.00785092772 0 0.030694204 -0.765421837 1
597 676 0 0.0296104562 -0.00860618482 0 0.0308357833 -0.749335731 1
601 676 0 0.0295421182 -0.00932648271 0 0.0309793484 -0.731898086 1
605 676 0 0.0294684336 -0.0100092912 0 0.0311219293 -0.713203701 1
609 676 0 0.0293896967 -0.0106523306 0 0.0312606209 -0.693352918 1
613 676 0 0.0293062185 -0.0112535843 0 0.0313926361 -0.672450783 1
617 676 0 0.0292183241 -0.0118113074 0 0.0315153525 -0.650606184 1
621 676 0 0.0291263509 -0.0123240348 0 0.0316263522 -0.62793097 1
625 676 0 0.0290306466 -0.0127905851 0 0.0317234536 -0.604539063 1
629 676 0 0.0289315664 -0.013210063 0 0.031804737 -0.580545574 1
633 676 0 0.0288294715 -0.0135818589 0 0.0318685631 -0.556065925 1
637 676 0 0.0287247267 -0.0139056462 0 0.0319135851 -0.531214997 1
641 676 0 0.028617698 -0.0141813762 0 0.031938755 -0.506106303 1
645 676 0 0.028508751 -0.0144092708 0 0.0319433243 -0.480851193 1
649 676 0 0.0283982484 -0.0145898133 0 0.0319268409 -0.45555811 1
653 676 0 0.0282865485 -0.0147237371 0 0.0318891401 -0.430331891 1
657 676 0 0.0281740027 -0.0148120125 0 0.0318303337 -0.405273121 1
661 676 0 0.0280609545 -0.0148558326 0 0.0317507942 -0.380477554 1
665 676 0 0.0279477375 -0.0148565968 0 0.0316511374 -0.356035591 1
669 676 0 0.0278346736 -0.0148158941 0 0.0315322021 -0.332031829 1
673 676 0 0.0277220723 -0.0147354848 0 0.0313950283 -0.308544678 1
677 676 0 0.0276102289 -0.0146172817 0 0.0312408333 -0.285646048 1
681 676 0 0.0274994236 -0.0144633311 0 0.0310709872 -0.263401105 1
685 676 0 0.0273899206 -0.0142757923 0 0.0308869875 -0.241868106 1
689 676 0 0.0272819673 -0.0140569184 0 0.0306904333 -0.221098288 1
693 676 0 0.0271757936 -0.0138090367 0 0.0304829994 -0.201135839 1
697 676 0 0.0270716115 -0.0135345284 0 0.0302664105 -0.182017923 1
701 676 0 0.0269696146 -0.0132358104 0 0.0300424165 -0.163774771 1
705 676 0 0.0268699783 -0.0129153165 0 0.0298127679 -0.146429824 1
709 676 0 0.0267728589 -0.0125754795 0 0.029579193 -0.129999938 1
713 676 0 0.0266783949 -0.0122187148 0 0.0293433765 -0.114495623 1
717 676 0 0.0265867059 -0.0118474044 0 0.0291069394 -0.0999213377 1
721 676 0 0.026497894 -0.0114638822 0 0.0288714216 -0.0862758107 1
725 676 0 0.0264120435 -0.0110704207 0 0.0286382655 -0.0735524021 1
729 676 0 0.0263292215 -0.0106692183 0 0.0284088037 -0.0617394855 1
733 676 0 0.0262494792 -0.0102623889 0 0.0281842471 -0.050820853 1
737 676 0 0.0261728514 -0.0098519521 0 0.0279656774 -0.0407761351 1
741 676 0 0.0260993585 -0.00943982474 0 0.0277540412 -0.0315812301 1
745 676 0 0.0260290062 -0.00902781427 0 0.0275501469 -0.0232087391 1
749 676 0 0.0259617872 -0.00861761306 0 0.0273546641 -0.0156284004 1
753 676 0 0.0258976816 -0.00821079415 0 0.0271681257 -0.00880751967 1
757 676 0 0.025836658 -0.00780880822 0 0.0269909315 -0.00271139174 1
761 676 0 0.0257786746 -0.00741298181 0 0.0268233548 0.00269629044 1
765 676 0 0.0257236796 -0.00702451661 0 0.0266655494 0.00745304214 1
769 676 0 0.0256716129 -0.00664448994 0 0.0265175593 0.011597212 1
773 676 0 0.0256224064 -0.00627385611 0 0.0263793286 0.0151676281 1
777 676 0 0.0255759853 -0.00591344873 0 0.0262507123 0.0182032677 1
781 676 0 0.0255322689 -0.00556398387 0 0.0261314881 0.0207429514 1
785 676 0 0.0254911714 -0.00522606391 0 0.0260213675 0.0228250633 1
789 676 0 0.025452603 -0.00490018207 0 0.0259200074 0.0244872987 1
793 676 0 0.0254164704 -0.00458672744 0 0.0258270214 0.0257664381 1
797 676 0 0.0253826777 -0.00428599054 0 0.0257419899 0.0266981494 1
801 676 0 0.0253511273 -0.00399816917 0 0.0256644698 0.0273168172 1
805 676 0 0.0253217202 -0.00372337458 0 0.0255940038 0.0276553981 1
809 676 0 0.025294357 -0.00346163789 0 0.0255301279 0.0277453024 1
813 676 0 0.0252689383 -0.00321291653 0 0.0254723787 0.0276163005 1
817 676 0 0.0252453655 -0.00297710084 0 0.0254202991 0.0272964523 1
821 676 0 0.0252235406 -0.00275402057 0 0.0253734434 0.0268120594 1
825 676 0 0.0252033676 -0.00254345138 0 0.0253313814 0.0261876369 1
829 676 0 0.0251847522 -0.00234512113 0 0.0252937015 0.0254459054 1
833 676 0 0.0251676022 -0.00215871607 0 0.025260013 0.0246077989 1
837 676 0 0.0251518281 -0.00198388675 0 0.0252299477 0.0236924888 1
841 676 0 0.0251373431 -0.00182025371 0 0.0252031613 0.0227174215 1
845 676 0 0.0251240635 -0.00166741287 0 0.0251793334 0.0216983679 1
849 676 0 0.0251119086 -0.0015249406 0 0.0251581676 0.0206494829 1
853 676 0 0.025100801 -0.00139239847 0 0.0251393911 0.0195833736 1
857 676 0 0.025090667 -0.00126933767 0 0.0251227544 0.0185111743 1
861 676 0 0.0250814358 -0.00115530305 0 0.0251080296 0.017442627 1
253 680 0 0.0251206363 0.00114095165 0 0.0251465334 0.0174772769 1
257 680 0 0.025134311 0.0012535697 0 0.0251655524 0.0185610395 1
261 680 0 0.0251493233 0.00137510182 0 0.0251868888 0.0196511953 1
265 680 0 0.0251657776 0.00150599748 0 0.0252107991 0.020738341 1
269 680 0 0.0251837835 0.00164669994 0 0.0252375627 0.0218117087 1
273 680 0 0.0252034555 0.00179764216 0 0.0252674828 0.0228590868 1
277 680 0 0.025224913 0.00195924251 0 0.0253008867 0.0238667448 1
281 680 0 0.0252482803 0.00213190007 0 0.0253381265 0.0248193665 1
285 680 0 0.0252736857 0.00231598957 0 0.0253795784 0.02569999 1
289 680 0 0.0253012621 0.00251185612 0 0.0254256422 0.0264899582 1
293 680 0 0.0253311456 0.00271980958 0 0.0254767404 0.0271688814 1
297 680 0 0.0253634762 0.0029401187 0 0.025533316 0.0277146125 1
301 680 0 0.0253983963 0.00317300504 0 0.0255958296 0.0281032376 1
305 680 0 0.0254360506 0.00341863673 0 0.0256647569 0.0283090835 1
309 680 0 0.0254765855 0.00367712208 0 0.0257405835 0.0283047437 1
313 680 0 0.0255201482 0.00394850311 0 0.0258237999 0.0280611244 1
317 680 0 0.025566886 0.00423274911 0 0.0259148959 0.0275475123 1
321 680 0 0.0256169454 0.0045297502 0 0.0260143524 0.0267316652 1
325 680 0 0.025670471 0.00483931103 0 0.0261226342 0.0255799273 1
329 680 0 0.025727605 0.0051611447 0 0.0262401805 0.0240573696 1
333 680 0 0.0257884854 0.00549486695 0 0.0263673954 0.0221279561 1
337 680 0 0.0258532454 0.00583999069 0 0.0265046371 0.0197547376 1
341 680 0 0.0259220121 0.00619592102 0 0.0266522072 0.0169000712 1
345 680 0 0.0259949049 0.00656195076 0 0.0268103391 0.0135258677 1
349 680 0 0.0260720349 0.00693725666 0 0.026979187 0.00959386491 1
353 680 0 0.0261535026 0.00732089627 0 0.0271588147 0.00506592692 1
357 680 0 0.0262393973 0.00771180565 0 0.027349185 -9.56325106e-05 1
361 680 0 0.0263297956 0.00810879803 0 0.0275501496 -0.00592770341 1
365 680 0 0.0264247595 0.00851056335 0 0.0277614409 -0.0124660123 1
369 680 0 0.0265243355 0.00891566896 0 0.0279826648 -0.0197447365 1
373 680 0 0.026628553 0.00932256135 0 0.0282132945 -0.0277961029 1
377 680 0 0.0267374231 0.00972956919 0 0.0284526679 -0.0366499744 1
381 680 0 0.0268509368 0.0101349075 0 0.0286999853 -0.0463334278 1
385 680 0 0.0269690645 0.0105366831 0 0.0289543111 -0.0568703275 1
389 680 0 0.0270917542 0.0109329017 0 0.0292145765 -0.0682808983 1
393 680 0 0.0272189303 0.0113214756 0 0.0294795858 -0.0805813039 1
397 680 0 0.0273504934 0.0117002336 0 0.0297480243 -0.0937832338 1
401 680 0 0.0274863183 0.0120669315 0 0.0300184698 -0.107893506 1
405 680 0 0.0276262542 0.0124192644 0 0.0302894049 -0.12291369 1
409 680 0 0.0277701235 0.0127548798 0 0.030559233 -0.138839753 1
413 680 0 0.0279177215 0.0130713925 0 0.0308262953 -0.155661741 1
417 680 0 0.0280688163 0.0133663998 0 0.0310888901 -0.173363493 1
421 680 0 0.0282231482 0.0136374981 0 0.0313452938 -0.191922398 1
425 680 0 0.0283804303 0.0138823006 0 0.0315937826 -0.211309198 1
429 680 0 0.0285403488 0.0140984555 0 0.0318326555 -0.231487846 1
433 680 0 0.0287025629 0.0142836647 0 0.0320602588 -0.252415412 1
437 680 0 0.0288667061 0.014435703 0 0.0322750096 -0.274042058 1
441 680 0 0.0290323873 0.0145524376 0 0.0324754207 -0.296311068 1
445 680 0 0.0291991911 0.0146318481 0 0.0326601246 -0.319158949 1
449 680 0 0.0293666801 0.0146720452 0 0.0328278968 -0.342515595 1
453 680 0 0.0295343961 0.0146712905 0 0.0329776791 -0.366304527 1
457 680 0 0.0297018619 0.0146280148 0 0.0331086003 -0.390443191 1
461 680 0 0.0298685834 0.0145408359 0 0.0332199968 -0.41484334 1
465 680 0 0.0300340521 0.0144085757 0 0.0333114296 -0.439411468 1
469 680 0 0.0301977469 0.014230276 0 0.0333827002 -0.464049324 1
473 680 0 0.0303591374 0.0140052123 0 0.033433863 -0.48865448 1
477 680 0 0.030517686 0.0137329075 0 0.0334652343 -0.51312096 1
481 680 0 0.0306728515 0.0134131423 0 0.0334773985 -0.537339922 1
485 680 0 0.0308240915 0.0130459649 0 0.0334712088 -0.561200397 1
489 680 0 0.0309708656 0.0126316979 0 0.0334477848 -0.584590055 1
493 680 0 0.0311126389 0.0121709432 0 0.0334085043 -0.607396022 1
497 680 0 0.0312488848 0.011664585 0 0.0333549898 -0.629505715 1
501 680 0 0.0313790887 0.01111379 0 0.0332890903 -0.650807698 1
505 680 0 0.0315027505 0.0105200053 0 0.033212856 -0.671192553 1
509 680 0 0.0316193887 0.00988495375 0 0.0331285081 -0.690553749 1
513 680 0 0.0317285427 0.00921062728 0 0.033038403 -0.708788505 1
517 680 0 0.0318297762 0.00849927708 0 0.03294499 -0.725798633 1
521 680 0 0.0319226803 0.00775340193 0 0.032850765 -0.741491363 1
525 680 0 0.0320068757 0.00697573403 0 0.0327582197 -0.755780125 1
529 680 0 0.0320820157 0.0061692226 0 0.0326697879 -0.768585288 1
533 680 0 0.0321477886 0.00533701548 0 0.0325877898 -0.779834854 1
537 680 0 0.0322039194 0.00448243875 0 0.0325143766 -0.789465079 1
541 680 0 0.0322501724 0.00360897469 0 0.0324514763 -0.797421038 1
545 680 0 0.0322863521 0.00272023811 0 0.0324007442 -0.803657108 1
549 680 0 0.0323123052 0.00181995152 0 0.0323635179 -0.808137377 1
553 680 0 0.0323279215 0.000911919115 0 0.0323407808 -0.810835957 1
557 680 0 0.0323331343 -0 0 0.0323331343 -0.811737225 1
561 680 0 0.0323279215 -0.000911919115 0 0.0323407808 -0.810835957 1
565 680 0 0.0323123052 -0.00181995152 0 0.0323635179 -0.808137377 1
569 680 0 0.0322863521 -0.00272023811 0 0.0324007442 -0.803657108 1
573 680 0 0.0322501724 -0.00360897469 0 0.0324514763 -0.797421038 1
577 680 0 0.0322039194 -0.00448243875 0 0.0325143766 -0.789465079 1
581 680 0 0.0321477886 -0.00533701548 0 0.0325877898 -0.779834854 1
585 680 0 0.0320820157 -0.0061692226 0 0.0326697879 -0.768585288 1
589 680 0 0.0320068757 -0.00697573403 0 0.0327582197 -0.755780125 1
593 680 0 0.0319226803 -0.00775340193 0 0.032850765 -0.741491363 1
597 680 0 0.0318297762 -0.00849927708 0 0.03294499 -0.725798633 1
601 680 0 0.0317285427 -0.00921062728 0 0.033038403 -0.708788505 1
605 680 0 0.0316193887 -0.00988495375 0 0.0331285081 -0.690553749 1
609 680 0 0.0315027505 -0.0105200053 0 0.033212856 -0.671192553 1
613 680 0 0.0313790887 -0.01111379 0 0.0332890903 -0.650807698 1
617 680 0 0.0312488848 -0.011664585 0 0.0333549898 -0.629505715 1
621 680 0 0.0311126389 -0.0121709432 0 0.0334085043 -0.607396022 1
625 680 0 0.0309708656 -0.0126316979 0 0.0334477848 -0.584590055 1
629 680 0 0.0308240915 -0.0130459649 0 0.0334712088 -0.561200397 1
633 680 0 0.0306728515 -0.0134131423 0 0.0334773985 -0.537339922 1
637 680 0 0.030517686 -0.0137329075 0 0.0334652343 -0.51312096 1
641 680 0 0.0303591374 -0.0140052123 0 0.033433863 -0.48865448 1
645 680 0 0.0301977469 -0.014230276 0 0.0333827002 -0.464049324 1
649 680 0 0.0300340521 -0.0144085757 0 0.0333114296 -0.439411468 1
653 680 0 0.0298685834 -0.0145408359 0 0.0332199968 -0.41484334 1
657 680 0 0.0297018619 -0.0146280148 0 0.0331086003 -0.390443191 1
661 680 0 0.0295343961 -0.0146712905 0 0.0329776791 -0.366304527 1
665 680 0 0.0293666801 -0.0146720452 0 0.0328278968 -0.342515595 1
669 680 0 0.0291991911 -0.0146318481 0 0.0326601246 -0.319158949 1
673 680 0 0.0290323873 -0.0145524376 0 0.0324754207 -0.296311068 1
677 680 0 0.0288667061 -0.014435703 0 0.0322750096 -0.274042058 1
681 680 0 0.0287025629 -0.0142836647 0 0.0320602588 -0.252415412 1
685 680 0 0.0285403488 -0.0140984555 0 0.0318326555 -0.231487846 1
689 680 0 0.0283804303 -0.0138823006 0 0.0315937826 -0.211309198 1
693 680 0 0.0282231482 -0.0136374981 0 0.0313452938 -0.191922398 1
697 680 0 0.0280688163 -0.0133663998 0 0.0310888901 -0.173363493 1
701 680 0 0.0279177215 -0.0130713925 0 0.0308262953 -0.155661741 1
705 680 0 0.0277701235 -0.0127548798 0 0.030559233 -0.138839753 1
709 680 0 0.0276262542 -0.0124192644 0 0.0302894049 -0.12291369 1
713 680 0 0.0274863183 -0.0120669315 0 0.0300184698 -0.107893506 1
717 680 0 0.0273504934 -0.0117002336 0 0.0297480243 -0.0937832338 1
721 680 0 0.0272189303 -0.0113214756 0 0.0294795858 -0.0805813039 1
725 680 0 0.0270917542 -0.0109329017 0 0.0292145765 -0.0682808983 1
729 680 0 0.0269690645 -0.0105366831 0 0.0289543111 -0.0568703275 1
733 680 0 0.0268509368 -0.0101349075 0 0.0286999853 -0.0463334278 1
737 680 0 0.0267374231 -0.00972956919 0 0.0284526679 -0.0366499744 1
741 680 0 0.026628553 -0.00932256135 0 0.0282132945 -0.0277961029 1
745 680 0 0.0265243355 -0.00891566896 0 0.0279826648 -0.0197447365 1
749 680 0 0.0264247595 -0.00851056335 0 0.0277614409 -0.0124660123 1
753 680 0 0.0263297956 -0.00810879803 0 0.0275501496 -0.00592770341 1
757 680 0 0.0262393973 -0.00771180565 0 0.027349185 -9.56325106e-05 1
761 680 0 0.0261535026 -0.00732089627 0 0.0271588147 0.00506592692 1
765 680 0 0.0260720349 -0.00693725666 0 0.026979187 0.00959386491 1
769 680 0 0.0259949049 -0.00656195076 0 0.0268103391 0.0135258677 1
773 680 0 0.0259220121 -0.00619592102 0 0.0266522072 0.0169000712 1
777 680 0 0.0258532454 -0.00583999069 0 0.0265046371 0.0197547376 1
781 680 0 0.0257884854 -0.00549486695 0 0.0263673954 0.0221279561 1
785 680 0 0.025727605 -0.0051611447 0 0.0262401805 0.0240573696 1
789 680 0 0.025670471 -0.00483931103 0 0.0261226342 0.0255799273 1
793 680 0 0.0256169454 -0.0045297502 0 0.0260143524 0.0267316652 1
797 680 0 0.025566886 -0.00423274911 0 0.0259148959 0.0275475123 1
801 680 0 0.0255201482 -0.00394850311 0 0.0258237999 0.0280611244 1
805 680 0 0.0254765855 -0.00367712208 0 0.0257405835 0.0283047437 1
809 680 0 0.0254360506 -0.00341863673 0 0.0256647569 0.0283090835 1
813 680 0 0.0253983963 -0.00317300504 0 0.0255958296 0.0281032376 1
817 680 0 0.0253634762 -0.0029401187 0 0.025533316 0.0277146125 1
821 680 0 0.0253311456 -0.00271980958 0 0.0254767404 0.0271688814 1
825 680 0 0.0253012621 -0.00251185612 0 0.0254256422 0.0264899582 1
829 680 0 0.0252736857 -0.00231598957 0 0.0253795784 0.02569999 1
833 680 0 0.0252482803 -0.00213190007 0 0.0253381265 0.0248193665 1
837 680 0 0.025224913 -0.00195924251 0 0.0253008867 0.0238667448 1
841 680 0 0.0252034555 -0.00179764216 0 0.0252674828 0.0228590868 1
845 680 0 0.0251837835 -0.00164669994 0 0.0252375627 0.0218117087 1
849 680 0 0.0251657776 -0.00150599748 0 0.0252107991 0.020738341 1
853 680 0 0.0251493233 -0.00137510182 0 0.0251868888 0.0196511953 1
857 680 0 0.025134311 -0.0012535697 0 0.0251655524 0.0185610395 1
861 680 0 0.0251206363 -0.00114095165 0 0.0251465334 0.0174772769 1
253 684 0 0.0251580581 0.00112115869 0 0.0251830277 0.0175198372 1
257 684 0 0.0251759747 0.00123182307 0 0.0252060923 0.0186239916 1
261 684 0 0.0251956439 0.00135124687 0 0.0252318516 0.0197382619 1
265 684 0 0.0252172023 0.00147987179 0 0.0252605881 0.0208537072 1
269 684 0 0.0252407937 0.00161813338 0 0.025292608 0.0219600605 1
273 684 0 0.025266568 0.00176645709 0 0.0253282417 0.0230456501 1
277 684 0 0.0252946817 0.00192525404 0 0.0253678444 0.0240973265 1
281 684 0 0.0253252976 0.00209491637 0 0.0254117959 0.0251003944 1
285 684 0 0.0253585839 0.00227581233 0 0.0254605007 0.0260385548 1
289 684 0 0.0253947145 0.00246828103 0 0.0255143868 0.0268938545 1
293 684 0 0.025433868 0.00267262696 0 0.0255739042 0.0276466483 1
297 684 0 0.0254762276 0.00288911421 0 0.0256395233 0.0282755738 1
301 684 0 0.02552198 0.0031179605 0 0.0257117316 0.0287575405 1
305 684 0 0.0255713148 0.00335933103 0 0.0257910303 0.0290677353 1
309 684 0 0.0256244238 0.00361333223 0 0.02587793 0.0291796467 1
313 684 0 0.0256814998 0.00388000541 0 0.025972945 0.0290651074 1
317 684 0 0.0257427358 0.00415932038 0 0.026076587 0.0286943591 1
321 684 0 0.0258083237 0.00445116916 0 0.0261893581 0.0280361386 1
325 684 0 0.0258784532 0.0047553598 0 0.0263117423 0.027057789 1
329 684 0 0.0259533102 0.00507161038 0 0.0264441968 0.0257253941 1
333 684 0 0.0260330759 0.00539954329 0 0.0265871418 0.0240039391 1
337 684 0 0.0261179247 0.00573867991 0 0.0267409505 0.0218574973 1
341 684 0 0.0262080229 0.00608843564 0 0.0269059383 0.0192494429 1
345 684 0 0.0263035274 0.00644811559 0 0.0270823512 0.0161426903 1
349 684 0 0.0264045833 0.00681691077 0 0.0272703555 0.0124999587 1
353 684 0 0.0265113225 0.00719389508 0 0.0274700263 0.00828406238 1
357 684 0 0.0266238621 0.00757802306 0 0.0276813379 0.00345822481 1
361 684 0 0.0267423022 0.00796812851 0 0.0279041537 -0.00201358505 1
365 684 0 0.0268667241 0.00836292411 0 0.0281382189 -0.00816629583 1
369 684 0 0.0269971889 0.00876100203 0 0.0283831529 -0.0150333587 1
373 684 0 0.027133735 0.00916083575 0 0.0286384442 -0.0226463573 1
377 684 0 0.0272763769 0.00956078291 0 0.028903448 -0.0310346048 1
381 684 0 0.027425103 0.0099590895 0 0.029177384 -0.0402247337 1
385 684 0 0.0275798742 0.0103538952 0 0.0294593382 -0.0502402796 1
389 684 0 0.0277406225 0.0107432403 0 0.0297482663 -0.0611012656 1
393 684 0 0.0279072491 0.0111250733 0 0.0300429993 -0.0728237909 1
397 684 0 0.0280796234 0.0114972607 0 0.0303422519 -0.0854196282 1
401 684 0 0.0282575816 0.0118575972 0 0.030644633 -0.0988958353 1
405 684 0 0.0284409261 0.0122038179 0 0.0309486583 -0.113254387 1
409 684 0 0.0286294241 0.0125336112 0 0.0312527652 -0.128491829 1
413 684 0 0.0288228075 0.0128446331 0 0.0315553297 -0.144598967 1
417 684 0 0.0290207722 0.0131345226 0 0.0318546842 -0.161560585 1
421 684 0 0.0292229783 0.013400918 0 0.0321491379 -0.179355208 1
425 684 0 0.0294290499 0.0136414737 0 0.0324369971 -0.197954909 1
429 684 0 0.0296385755 0.0138538788 0 0.0327165878 -0.217325165 1
433 684 0 0.0298511089 0.014035875 0 0.0329862773 -0.237424768 1
437 684 0 0.0300661699 0.0141852758 0 0.0332444976 -0.258205794 1
441 684 0 0.0302832458 0.0142999854 0 0.033489768 -0.279613633 1
445 684 0 0.0305017927 0.0143780182 0 0.0337207171 -0.301587083 1
449 684 0 0.0307212373 0.014417518 0 0.0339361053 -0.324058509 1
453 684 0 0.0309409793 0.0144167764 0 0.034134845 -0.34695407 1
457 684 0 0.0311603935 0.0143742514 0 0.0343160199 -0.370194014 1
461 684 0 0.0313788325 0.0142885849 0 0.0344789035 -0.393693039 1
465 684 0 0.03159563 0.0141586192 0 0.0346229741 -0.417360721 1
469 684 0 0.0318101035 0.0139834125 0 0.0347479281 -0.441102005 1
473 684 0 0.0320215577 0.0137622532 0 0.0348536909 -0.46481776 1
477 684 0 0.0322292887 0.0134946722 0 0.034940424 -0.488405389 1
481 684 0 0.032432587 0.0131804543 0 0.0350085286 -0.511759492 1
485 684 0 0.032630742 0.0128196466 0 0.0350586461 -0.534772576 1
489 684 0 0.0328230459 0.0124125662 0 0.0350916535 -0.557335811 1
493 684 0 0.0330087977 0.0119598045 0 0.0351086549 -0.579339814 1
497 684 0 0.0331873075 0.0114622305 0 0.0351109685 -0.600675463 1
501 684 0 0.033357901 0.0109209906 0 0.0351001082 -0.621234731 1
505 684 0 0.0335199231 0.0103375067 0 0.0350777606 -0.640911531 1
509 684 0 0.0336727428 0.00971347191 0 0.0350457578 -0.659602561 1
513 684 0 0.0338157566 0.00905084349 0 0.0350060447 -0.677208141 1
517 684 0 0.0339483932 0.00835183362 0 0.0349606425 -0.693633039 1
521 684 0 0.0340701164 0.00761889774 0 0.0349116088 -0.708787266 1
525 684 0 0.0341804294 0.00685472064 0 0.0348609947 -0.72258684 1
529 684 0 0.0342788781 0.00606220038 0 0.0348107995 -0.734954506 1
533 684 0 0.0343650539 0.00524443019 0 0.0347629253 -0.745820407 1
537 684 0 0.0344385967 0.00440467846 0 0.0347191321 -0.755122694 1
541 684 0 0.0344991974 0.00354636704 0 0.034680994 -0.762808071 1
545 684 0 0.0345466002 0.00267304806 0 0.0346498596 -0.768832266 1
549 684 0 0.0345806041 0.00178837943 0 0.0346268174 -0.773160428 1
553 684 0 0.0346010645 0.000896099357 0 0.0346126662 -0.775767437 1
557 684 0 0.0346078944 -0 0 0.0346078944 -0.77663813 1
561 684 0 0.0346010645 -0.000896099357 0 0.0346126662 -0.775767437 1
565 684 0 0.0345806041 -0.00178837943 0 0.0346268174 -0.773160428 1
569 684 0 0.0345466002 -0.00267304806 0 0.0346498596 -0.768832266 1
573 684 0 0.0344991974 -0.00354636704 0 0.034680994 -0.762808071 1
577 684 0 0.0344385967 -0.00440467846 0 0.0347191321 -0.755122694 1
581 684 0 0.0343650539 -0.00524443019 0 0.0347629253 -0.745820407 1
585 684 0 0.0342788781 -0.00606220038 0 0.0348107995 -0.734954506 1
589 684 0 0.0341804294 -0.00685472064 0 0.0348609947 -0.72258684 1
593 684 0 0.0340701164 -0.00761889774 0 0.0349116088 -0.708787266 1
597 684 0 0.0339483932 -0.00835183362 0 0.0349606425 -0.693633039 1
601 684 0 0.0338157566 -0.00905084349 0 0.0350060447 -0.677208141 1
605 684 0 0.0336727428 -0.00971347191 0 0.0350457578 -0.659602561 1
609 684 0 0.0335199231 -0.0103375067 0 0.0350777606 -0.640911531 1
613 684 0 0.033357901 -0.0109209906 0 0.0351001082 -0.621234731 1
617 684 0 0.0331873075 -0.0114622305 0 0.0351109685 -0.600675463 1
621 684 0 0.0330087977 -0.0119598045 0 0.0351086549 -0.579339814 1
625 684 0 0.0328230459 -0.0124125662 0 0.0350916535 -0.557335811 1
629 684 0 0.032630742 -0.0128196466 0 0.0350586461 -0.534772576 1
633 684 0 0.032432587 -0.0131804543 0 0.0350085286 -0.511759492 1
637 684 0 0.0322292887 -0.0134946722 0 0.034940424 -0.488405389 1
641 684 0 0.0320215577 -0.0137622532 0 0.0348536909 -0.46481776 1
645 684 0 0.0318101035 -0.0139834125 0 0.0347479281 -0.441102005 1
649 684 0 0.03159563 -0.0141586192 0 0.0346229741 -0.417360721 1
653 684 0 0.0313788325 -0.0142885849 0 0.0344789035 -0.393693039 1
657 684 0 0.0311603935 -0.0143742514 0 0.0343160199 -0.370194014 1
661 684 0 0.0309409793 -0.0144167764 0 0.034134845 -0.34695407 1
665 684 0 0.0307212373 -0.014417518 0 0.0339361053 -0.324058509 1
669 684 0 0.0305017927 -0.0143780182 0 0.0337207171 -0.301587083 1
673 684 0 0.0302832458 -0.0142999854 0 0.033489768 -0.279613633 1
677 684 0 0.0300661699 -0.0141852758 0 0.0332444976 -0.258205794 1
681 684 0 0.0298511089 -0.014035875 0 0.0329862773 -0.237424768 1
685 684 0 0.0296385755 -0.0138538788 0 0.0327165878 -0.217325165 1
689 684 0 0.0294290499 -0.0136414737 0 0.0324369971 -0.197954909 1
693 684 0 0.0292229783 -0.013400918 0 0.0321491379 -0.179355208 1
697 684 0 0.0290207722 -0.0131345226 0 0.0318546842 -0.161560585 1
701 684 0 0.0288228075 -0.0128446331 0 0.0315553297 -0.144598967 1
705 684 0 0.0286294241 -0.0125336112 0 0.0312527652 -0.128491829 1
709 684 0 0.0284409261 -0.0122038179 0 0.0309486583 -0.113254387 1
713 684 0 0.0282575816 -0.0118575972 0 0.030644633 -0.0988958353 1
717 684 0 0.0280796234 -0.0114972607 0 0.0303422519 -0.0854196282 1
721 684 0 0.0279072491 -0.0111250733 0 0.0300429993 -0.0728237909 1
725 684 0 0.0277406225 -0.0107432403 0 0.0297482663 -0.0611012656 1
729 684 0 0.0275798742 -0.0103538952 0 0.0294593382 -0.0502402796 1
733 684 0 0.027425103 -0.0099590895 0 0.029177384 -0.0402247337 1
737 684 0 0.0272763769 -0.00956078291 0 0.028903448 -0.0310346048 1
741 684 0 0.027133735 -0.00916083575 0 0.0286384442 -0.0226463573 1
745 684 0 0.0269971889 -0.00876100203 0 0.0283831529 -0.0150333587 1
749 684 0 0.0268667241 -0.00836292411 0 0.0281382189 -0.00816629583 1
753 684 0 0.0267423022 -0.00796812851 0 0.0279041537 -0.00201358505 1
757 684 0 0.0266238621 -0.00757802306 0 0.0276813379 0.00345822481 1
761 684 0 0.0265113225 -0.00719389508 0 0.0274700263 0.00828406238 1
765 684 0 0.0264045833 -0.00681691077 0 0.0272703555 0.0124999587 1
769 684 0 0.0263035274 -0.00644811559 0 0.0270823512 0.0161426903 1
773 684 0 0.0262080229 -0.00608843564 0 0.0269059383 0.0192494429 1
777 684 0 0.0261179247 -0.00573867991 0 0.0267409505 0.0218574973 1
781 684 0 0.0260330759 -0.00539954329 0 0.0265871418 0.0240039391 1
785 684 0 0.0259533102 -0.00507161038 0 0.0264441968 0.0257253941 1
789 684 0 0.0258784532 -0.0047553598 0 0.0263117423 0.027057789 1
793 684 0 0.0258083237 -0.00445116916 0 0.0261893581 0.0280361386 1
797 684 0 0.0257427358 -0.00415932038 0 0.026076587 0.0286943591 1
801 684 0 0.0256814998 -0.00388000541 0 0.025972945 0.0290651074 1
805 684 0 0.0256244238 -0.00361333223 0 0.02587793 0.0291796467 1
809 684 0 0.0255713148 -0.00335933103 0 0.0257910303 0.0290677353 1
813 684 0 0.02552198 -0.0031179605 0 0.0257117316 0.0287575405 1
817 684 0 0.0254762276 -0.00288911421 0 0.0256395233 0.0282755738 1
821 684 0 0.025433868 -0.00267262696 0 0.0255739042 0.0276466483 1
825 684 0 0.0253947145 -0.00246828103 0 0.0255143868 0.0268938545 1
829 684 0 0.0253585839 -0.00227581233 0 0.0254605007 0.0260385548 1
833 684 0 0.0253252976 -0.00209491637 0 0.0254117959 0.0251003944 1
837 684 0 0.0252946817 -0.00192525404 0 0.0253678444 0.0240973265 1
841 684 0 0.025266568 -0.00176645709 0 0.0253282417 0.0230456501 1
845 684 0 0.0252407937 -0.00161813338 0 0.025292608 0.0219600605 1
849 684 0 0.0252172023 -0.00147987179 0 0.0252605881 0.0208537072 1
853 684 0 0.0251956439 -0.00135124687 0 0.0252318516 0.0197382619 1
857 684 0 0.0251759747 -0.00123182307 0 0.0252060923 0.0186239916 1
861 684 0 0.0251580581 -0.00112115869 0 0.0251830277 0.0175198372 1
253 688 0 0.0251931769 0.00109621429 0 0.025217015 0.0175646905 1
257 688 0 0.0252150744 0.00120441653 0 0.0252438229 0.0186935482 1
261 688 0 0.0252391138 0.0013211833 0 0.0252736699 0.019837116 1
265 688 0 0.0252654623 0.00144694648 0 0.0253068615 0.0209870282 1
269 688 0 0.0252942954 0.00158213191 0 0.0253437274 0.0221336409 1
273 688 0 0.0253257965 0.0017271556 0 0.025384622 0.023265955 1
277 688 0 0.0253601568 0.00188241952 0 0.0254299244 0.0243715435 1
281 688 0 0.0253975751 0.00204830707 0 0.0254800389 0.0254364858 1
285 688 0 0.0254382573 0.00222517832 0 0.0255353941 0.0264453081 1
289 688 0 0.0254824157 0.00241336483 0 0.0255964419 0.0273809348 1
293 688 0 0.0255302687 0.00261316432 0 0.0256636562 0.0282246493 1
297 688 0 0.0255820402 0.00282483499 0 0.0257375304 0.0289560677 1
301 688 0 0.0256379582 0.00304858973 0 0.0258185747 0.0295531268 1
305 688 0 0.0256982547 0.00328459007 0 0.0259073122 0.0299920872 1
309 688 0 0.0257631639 0.00353294006 0 0.0260042743 0.0302475544 1
313 688 0 0.0258329216 0.00379368009 0 0.0261099951 0.0302925183 1
317 688 0 0.0259077635 0.00406678065 0 0.0262250056 0.030098413 1
321 688 0 0.0259879244 0.00435213615 0 0.0263498255 0.0296351991 1
325 688 0 0.0260736358 0.00464955893 0 0.0264849558 0.0288714673 1
329 688 0 0.0261651253 0.00495877332 0 0.0266308696 0.0277745679 1
333 688 0 0.026262614 0.00527941014 0 0.0267880023 0.0263107627 1
337 688 0 0.0263663153 0.00561100138 0 0.0269567416 0.0244454044 1
341 688 0 0.0264764324 0.00595297548 0 0.0271374168 0.0221431396 1
345 688 0 0.0265931569 0.00630465299 0 0.027330288 0.0193681385 1
349 688 0 0.0267166663 0.00666524294 0 0.0275355356 0.0160843492 1
353 688 0 0.0268471218 0.00703383982 0 0.0277532494 0.0122557763 1
357 688 0 0.0269846665 0.00740942143 0 0.0279834192 0.00784678311 1
361 688 0 0.0271294226 0.00779084751 0 0.0282259256 0.00282241559 1
365 688 0 0.0272814898 0.00817685939 0 0.0284805322 -0.00285125383 1
369 688 0 0.0274409424 0.00856608058 0 0.0287468791 -0.00920676468 1
373 688 0 0.0276078276 0.00895701849 0 0.029024478 -0.0162748918 1
377 688 0 0.0277821629 0.00934806732 0 0.0293127095 -0.0240842568 1
381 688 0 0.0279639343 0.00973751208 0 0.0296108217 -0.032660931 1
385 688 0 0.028153094 0.0101235339 0 0.0299179318 -0.042028034 1
389 688 0 0.0283495588 0.0105042165 0 0.0302330291 -0.0522053307 1
393 688 0 0.028553208 0.0108775542 0 0.0305549812 -0.0632088336 1
397 688 0 0.028763882 0.0112414608 0 0.0308825412 -0.0750504127 1
401 688 0 0.0289813806 0.0115937803 0 0.0312143583 -0.0877374189 1
405 688 0 0.0292054622 0.011932298 0 0.0315489898 -0.101272327 1
409 688 0 0.0294358424 0.0122547538 0 0.031884915 -0.115652399 1
413 688 0 0.0296721934 0.0125588559 0 0.0322205513 -0.130869384 1
417 688 0 0.0299141438 0.0128422957 0 0.032554271 -0.146909238 1
421 688 0 0.0301612779 0.0131027641 0 0.0328844205 -0.163751902 1
425 688 0 0.0304131363 0.0133379678 0 0.0332093397 -0.181371101 1
429 688 0 0.0306692162 0.0135456472 0 0.0335273825 -0.199734213 1
433 688 0 0.0309289721 0.0137235942 0 0.0338369377 -0.218802173 1
437 688 0 0.0311918174 0.0138696709 0 0.0341364504 -0.238529445 1
441 688 0 0.0314571252 0.0139818284 0 0.0344244426 -0.258864044 1
445 688 0 0.0317242308 0.0140581251 0 0.0346995346 -0.279747624 1
449 688 0 0.0319924336 0.0140967461 0 0.0349604642 -0.301115633 1
453 688 0 0.0322609998 0.0140960209 0 0.0352061062 -0.322897522 1
457 688 0 0.0325291654 0.0140544421 0 0.0354354899 -0.345017033 1
461 688 0 0.0327961393 0.0139706816 0 0.0356478147 -0.367392543 1
465 688 0 0.0330611068 0.0138436074 0 0.0358424643 -0.389937471 1
469 688 0 0.0333232339 0.0136722988 0 0.0360190182 -0.412560755 1
473 688 0 0.033581671 0.0134560601 0 0.0361772605 -0.43516738 1
477 688 0 0.0338355575 0.0131944325 0 0.036317186 -0.457658969 1
481 688 0 0.0340840264 0.0128872055 0 0.0364390028 -0.479934417 1
485 688 0 0.0343262093 0.0125344253 0 0.0365431316 -0.501890577 1
489 688 0 0.034561241 0.0121364019 0 0.0366302011 -0.523422987 1
493 688 0 0.0347882648 0.0116937137 0 0.0367010396 -0.544426624 1
497 688 0 0.0350064376 0.0112072101 0 0.0367566624 -0.564796692 1
501 688 0 0.035214935 0.0106780121 0 0.0367982553 -0.584429423 1
505 688 0 0.0354129567 0.01010751 0 0.0368271538 -0.60322289 1
509 688 0 0.0355997312 0.00949735917 0 0.0368448191 -0.621077825 1
513 688 0 0.0357745212 0.00884947342 0 0.0368528092 -0.637898425 1
517 688 0 0.0359366281 0.00816601566 0 0.0368527482 -0.653593149 1
521 688 0 0.0360853969 0.00744938669 0 0.0368462919 -0.668075484 1
525 688 0 0.0362202203 0.00670221158 0 0.0368350919 -0.681264681 1
529 688 0 0.0363405432 0.00592732392 0 0.0368207584 -0.693086455 1
533 688 0 0.0364458663 0.00512774811 0 0.0368048227 -0.703473627 1
537 688 0 0.0365357495 0.00430667982 0 0.0367887005 -0.712366712 1
541 688 0 0.0366098151 0.00346746477 0 0.0367736573 -0.719714451 1
545 688 0 0.0366677502 0.00261357605 0 0.0367607765 -0.725474262 1
549 688 0 0.0367093094 0.0017485902 0 0.0367509315 -0.729612619 1
553 688 0 0.0367343159 0.000876162255 0 0.0367447632 -0.732105361 1
557 688 0 0.0367426633 -0 0 0.0367426633 -0.7329379 1
561 688 0 0.0367343159 -0.000876162255 0 0.0367447632 -0.732105361 1
565 688 0 0.0367093094 -0.0017485902 0 0.0367509315 -0.729612619 1
569 688 0 0.0366677502 -0.00261357605 0 0.0367607765 -0.725474262 1
573 688 0 0.0366098151 -0.00346746477 0 0.0367736573 -0.719714451 1
577 688 0 0.0365357495 -0.00430667982 0 0.0367887005 -0.712366712 1
581 688 0 0.0364458663 -0.00512774811 0 0.0368048227 -0.703473627 1
585 688 0 0.0363405432 -0.00592732392 0 0.0368207584 -0.693086455 1
589 688 0 0.0362202203 -0.00670221158 0 0.0368350919 -0.681264681 1
593 688 0 0.0360853969 -0.00744938669 0 0.0368462919 -0.668075484 1
597 688 0 0.0359366281 -0.00816601566 0 0.0368527482 -0.653593149 1
601 688 0 0.0357745212 -0.00884947342 0 0.0368528092 -0.637898425 1
605 688 0 0.0355997312 -0.00949735917 0 0.0368448191 -0.621077825 1
609 688 0 0.0354129567 -0.01010751 0 0.0368271538 -0.60322289 1
613 688 0 0.035214935 -0.0106780121 0 0.0367982553 -0.584429423 1
617 688 0 0.0350064376 -0.0112072101 0 0.0367566624 -0.564796692 1
621 688 0 0.0347882648 -0.0116937137 0 0.0367010396 -0.544426624 1
625 688 0 0.034561241 -0.0121364019 0 0.0366302011 -0.523422987 1
629 688 0 0.0343262093 -0.0125344253 0 0.0365431316 -0.501890577 1
633 688 0 0.0340840264 -0.0128872055 0 0.0364390028 -0.479934417 1
637 688 0 0.0338355575 -0.0131944325 0 0.036317186 -0.457658969 1
641 688 0 0.033581671 -0.0134560601 0 0.0361772605 -0.43516738 1
645 688 0 0.0333232339 -0.0136722988 0 0.0360190182 -0.412560755 1
649 688 0 0.0330611068 -0.0138436074 0 0.0358424643 -0.389937471 1
653 688 0 0.0327961393 -0.0139706816 0 0.0356478147 -0.367392543 1
657 688 0 0.0325291654 -0.0140544421 0 0.0354354899 -0.345017033 1
661 688 0 0.0322609998 -0.0140960209 0 0.0352061062 -0.322897522 1
665 688 0 0.0319924336 -0.0140967461 0 0.0349604642 -0.301115633 1
669 688 0 0.0317242308 -0.0140581251 0 0.0346995346 -0.279747624 1
673 688 0 0.0314571252 -0.0139818284 0 0.0344244426 -0.258864044 1
677 688 0 0.0311918174 -0.0138696709 0 0.0341364504 -0.238529445 1
681 688 0 0.0309289721 -0.0137235942 0 0.0338369377 -0.218802173 1
685 688 0 0.0306692162 -0.0135456472 0 0.0335273825 -0.199734213 1
689 688 0 0.0304131363 -0.0133379678 0 0.0332093397 -0.181371101 1
693 688 0 0.0301612779 -0.0131027641 0 0.0328844205 -0.163751902 1
697 688 0 0.0299141438 -0.0128422957 0 0.032554271 -0.146909238 1
701 688 0 0.0296721934 -0.0125588559 0 0.0322205513 -0.130869384 1
705 688 0 0.0294358424 -0.0122547538 0 0.031884915 -0.115652399 1
709 688 0 0.0292054622 -0.011932298 0 0.0315489898 -0.101272327 1
713 688 0 0.0289813806 -0.0115937803 0 0.0312143583 -0.0877374189 1
717 688 0 0.028763882 -0.0112414608 0 0.0308825412 -0.0750504127 1
721 688 0 0.028553208 -0.0108775542 0 0.0305549812 -0.0632088336 1
725 688 0 0.0283495588 -0.0105042165 0 0.0302330291 -0.0522053307 1
729 688 0 0.028153094 -0.0101235339 0 0.0299179318 -0.042028034 1
733 688 0 0.0279639343 -0.00973751208 0 0.0296108217 -0.032660931 1
737 688 0 0.0277821629 -0.00934806732 0 0.0293127095 -0.0240842568 1
741 688 0 0.0276078276 -0.00895701849 0 0.029024478 -0.0162748918 1
745 688 0 0.0274409424 -0.00856608058 0 0.0287468791 -0.00920676468 1
749 688 0 0.0272814898 -0.00817685939 0 0.0284805322 -0.00285125383 1
753 688 0 0.0271294226 -0.00779084751 0 0.0282259256 0.00282241559 1
757 688 0 0.0269846665 -0.00740942143 0 0.0279834192 0.00784678311 1
761 688 0 0.0268471218 -0.00703383982 0 0.0277532494 0.0122557763 1
765 688 0 0.0267166663 -0.00666524294 0 0.0275355356 0.0160843492 1
769 688 0 0.0265931569 -0.00630465299 0 0.027330288 0.0193681385 1
773 688 0 0.0264764324 -0.00595297548 0 0.0271374168 0.0221431396 1
777 688 0 0.0263663153 -0.00561100138 0 0.0269567416 0.0244454044 1
781 688 0 0.026262614 -0.00527941014 0 0.0267880023 0.0263107627 1
785 688 0 0.0261651253 -0.00495877332 0 0.0266308696 0.0277745679 1
789 688 0 0.0260736358 -0.00464955893 0 0.0264849558 0.0288714673 1
793 688 0 0.0259879244 -0.00435213615 0 0.0263498255 0.0296351991 1
797 688 0 0.0259077635 -0.00406678065 0 0.0262250056 0.030098413 1
801 688 0 0.0258329216 -0.00379368009 0 0.0261099951 0.0302925183 1
805 688 0 0.0257631639 -0.00353294006 0 0.0260042743 0.0302475544 1
809 688 0 0.0256982547 -0.00328459007 0 0.0259073122 0.0299920872 1
813 688 0 0.0256379582 -0.00304858973 0 0.0258185747 0.0295531268 1
817 688 0 0.0255820402 -0.00282483499 0 0.0257375304 0.0289560677 1
821 688 0 0.0255302687 -0.00261316432 0 0.0256636562 0.0282246493 1
825 688 0 0.0254824157 -0.00241336483 0 0.0255964419 0.0273809348 1
829 688 0 0.0254382573 -0.00222517832 0 0.0255353941 0.0264453081 1
833 688 0 0.0253975751 -0.00204830707 0 0.0254800389 0.0254364858 1
837 688 0 0.0253601568 -0.00188241952 0 0.0254299244 0.0243715435 1
841 688 0 0.0253257965 -0.0017271556 0 0.025384622 0.023265955 1
845 688 0 0.0252942954 -0.00158213191 0 0.0253437274 0.0221336409 1
849 688 0 0.0252654623 -0.00144694648 0 0.0253068615 0.0209870282 1
853 688 0 0.0252391138 -0.0013211833 0 0.0252736699 0.019837116 1
857 688 0 0.0252150744 -0.00120441653 0 0.0252438229 0.0186935482 1
861 688 0 0.0251931769 -0.00109621429 0 0.025217015 0.0175646905 1
253 692 0 0.0252255243 0.00106647913 0 0.0252480584 0.0176050691 1
257 692 0 0.0252510885 0.00117174635 0 0.0252782606 0.0187618909 1
261 692 0 0.0252791533 0.00128534579 0 0.0253118096 0.0199387542 1
265 692 0 0.0253099139 0.0014076976 0 0.0253490306 0.0211279676 1
269 692 0 0.025343575 0.00153921608 0 0.0253902734 0.0223206183 1
273 692 0 0.0253803509 0.00168030596 0 0.0254359125 0.0235064961 1
277 692 0 0.0254204649 0.00183135829 0 0.0254863475 0.0246740231 1
281 692 0 0.0254641489 0.00199274609 0 0.025542003 0.0258101877 1
285 692 0 0.0255116433 0.00216481965 0 0.0256033277 0.0269004866 1
289 692 0 0.025563196 0.00234790155 0 0.0256707934 0.0279288757 1
293 692 0 0.025619062 0.00254228141 0 0.0257448934 0.0288777305 1
297 692 0 0.0256795026 0.00274821045 0 0.0258261401 0.0297278186 1
301 692 0 0.0257447841 0.00296589577 0 0.0259150621 0.0304582857 1
305 692 0 0.0258151772 0.00319549452 0 0.0260122002 0.0310466567 1
309 692 0 0.0258909554 0.00343710794 0 0.0261181026 0.0314688527 1
313 692 0 0.025972394 0.00369077531 0 0.0262333199 0.0316992269 1
317 692 0 0.0260597682 0.00395646793 0 0.0263583982 0.0317106195 1
321 692 0 0.0261533519 0.00423408308 0 0.0264938724 0.0314744331 1
325 692 0 0.0262534157 0.00452343817 0 0.0266402577 0.0309607307 1
329 692 0 0.0263602251 0.00482426502 0 0.026798041 0.0301383564 1
333 692 0 0.0264740383 0.00513620446 0 0.0269676714 0.0289750793 1
337 692 0 0.0265951042 0.00545880119 0 0.0271495503 0.0274377622 1
341 692 0 0.0267236605 0.00579149913 0 0.0273440211 0.0254925551 1
345 692 0 0.0268599304 0.00613363728 0 0.0275513588 0.0231051122 1
349 692 0 0.0270041214 0.00648444611 0 0.0277717593 0.0202408343 1
353 692 0 0.0271564216 0.00684304468 0 0.0280053298 0.0168651341 1
357 692 0 0.0273169981 0.00720843852 0 0.0282520791 0.0129437239 1
361 692 0 0.0274859936 0.0075795183 0 0.0285119088 0.00844292537 1
365 692 0 0.0276635244 0.00795505948 0 0.0287846062 0.00332999737 1
369 692 0 0.0278496773 0.00833372292 0 0.0290698377 -0.0024265178 1
373 692 0 0.0280445073 0.00871405652 0 0.0293671444 -0.00885643422 1
377 692 0 0.028248035 0.00909449803 0 0.0296759393 -0.0159875501 1
381 692 0 0.0284602439 0.00947337897 0 0.0299955062 -0.0238452672 1
385 692 0 0.0286810784 0.0098489298 0 0.0303250009 -0.0324522055 1
389 692 0 0.0289104412 0.0102192863 0 0.0306634542 -0.0418278168 1
393 692 0 0.0291481914 0.0105824971 0 0.0310097776 -0.0519880021 1
397 692 0 0.0293941426 0.0109365327 0 0.0313627704 -0.0629447363 1
401 692 0 0.0296480613 0.0112792953 0 0.0317211292 -0.0747057065 1
405 692 0 0.0299096652 0.0116086307 0 0.0320834596 -0.0872739665 1
409 692 0 0.0301786225 0.0119223397 0 0.0324482887 -0.100647615 1
413 692 0 0.0304545504 0.012218193 0 0.0328140805 -0.114819499 1
417 692 0 0.0307370153 0.0124939444 0 0.0331792519 -0.129776952 1
421 692 0 0.0310255319 0.0127473475 0 0.0335421898 -0.145501569 1
425 692 0 0.0313195639 0.0129761712 0 0.0339012699 -0.161969018 1
429 692 0 0.0316185243 0.0131782172 0 0.0342548753 -0.179148907 1
433 692 0 0.0319217763 0.0133513373 0 0.0346014163 -0.197004691 1
437 692 0 0.0322286349 0.0134934517 0 0.0349393495 -0.215493637 1
441 692 0 0.0325383683 0.0136025669 0 0.0352671978 -0.234566847 1
445 692 0 0.0328502006 0.013676794 0 0.0355835689 -0.254169338 1
449 692 0 0.0331633139 0.0137143673 0 0.035887174 -0.274240181 1
453 692 0 0.0334768515 0.0137136619 0 0.0361768449 -0.294712706 1
457 692 0 0.0337899213 0.0136732109 0 0.0364515497 -0.315514767 1
461 692 0 0.0341015998 0.0135917224 0 0.0367104076 -0.336569071 1
465 692 0 0.0344109361 0.0134680952 0 0.0369527009 -0.357793565 1
469 692 0 0.0347169562 0.0133014334 0 0.0371778856 -0.379101889 1
473 692 0 0.0350186685 0.0130910602 0 0.0373855988 -0.400403878 1
477 692 0 0.0353150682 0.0128365293 0 0.037575664 -0.421606126 1
481 692 0 0.0356051432 0.0125376359 0 0.0377480932 -0.44261259 1
485 692 0 0.0358878795 0.0121944251 0 0.0379030856 -0.463325245 1
489 692 0 0.0361622672 0.0118071982 0 0.0380410239 -0.483644776 1
493 692 0 0.036427306 0.011376518 0 0.0381624657 -0.503471303 1
497 692 0 0.0366820117 0.010903211 0 0.0382681329 -0.522705126 1
501 692 0 0.036925422 0.0103883676 0 0.0383588969 -0.541247497 1
505 692 0 0.0371566023 0.00983334055 0 0.0384357605 -0.559001397 1
509 692 0 0.0373746522 0.00923974029 0 0.0384998367 -0.575872314 1
513 692 0 0.0375787107 0.00860942865 0 0.0385523249 -0.591769016 1
517 692 0 0.0377679623 0.00794450989 0 0.0385944843 -0.606604314 1
521 692 0 0.0379416423 0.00724731971 0 0.038627605 -0.620295794 1
525 692 0 0.0380990419 0.00652041197 0 0.0386529787 -0.632766523 1
529 692 0 0.0382395129 0.00576654338 0 0.0386718679 -0.643945715 1
533 692 0 0.0383624723 0.00498865631 0 0.0386854749 -0.653769349 1
537 692 0 0.0384674064 0.00418985976 0 0.0386949128 -0.662180733 1
541 692 0 0.0385538742 0.00337340868 0 0.038701177 -0.669131007 1
545 692 0 0.0386215105 0.00254268197 0 0.0387051199 -0.67457958 1
549 692 0 0.0386700288 0.00170115914 0 0.0387074291 -0.678494496 1
553 692 0 0.0386992226 0.000852396076 0 0.038708609 -0.680852718 1
557 692 0 0.0387089678 -0 0 0.0387089678 -0.681640342 1
561 692 0 0.0386992226 -0.000852396076 0 0.038708609 -0.680852718 1
565 692 0 0.0386700288 -0.00170115914 0 0.0387074291 -0.678494496 1
569 692 0 0.0386215105 -0.00254268197 0 0.0387051199 -0.67457958 1
573 692 0 0.0385538742 -0.00337340868 0 0.038701177 -0.669131007 1
577 692 0 0.0384674064 -0.00418985976 0 0.0386949128 -0.662180733 1
581 692 0 0.0383624723 -0.00498865631 0 0.0386854749 -0.653769349 1
585 692 0 0.0382395129 -0.00576654338 0 0.0386718679 -0.643945715 1
589 692 0 0.0380990419 -0.00652041197 0 0.0386529787 -0.632766523 1
593 692 0 0.0379416423 -0.00724731971 0 0.038627605 -0.620295794 1
597 692 0 0.0377679623 -0.00794450989 0 0.0385944843 -0.606604314 1
601 692 0 0.0375787107 -0.00860942865 0 0.0385523249 -0.591769016 1
605 692 0 0.0373746522 -0.00923974029 0 0.0384998367 -0.575872314 1
609 692 0 0.0371566023 -0.00983334055 0 0.0384357605 -0.559001397 1
613 692 0 0.036925422 -0.0103883676 0 0.0383588969 -0.541247497 1
617 692 0 0.0366820117 -0.010903211 0 0.0382681329 -0.522705126 1
621 692 0 0.036427306 -0.011376518 0 0.0381624657 -0.503471303 1
625 692 0 0.0361622672 -0.0118071982 0 0.0380410239 -0.483644776 1
629 692 0 0.0358878795 -0.0121944251 0 0.0379030856 -0.463325245 1
633 692 0 0.0356051432 -0.0125376359 0 0.0377480932 -0.44261259 1
637 692 0 0.0353150682 -0.0128365293 0 0.037575664 -0.421606126 1
641 692 0 0.0350186685 -0.0130910602 0 0.0373855988 -0.400403878 1
645 692 0 0.0347169562 -0.0133014334 0 0.0371778856 -0.379101889 1
649 692 0 0.0344109361 -0.0134680952 0 0.0369527009 -0.357793565 1
653 692 0 0.0341015998 -0.0135917224 0 0.0367104076 -0.336569071 1
657 692 0 0.0337899213 -0.0136732109 0 0.0364515497 -0.315514767 1
661 692 0 0.0334768515 -0.0137136619 0 0.0361768449 -0.294712706 1
665 692 0 0.0331633139 -0.0137143673 0 0.035887174 -0.274240181 1
669 692 0 0.0328502006 -0.013676794 0 0.0355835689 -0.254169338 0
673 692 0 0.0325383683 -0.0136025669 0 0.0352671978 -0.234566847 0
677 692 0 0.0322286349 -0.0134934517 0 0.0349393495 -0.215493637 0
681 692 0 0.0319217763 -0.0133513373 0 0.0346014163 -0.197004691 0
685 692 0 0.0316185243 -0.0131782172 0 0.0342548753 -0.179148907 0
689 692 0 0.0313195639 -0.0129761712 0 0.0339012699 -0.161969018 0
693 692 0 0.0310255319 -0.0127473475 0 0.0335421898 -0.145501569 1
697 692 0 0.0307370153 -0.0124939444 0 0.0331792519 -0.129776952 1
701 692 0 0.0304545504 -0.012218193 0 0.0328140805 -0.114819499 1
705 692 0 0.0301786225 -0.0119223397 0 0.0324482887 -0.100647615 1
709 692 0 0.0299096652 -0.0116086307 0 0.0320834596 -0.0872739665 1
713 692 0 0.0296480613 -0.0112792953 0 0.0317211292 -0.0747057065 1
717 692 0 0.0293941426 -0.0109365327 0 0.0313627704 -0.0629447363 1
721 692 0 0.0291481914 -0.0105824971 0 0.0310097776 -0.0519880021 1
725 692 0 0.0289104412 -0.0102192863 0 0.0306634542 -0.0418278168 1
729 692 0 0.0286810784 -0.0098489298 0 0.0303250009 -0.0324522055 1
733 692 0 0.0284602439 -0.00947337897 0 0.0299955062 -0.0238452672 1
737 692 0 0.028248035 -0.00909449803 0 0.0296759393 -0.0159875501 1
741 692 0 0.0280445073 -0.00871405652 0 0.0293671444 -0.00885643422 1
745 692 0 0.0278496773 -0.00833372292 0 0.0290698377 -0.0024265178 1
749 692 0 0.0276635244 -0.00795505948 0 0.0287846062 0.00332999737 1
753 692 0 0.0274859936 -0.0075795183 0 0.0285119088 0.00844292537 1
757 692 0 0.0273169981 -0.00720843852 0 0.0282520791 0.0129437239 1
761 692 0 0.0271564216 -0.00684304468 0 0.0280053298 0.0168651341 1
765 692 0 0.0270041214 -0.00648444611 0 0.0277717593 0.0202408343 1
769 692 0 0.0268599304 -0.00613363728 0 0.0275513588 0.0231051122 1
773 692 0 0.0267236605 -0.00579149913 0 0.0273440211 0.0254925551 1
777 692 0 0.0265951042 -0.00545880119 0 0.0271495503 0.0274377622 1
781 692 0 0.0264740383 -0.00513620446 0 0.0269676714 0.0289750793 1
785 692 0 0.0263602251 -0.00482426502 0 0.026798041 0.0301383564 1
789 692 0 0.0262534157 -0.00452343817 0 0.0266402577 0.0309607307 1
793 692 0 0.0261533519 -0.00423408308 0 0.0264938724 0.0314744331 1
797 692 0 0.0260597682 -0.00395646793 0 0.0263583982 0.0317106195 1
801 692 0 0.025972394 -0.00369077531 0 0.0262333199 0.0316992269 1
805 692 0 0.0258909554 -0.00343710794 0 0.0261181026 0.0314688527 1
809 692 0 0.0258151772 -0.00319549452 0 0.0260122002 0.0310466567 1
813 692 0 0.0257447841 -0.00296589577 0 0.0259150621 0.0304582857 1
817 692 0 0.0256795026 -0.00274821045 0 0.0258261401 0.0297278186 1
821 692 0 0.025619062 -0.00254228141 0 0.0257448934 0.0288777305 1
825 692 0 0.025563196 -0.00234790155 0 0.0256707934 0.0279288757 1
829 692 0 0.0255116433 -0.00216481965 0 0.0256033277 0.0269004866 1
833 692 0 0.0254641489 -0.00199274609 0 0.025542003 0.0258101877 1
837 692 0 0.0254204649 -0.00183135829 0 0.0254863475 0.0246740231 1
841 692 0 0.0253803509 -0.00168030596 0 0.0254359125 0.0235064961 1
845 692 0 0.025343575 -0.00153921608 0 0.0253902734 0.0223206183 1
849 692 0 0.0253099139 -0.0014076976 0 0.0253490306 0.0211279676 1
853 692 0 0.0252791533 -0.00128534579 0 0.0253118096 0.0199387542 1
857 692 0 0.0252510885 -0.00117174635 0 0.0252782606 0.0187618909 1
861 692 0 0.0252255243 -0.00106647913 0 0.0252480584 0.0176050691 1
253 696 0 0.025254698 0.00103237574 0 0.0252757902 0.0176333652 1
257 696 0 0.0252835692 0.00113427677 0 0.0253089995 0.0188202173 1
261 696 0 0.0253152644 0.00124424358 0 0.0253458232 0.0200330255 1
265 696 0 0.0253500042 0.00136268287 0 0.0253866031 0.0212648566 1
269 696 0 0.0253880197 0.00148999572 0 0.0254317053 0.0225076196 1
273 696 0 0.025429553 0.00162657389 0 0.0254815209 0.0237519925 1
277 696 0 0.0254748561 0.00177279594 0 0.025536466 0.0249873527 1
281 696 0 0.025524191 0.00192902295 0 0.0255969814 0.0262017131 1
285 696 0 0.0255778292 0.00209559402 0 0.0256635318 0.0273816642 1
289 696 0 0.0256360508 0.00227282141 0 0.0257366046 0.0285123251 1
293 696 0 0.0256991436 0.00246098548 0 0.0258167084 0.0295773034 1
297 696 0 0.0257674027 0.00266032941 0 0.0259043702 0.0305586664 1
301 696 0 0.025841129 0.00287105369 0 0.0260001326 0.0314369253 1
305 696 0 0.0259206281 0.00309331043 0 0.02610455 0.032191033 1
309 696 0 0.026006209 0.00332719765 0 0.0262181836 0.0327983981 1
313 696 0 0.0260981824 0.00357275336 0 0.0263415962 0.0332349153 1
317 696 0 0.0261968593 0.00382994978 0 0.0264753461 0.0334750149 1
321 696 0 0.026302549 0.00409868748 0 0.0266199798 0.0334917322 1
325 696 0 0.026415557 0.0043787897 0 0.0267760238 0.0332567969 1
329 696 0 0.0265361832 0.00466999685 0 0.0269439768 0.0327407451 1
333 696 0 0.0266647192 0.00497196122 0 0.0271242999 0.0319130538 1
337 696 0 0.0268014462 0.0052842421 0 0.0273174071 0.0307422984 1
341 696 0 0.0269466324 0.00560630118 0 0.0275236554 0.0291963336 1
345 696 0 0.0271005302 0.00593749858 0 0.0277433348 0.027242498 1
349 696 0 0.0272633736 0.00627708941 0 0.027976658 0.0248478421 1
353 696 0 0.0274353753 0.00662422088 0 0.028223751 0.0219793782 1
357 696 0 0.0276167239 0.00697793031 0 0.0284846441 0.0186043529 1
361 696 0 0.0278075806 0.00733714387 0 0.0287592632 0.014690539 1
365 696 0 0.0280080766 0.00770067617 0 0.0290474228 0.0102065472 1
369 696 0 0.0282183102 0.00806723088 0 0.0293488201 0.00512215352 1
373 696 0 0.0284383433 0.00843540234 0 0.0296630306 -0.000591358671 1
377 696 0 0.0286681993 0.00880367826 0 0.0299895048 -0.00696084481 1
381 696 0 0.0289078595 0.00917044352 0 0.0303275679 -0.0140109374 1
385 696 0 0.029157261 0.00953398516 0 0.0306764199 -0.0217636791 1
389 696 0 0.029416294 0.00989249854 0 0.0310351394 -0.0302381547 1
393 696 0 0.0296847994 0.0102440947 0 0.0314026877 -0.0394501259 1
397 696 0 0.0299625668 0.0105868091 0 0.0317779159 -0.0494116735 1
401 696 0 0.0302493323 0.0109186111 0 0.0321595736 -0.0601308511 1
405 696 0 0.0305447772 0.0112374151 0 0.0325463195 -0.0716113547 1
409 696 0 0.0308485266 0.0115410925 0 0.0329367335 -0.0838522138 1
413 696 0 0.0311601485 0.0118274851 0 0.0333293303 -0.0968475077 1
417 696 0 0.0314791529 0.0120944187 0 0.0337225744 -0.110586112 1
421 696 0 0.0318049918 0.0123397185 0 0.0341148964 -0.125051482 1
425 696 0 0.0321370597 0.012561225 0 0.0345047095 -0.140221472 1
429 696 0 0.0324746934 0.0127568101 0 0.0348904273 -0.156068197 1
433 696 0 0.032817174 0.0129243943 0 0.0352704816 -0.172557952 1
437 696 0 0.0331637276 0.0130619642 0 0.0356433407 -0.189651168 1
441 696 0 0.0335135281 0.0131675901 0 0.0360075269 -0.207302427 1
445 696 0 0.0338656989 0.0132394436 0 0.036361634 -0.225460539 1
449 696 0 0.0342193163 0.0132758155 0 0.0367043442 -0.244068668 1
453 696 0 0.0345734129 0.0132751326 0 0.0370344438 -0.263064521 1
457 696 0 0.0349269813 0.0132359751 0 0.0373508375 -0.2823806 1
461 696 0 0.0352789784 0.0131570924 0 0.0376525617 -0.301944502 1
465 696 0 0.0356283303 0.0130374185 0 0.0379387954 -0.321679293 1
469 696 0 0.0359739371 0.0128760861 0 0.0382088699 -0.341503928 1
473 696 0 0.0363146787 0.0126724401 0 0.0384622754 -0.361333725 1
477 696 0 0.0366494205 0.0124260485 0 0.0386986654 -0.381080898 1
481 696 0 0.0369770195 0.0121367131 0 0.0389178593 -0.400655129 1
485 696 0 0.0372963305 0.0118044772 0 0.0391198409 -0.419964186 1
489 696 0 0.0376062128 0.0114296329 0 0.0393047548 -0.438914579 1
493 696 0 0.0379055369 0.0110127248 0 0.0394729 -0.457412242 1
497 696 0 0.0381931912 0.010554553 0 0.0396247201 -0.475363245 1
501 696 0 0.0384680889 0.0100561731 0 0.0397607908 -0.492674522 1
505 696 0 0.0387291746 0.00951889441 0 0.0398818043 -0.509254604 1
509 696 0 0.0389754313 0.00894427603 0 0.0399885523 -0.525014362 1
513 696 0 0.0392058867 0.00833412021 0 0.0400819051 -0.539867741 1
517 696 0 0.0394196199 0.00769046393 0 0.0401627896 -0.553732476 1
521 696 0 0.039615767 0.00701556818 0 0.0402321662 -0.566530794 1
525 696 0 0.0397935277 0.00631190517 0 0.0402910039 -0.578190081 1
529 696 0 0.03995217 0.00558214345 0 0.0403402554 -0.588643514 1
533 696 0 0.0400910353 0.00482913131 0 0.0403808324 -0.597830646 1
537 696 0 0.0402095437 0.00405587831 0 0.0404135813 -0.605697946 1
541 696 0 0.0403071969 0.00326553534 0 0.0404392612 -0.612199272 1
545 696 0 0.0403835827 0.00246137323 0 0.0404585233 -0.61729629 1
549 696 0 0.0404383772 0.00164676024 0 0.0404718936 -0.620958814 1
553 696 0 0.0404713476 0.000825138537 0 0.0404797583 -0.623165088 1
557 696 0 0.0404823533 -0 0 0.0404823533 -0.623901977 1
561 696 0 0.0404713476 -0.000825138537 0 0.0404797583 -0.623165088 1
565 696 0 0.0404383772 -0.00164676024 0 0.0404718936 -0.620958814 1
569 696 0 0.0403835827 -0.00246137323 0 0.0404585233 -0.61729629 1
573 696 0 0.0403071969 -0.00326553534 0 0.0404392612 -0.612199272 1
577 696 0 0.0402095437 -0.00405587831 0 0.0404135813 -0.605697946 1
581 696 0 0.0400910353 -0.00482913131 0 0.0403808324 -0.597830646 1
585 696 0 0.03995217 -0.00558214345 0 0.0403402554 -0.588643514 1
589 696 0 0.0397935277 -0.00631190517 0 0.0402910039 -0.578190081 1
593 696 0 0.039615767 -0.00701556818 0 0.0402321662 -0.566530794 1
597 696 0 0.0394196199 -0.00769046393 0 0.0401627896 -0.553732476 1
601 696 0 0.0392058867 -0.00833412021 0 0.0400819051 -0.539867741 1
605 696 0 0.0389754313 -0.00894427603 0 0.0399885523 -0.525014362 1
609 696 0 0.0387291746 -0.00951889441 0 0.0398818043 -0.509254604 1
613 696 0 0.0384680889 -0.0100561731 0 0.0397607908 -0.492674522 1
617 696 0 0.0381931912 -0.010554553 0 0.0396247201 -0.475363245 1
621 696 0 0.0379055369 -0.0110127248 0 0.0394729 -0.457412242 1
625 696 0 0.0376062128 -0.0114296329 0 0.0393047548 -0.438914579 1
629 696 0 0.0372963305 -0.0118044772 0 0.0391198409 -0.419964186 1
633 696 0 0.0369770195 -0.0121367131 0 0.0389178593 -0.400655129 1
637 696 0 0.0366494205 -0.0124260485 0 0.0386986654 -0.381080898 1
641 696 0 0.0363146787 -0.0126724401 0 0.0384622754 -0.361333725 1
645 696 0 0.0359739371 -0.0128760861 0 0.0382088699 -0.341503928 1
649 696 0 0.0356283303 -0.0130374185 0 0.0379387954 -0.321679293 1
653 696 0 0.0352789784 -0.0131570924 0 0.0376525617 -0.301944502 1
657 696 0 0.0349269813 -0.0132359751 0 0.0373508375 -0.2823806 1
661 696 0 0.0345734129 -0.0132751326 0 0.0370344438 -0.263064521 1
665 696 0 0.0342193163 -0.0132758155 0 0.0367043442 -0.244068668 0
669 696 0 0.0338656989 -0.0132394436 0 0.036361634 -0.225460539 0
673 696 0 0.0335135281 -0.0131675901 0 0.0360075269 -0.207302427 0
677 696 0 0.0331637276 -0.0130619642 0 0.0356433407 -0.189651168 0
681 696 0 0.032817174 -0.0129243943 0 0.0352704816 -0.172557952 0
685 696 0 0.0324746934 -0.0127568101 0 0.0348904273 -0.156068197 0
689 696 0 0.0321370597 -0.012561225 0 0.0345047095 -0.140221472 0
693 696 0 0.0318049918 -0.0123397185 0 0.0341148964 -0.125051482 0
697 696 0 0.0314791529 -0.0120944187 0 0.0337225744 -0.110586112 1
701 696 0 0.0311601485 -0.0118274851 0 0.0333293303 -0.0968475077 1
705 696 0 0.0308485266 -0.0115410925 0 0.0329367335 -0.0838522138 1
709 696 0 0.0305447772 -0.0112374151 0 0.0325463195 -0.0716113547 1
713 696 0 0.0302493323 -0.0109186111 0 0.0321595736 -0.0601308511 1
717 696 0 0.0299625668 -0.0105868091 0 0.0317779159 -0.0494116735 1
721 696 0 0.0296847994 -0.0102440947 0 0.0314026877 -0.0394501259 1
725 696 0 0.029416294 -0.00989249854 0 0.0310351394 -0.0302381547 1
729 696 0 0.029157261 -0.00953398516 0 0.0306764199 -0.0217636791 1
733 696 0 0.0289078595 -0.00917044352 0 0.0303275679 -0.0140109374 1
737 696 0 0.0286681993 -0.00880367826 0 0.0299895048 -0.00696084481 1
741 696 0 0.0284383433 -0.00843540234 0 0.0296630306 -0.000591358671 1
745 696 0 0.0282183102 -0.00806723088 0 0.0293488201 0.00512215352 1
749 696 0 0.0280080766 -0.00770067617 0 0.0290474228 0.0102065472 1
753 696 0 0.0278075806 -0.00733714387 0 0.0287592632 0.014690539 1
757 696 0 0.0276167239 -0.00697793031 0 0.0284846441 0.0186043529 1
761 696 0 0.0274353753 -0.00662422088 0 0.028223751 0.0219793782 1
765 696 0 0.0272633736 -0.00627708941 0 0.027976658 0.0248478421 1
769 696 0 0.0271005302 -0.00593749858 0 0.0277433348 0.027242498 1
773 696 0 0.0269466324 -0.00560630118 0 0.0275236554 0.0291963336 1
777 696 0 0.0268014462 -0.0052842421 0 0.0273174071 0.0307422984 1
781 696 0 0.0266647192 -0.00497196122 0 0.0271242999 0.0319130538 1
785 696 0 0.0265361832 -0.00466999685 0 0.0269439768 0.0327407451 1
789 696 0 0.026415557 -0.0043787897 0 0.0267760238 0.0332567969 1
793 696 0 0.026302549 -0.00409868748 0 0.0266199798 0.0334917322 1
797 696 0 0.0261968593 -0.00382994978 0 0.0264753461 0.0334750149 1
801 696 0 0.0260981824 -0.00357275336 0 0.0263415962 0.0332349153 1
805 696 0 0.026006209 -0.00332719765 0 0.0262181836 0.0327983981 1
809 696 0 0.0259206281 -0.00309331043 0 0.02610455 0.032191033 1
813 696 0 0.025841129 -0.00287105369 0 0.0260001326 0.0314369253 1
817 696 0 0.0257674027 -0.00266032941 0 0.0259043702 0.0305586664 1
821 696 0 0.0256991436 -0.00246098548 0 0.0258167084 0.0295773034 1
825 696 0 0.0256360508 -0.00227282141 0 0.0257366046 0.0285123251 1
829 696 0 0.0255778292 -0.00209559402 0 0.0256635318 0.0273816642 1
833 696 0 0.025524191 -0.00192902295 0 0.0255969814 0.0262017131 1
837 696 0 0.0254748561 -0.00177279594 0 0.025536466 0.0249873527 1
841 696 0 0.025429553 -0.00162657389 0 0.0254815209 0.0237519925 1
845 696 0 0.0253880197 -0.00148999572 0 0.0254317053 0.0225076196 1
849 696 0 0.0253500042 -0.00136268287 0 0.0253866031 0.0212648566 1
853 696 0 0.0253152644 -0.00124424358 0 0.0253458232 0.0200330255 1
857 696 0 0.0252835692 -0.00113427677 0 0.0253089995 0.0188202173 1
861 696 0 0.025254698 -0.00103237574 0 0.0252757902 0.0176333652 1
253 700 0 0.0252803699 0.000994378551 0 0.0252999188 0.0176414759 1
257 700 0 0.0253121512 0.00109252905 0 0.0253357182 0.0188591325 1
261 700 0 0.0253470411 0.00119844847 0 0.0253753575 0.0201090758 1
265 700 0 0.0253852823 0.00131252854 0 0.0254191914 0.0213851967 1
269 700 0 0.0254271296 0.00143515556 0 0.0254675989 0.0226802987 1
273 700 0 0.0254728492 0.00156670689 0 0.0255209838 0.0239860268 1
277 700 0 0.0255227185 0.00170754715 0 0.0255797748 0.0252928002 1
281 700 0 0.0255770261 0.00185802414 0 0.0256444247 0.0265897488 1
285 700 0 0.0256360707 0.00201846446 0 0.0257154102 0.0278646569 1
289 700 0 0.0257001606 0.00218916889 0 0.0257932301 0.0291039139 1
293 700 0 0.0257696128 0.00237040747 0 0.0258784037 0.0302924735 1
297 700 0 0.025844752 0.00256241444 0 0.0259714685 0.0314138244 1
301 700 0 0.0259259094 0.00276538288 0 0.0260729769 0.0324499712 1
305 700 0 0.0260134215 0.00297945934 0 0.0261834925 0.0333814301 1
309 700 0 0.0261076284 0.0032047382 0 0.0263035855 0.0341872381 1
313 700 0 0.0262088722 0.00344125609 0 0.0264338273 0.034844979 1
317 700 0 0.0263174951 0.00368898625 0 0.0265747844 0.0353308266 1
321 700 0 0.0264338376 0.0039478329 0 0.0267270117 0.0356196064 1
325 700 0 0.0265582361 0.00421762579 0 0.0268910445 0.0356848771 1
329 700 0 0.0266910206 0.00449811489 0 0.0270673903 0.0354990325 1
333 700 0 0.0268325122 0.0047889653 0 0.0272565203 0.0350334259 1
337 700 0 0.0269830205 0.00508975249 0 0.0274588596 0.0342585144 1
341 700 0 0.0271428405 0.005399958 0 0.027674778 0.0331440279 1
345 700 0 0.0273122502 0.00571896549 0 0.0279045799 0.0316591584 1
349 700 0 0.0274915072 0.00604605748 0 0.0281484951 0.0297727728 1
353 700 0 0.0276808456 0.00638041257 0 0.0284066696 0.0274536464 1
357 700 0 0.0278804729 0.00672110353 0 0.0286791563 0.0246707173 1
361 700 0 0.0280905668 0.00706709602 0 0.0289659073 0.0213933611 1
365 700 0 0.0283112716 0.0074172483 0 0.0292667673 0.0175916821 1
369 700 0 0.0285426953 0.00777031175 0 0.0295814672 0.0132368218 1
373 700 0 0.0287849064 0.00812493245 0 0.0299096199 0.00830128105 1
377 700 0 0.0290379304 0.00847965376 0 0.0302507178 0.00275925241 1
381 700 0 0.0293017468 0.00883292 0 0.0306041311 -0.00341303774 1
385 700 0 0.0295762864 0.00918308128 0 0.0309691087 -0.0102369831 1
389 700 0 0.0298614283 0.00952839937 0 0.0313447809 -0.0177312493 1
393 700 0 0.0301569973 0.00986705488 0 0.0317301632 -0.0259114285 1
397 700 0 0.0304627619 0.0101971555 0 0.0321241629 -0.0347897 1
401 700 0 0.0307784315 0.0105167453 0 0.0325255865 -0.0443745014 1
405 700 0 0.0311036553 0.0108238155 0 0.0329331498 -0.0546702149 1
409 700 0 0.0314380208 0.0111163159 0 0.0333454889 -0.065676873 1
413 700 0 0.0317810521 0.0113921676 0 0.0337611723 -0.0773898878 1
417 700 0 0.0321322101 0.0116492765 0 0.0341787152 -0.0897998086 1
421 700 0 0.0324908916 0.011885548 0 0.0345965936 -0.102892113 1
425 700 0 0.0328564298 0.0120989018 0 0.0350132604 -0.116647031 1
429 700 0 0.0332280948 0.0122872883 0 0.035427161 -0.131039419 1
433 700 0 0.0336050952 0.0124487044 0 0.0358367502 -0.146038665 1
437 700 0 0.0339865793 0.012581211 0 0.0362405083 -0.161608651 1
441 700 0 0.0343716374 0.0126829493 0 0.0366369576 -0.177707765 1
445 700 0 0.0347593047 0.0127521582 0 0.0370246783 -0.194288962 1
449 700 0 0.0351485646 0.0127871914 0 0.0374023242 -0.21129988 1
453 700 0 0.0355383519 0.0127865336 0 0.0377686364 -0.228683016 1
457 700 0 0.0359275577 0.0127488173 0 0.0381224572 -0.246375954 1
461 700 0 0.0363150339 0.0126728379 0 0.0384627418 -0.264311648 1
465 700 0 0.0366995982 0.0125575687 0 0.0387885684 -0.282418767 1
469 700 0 0.0370800399 0.0124021743 0 0.0390991469 -0.300622083 1
473 700 0 0.0374551261 0.0122060236 0 0.0393938254 -0.318842925 1
477 700 0 0.0378236078 0.0119687006 0 0.0396720947 -0.336999663 1
481 700 0 0.0381842266 0.0116900143 0 0.0399335898 -0.355008252 1
485 700 0 0.0385357221 0.0113700066 0 0.0401780902 -0.372782811 1
489 700 0 0.0388768386 0.0110089586 0 0.0404055163 -0.390236232 1
493 700 0 0.0392063327 0.0106073951 0 0.0406159249 -0.407280826 1
497 700 0 0.0395229807 0.0101660865 0 0.0408095004 -0.423828988 1
501 700 0 0.0398255864 0.00968604975 0 0.0409865452 -0.439793881 1
505 700 0 0.0401129878 0.00916854595 0 0.0411474668 -0.455090126 1
509 700 0 0.0403840656 0.00861507675 0 0.0412927633 -0.469634499 1
513 700 0 0.0406377495 0.00802737806 0 0.0414230067 -0.483346619 1
517 700 0 0.0408730256 0.00740741192 0 0.0415388248 -0.496149627 1
521 700 0 0.0410889431 0.00675735611 0 0.0416408827 -0.507970838 1
525 700 0 0.041284621 0.00607959182 0 0.0417298618 -0.518742378 1
529 700 0 0.0414592533 0.00537668941 0 0.0418064406 -0.528401772 1
533 700 0 0.0416121154 0.00465139232 0 0.0418712742 -0.536892496 1
537 700 0 0.0417425686 0.00390659935 0 0.0419249753 -0.544164485 1
541 700 0 0.0418500647 0.00314534541 0 0.0419680964 -0.550174582 1
545 700 0 0.0419341497 0.00237078095 0 0.0420011132 -0.554886927 1
549 700 0 0.0419944671 0.00158615027 0 0.0420244113 -0.558273281 1
553 700 0 0.0420307607 0.000794768833 0 0.0420382743 -0.560313289 1
557 700 0 0.0420428758 -0 0 0.0420428758 -0.560994661 1
561 700 0 0.0420307607 -0.000794768833 0 0.0420382743 -0.560313289 1
565 700 0 0.0419944671 -0.00158615027 0 0.0420244113 -0.558273281 1
569 700 0 0.0419341497 -0.00237078095 0 0.0420011132 -0.554886927 1
573 700 0 0.0418500647 -0.00314534541 0 0.0419680964 -0.550174582 1
577 700 0 0.0417425686 -0.00390659935 0 0.0419249753 -0.544164485 1
581 700 0 0.0416121154 -0.00465139232 0 0.0418712742 -0.536892496 1
585 700 0 0.0414592533 -0.00537668941 0 0.0418064406 -0.528401772 1
589 700 0 0.041284621 -0.00607959182 0 0.0417298618 -0.518742378 1
593 700 0 0.0410889431 -0.00675735611 0 0.0416408827 -0.507970838 1
597 700 0 0.0408730256 -0.00740741192 0 0.0415388248 -0.496149627 1
601 700 0 0.0406377495 -0.00802737806 0 0.0414230067 -0.483346619 1
605 700 0 0.0403840656 -0.00861507675 0 0.0412927633 -0.469634499 1
609 700 0 0.0401129878 -0.00916854595 0 0.0411474668 -0.455090126 1
613 700 0 0.0398255864 -0.00968604975 0 0.0409865452 -0.439793881 1
617 700 0 0.0395229807 -0.0101660865 0 0.0408095004 -0.423828988 1
621 700 0 0.0392063327 -0.0106073951 0 0.0406159249 -0.407280826 1
625 700 0 0.0388768386 -0.0110089586 0 0.0404055163 -0.390236232 1
629 700 0 0.0385357221 -0.0113700066 0 0.0401780902 -0.372782811 1
633 700 0 0.0381842266 -0.0116900143 0 0.0399335898 -0.355008252 1
637 700 0 0.0378236078 -0.0119687006 0 0.0396720947 -0.336999663 1
641 700 0 0.0374551261 -0.0122060236 0 0.0393938254 -0.318842925 1
645 700 0 0.0370800399 -0.0124021743 0 0.0390991469 -0.300622083 1
649 700 0 0.0366995982 -0.0125575687 0 0.0387885684 -0.282418767 1
653 700 0 0.0363150339 -0.0126728379 0 0.0384627418 -0.264311648 1
657 700 0 0.0359275577 -0.0127488173 0 0.0381224572 -0.246375954 1
661 700 0 0.0355383519 -0.0127865336 0 0.0377686364 -0.228683016 0
665 700 0 0.0351485646 -0.0127871914 0 0.0374023242 -0.21129988 0
669 700 0 0.0347593047 -0.0127521582 0 0.0370246783 -0.194288962 0
673 700 0 0.0343716374 -0.0126829493 0 0.0366369576 -0.177707765 0
677 700 0 0.0339865793 -0.012581211 0 0.0362405083 -0.161608651 0
681 700 0 0.0336050952 -0.0124487044 0 0.0358367502 -0.146038665 0
685 700 0 0.0332280948 -0.0122872883 0 0.035427161 -0.131039419 0
689 700 0 0.0328564298 -0.0120989018 0 0.0350132604 -0.116647031 0
693 700 0 0.0324908916 -0.011885548 0 0.0345965936 -0.102892113 0
697 700 0 0.0321322101 -0.0116492765 0 0.0341787152 -0.0897998086 0
701 700 0 0.0317810521 -0.0113921676 0 0.0337611723 -0.0773898878 1
705 700 0 0.0314380208 -0.0111163159 0 0.0333454889 -0.065676873 1
709 700 0 0.0311036553 -0.0108238155 0 0.0329331498 -0.0546702149 1
713 700 0 0.0307784315 -0.0105167453 0 0.0325255865 -0.0443745014 1
717 700 0 0.0304627619 -0.0101971555 0 0.0321241629 -0.0347897 1
721 700 0 0.0301569973 -0.00986705488 0 0.0317301632 -0.0259114285 1
725 700 0 0.0298614283 -0.00952839937 0 0.0313447809 -0.0177312493 1
729 700 0 0.0295762864 -0.00918308128 0 0.0309691087 -0.0102369831 1
733 700 0 0.0293017468 -0.00883292 0 0.0306041311 -0.00341303774 1
737 700 0 0.0290379304 -0.00847965376 0 0.0302507178 0.00275925241 1
741 700 0 0.0287849064 -0.00812493245 0 0.0299096199 0.00830128105 1
745 700 0 0.0285426953 -0.00777031175 0 0.0295814672 0.0132368218 1
749 700 0 0.0283112716 -0.0074172483 0 0.0292667673 0.0175916821 1
753 700 0 0.0280905668 -0.00706709602 0 0.0289659073 0.0213933611 1
757 700 0 0.0278804729 -0.00672110353 0 0.0286791563 0.0246707173 1
761 700 0 0.0276808456 -0.00638041257 0 0.0284066696 0.0274536464 1
765 700 0 0.0274915072 -0.00604605748 0 0.0281484951 0.0297727728 1
769 700 0 0.0273122502 -0.00571896549 0 0.0279045799 0.0316591584 1
773 700 0 0.0271428405 -0.005399958 0 0.027674778 0.0331440279 1
777 700 0 0.0269830205 -0.00508975249 0 0.0274588596 0.0342585144 1
781 700 0 0.0268325122 -0.0047889653 0 0.0272565203 0.0350334259 1
785 700 0 0.0266910206 -0.00449811489 0 0.0270673903 0.0354990325 1
789 700 0 0.0265582361 -0.00421762579 0 0.0268910445 0.0356848771 1
793 700 0 0.0264338376 -0.0039478329 0 0.0267270117 0.0356196064 1
797 700 0 0.0263174951 -0.00368898625 0 0.0265747844 0.0353308266 1
801 700 0 0.0262088722 -0.00344125609 0 0.0264338273 0.034844979 1
805 700 0 0.0261076284 -0.0032047382 0 0.0263035855 0.0341872381 1
809 700 0 0.0260134215 -0.00297945934 0 0.0261834925 0.0333814301 1
813 700 0 0.0259259094 -0.00276538288 0 0.0260729769 0.0324499712 1
817 700 0 0.025844752 -0.00256241444 0 0.0259714685 0.0314138244 1
821 700 0 0.0257696128 -0.00237040747 0 0.0258784037 0.0302924735 1
825 700 0 0.0257001606 -0.00218916889 0 0.0257932301 0.0291039139 1
829 700 0 0.0256360707 -0.00201846446 0 0.0257154102 0.0278646569 1
833 700 0 0.0255770261 -0.00185802414 0 0.0256444247 0.0265897488 1
837 700 0 0.0255227185 -0.00170754715 0 0.0255797748 0.0252928002 1
841 700 0 0.0254728492 -0.00156670689 0 0.0255209838 0.0239860268 1
845 700 0 0.0254271296 -0.00143515556 0 0.0254675989 0.0226802987 1
849 700 0 0.0253852823 -0.00131252854 0 0.0254191914 0.0213851967 1
853 700 0 0.0253470411 -0.00119844847 0 0.0253753575 0.0201090758 1
857 700 0 0.0253121512 -0.00109252905 0 0.0253357182 0.0188591325 1
861 700 0 0.0252803699 -0.000994378551 0 0.0252999188 0.0176414759 1
253 704 0 0.0253022918 0.000953002922 0 0.0253202327 0.0176211668 1
257 704 0 0.025336558 0.00104706943 0 0.0253581846 0.0188690637 1
261 704 0 0.025374176 0.00114858159 0 0.0254001584 0.0201558176 1
265 704 0 0.0254154073 0.00125791484 0 0.025446518 0.0214761914 1
269 704 0 0.0254605266 0.00137543941 0 0.0254976518 0.0228239364 1
273 704 0 0.0255098209 0.00150151695 0 0.0255539726 0.0241917232 1
277 704 0 0.0255635895 0.00163649691 0 0.0256159175 0.025571076 1
281 704 0 0.0256221434 0.00178071262 0 0.0256839477 0.0269523114 1
285 704 0 0.0256858046 0.0019344771 0 0.0257585474 0.0283244825 1
289 704 0 0.0257549057 0.00209807859 0 0.0258402225 0.0296753297 1
293 704 0 0.0258297883 0.00227177592 0 0.0259294992 0.0309912401 1
297 704 0 0.0259108026 0.00245579357 0 0.0260269209 0.0322572158 1
301 704 0 0.0259983056 0.00265031659 0 0.0261330456 0.0334568535 1
305 704 0 0.0260926602 0.00285548542 0 0.0262484422 0.0345723365 1
309 704 0 0.0261942331 0.00307139054 0 0.0263736855 0.03558444 1
313 704 0 0.026303393 0.00329806703 0 0.0265093517 0.0364725513 1
317 704 0 0.0264205091 0.00353548925 0 0.0266560122 0.0372147071 1
321 704 0 0.0265459483 0.00378356541 0 0.0268142265 0.037787647 1
325 704 0 0.0266800735 0.00404213235 0 0.0269845355 0.0381668861 1
329 704 0 0.0268232403 0.00431095043 0 0.0271674532 0.0383268073 1
333 704 0 0.026975795 0.00458969868 0 0.0273634583 0.0382407729 1
337 704 0 0.0271380714 0.00487797026 0 0.0275729852 0.0378812577 1
341 704 0 0.0273103876 0.00517526826 0 0.0277964148 0.0372200022 1
345 704 0 0.0274930434 0.005481002 0 0.0280340653 0.036228188 1
349 704 0 0.0276863163 0.00579448384 0 0.0282861831 0.034876633 1
353 704 0 0.027890459 0.00611492657 0 0.0285529338 0.0331360077 1
357 704 0 0.028105695 0.00644144154 0 0.0288343937 0.0309770713 1
361 704 0 0.0283322159 0.00677303745 0 0.0291305423 0.0283709254 1
365 704 0 0.0285701775 0.00710862005 0 0.0294412554 0.0252892861 1
369 704 0 0.0288196961 0.00744699269 0 0.0297662995 0.0217047708 1
373 704 0 0.0290808455 0.00778685779 0 0.0301053273 0.0175911983 1
377 704 0 0.0293536532 0.00812681931 0 0.030457875 0.0129239002 1
381 704 0 0.0296380972 0.00846538632 0 0.0308233608 0.00768004003 1
385 704 0 0.0299341029 0.00880097754 0 0.0312010852 0.0018389381 1
389 704 0 0.0302415398 0.00913192711 0 0.031590233 -0.00461760243 1
393 704 0 0.0305602192 0.00945649132 0 0.0319898769 -0.0117049707 1
397 704 0 0.0308898912 0.00977285657 0 0.0323989831 -0.0194354292 1
401 704 0 0.0312302428 0.0100791484 0 0.0328164181 -0.0278178035 1
405 704 0 0.0315808957 0.0103734416 0 0.0332409576 -0.0368571867 1
409 704 0 0.031941405 0.0106537712 0 0.0336712962 -0.0465546605 1
413 704 0 0.0323112577 0.0109181448 0 0.034106059 -0.0569070388 1
417 704 0 0.0326898725 0.0111645556 0 0.0345438137 -0.0679066371 1
421 704 0 0.033076599 0.0113909959 0 0.0349830843 -0.0795410721 1
425 704 0 0.0334707183 0.0115954721 0 0.0354223652 -0.0917930956 1
429 704 0 0.0338714436 0.0117760199 0 0.0358601357 -0.104640466 1
433 704 0 0.0342779214 0.0119307196 0 0.0362948752 -0.118055861 1
437 704 0 0.0346892334 0.0120577127 0 0.0367250779 -0.132006833 1
441 704 0 0.0351043989 0.0121552177 0 0.0371492684 -0.146455819 1
445 704 0 0.0355223777 0.0122215468 0 0.0375660155 -0.161360186 1
449 704 0 0.0359420735 0.0122551223 0 0.0379739472 -0.176672339 1
453 704 0 0.036362338 0.0122544919 0 0.038371763 -0.19233988 1
457 704 0 0.0367819755 0.012218345 0 0.0387582466 -0.208305812 1
461 704 0 0.0371997482 0.0121455271 0 0.0391322768 -0.224508803 1
465 704 0 0.0376143812 0.0120350541 0 0.0394928374 -0.240883497 1
469 704 0 0.0380245695 0.0118861256 0 0.0398390244 -0.257360883 1
473 704 0 0.0384289834 0.0116981366 0 0.0401700531 -0.273868697 1
477 704 0 0.0388262763 0.0114706885 0 0.0404852619 -0.290331889 1
481 704 0 0.0392150917 0.0112035982 0 0.040784115 -0.306673113 1
485 704 0 0.0395940704 0.0108969059 0 0.0410662023 -0.32281327 1
489 704 0 0.0399618585 0.010550881 0 0.0413312379 -0.338672073 1
493 704 0 0.0403171155 0.0101660263 0 0.041579056 -0.354168648 1
497 704 0 0.0406585221 0.00974308039 0 0.0418096045 -0.369222151 1
501 704 0 0.0409847882 0.00928301773 0 0.0420229376 -0.383752401 1
505 704 0 0.0412946614 0.00878704703 0 0.0422192048 -0.397680532 1
509 704 0 0.0415869345 0.00825660741 0 0.0423986402 -0.410929631 1
513 704 0 0.0418604537 0.0076933626 0 0.0425615486 -0.423425387 1
517 704 0 0.0421141259 0.00709919296 0 0.0427082912 -0.435096719 1
521 704 0 0.0423469259 0.00647618567 0 0.0428392707 -0.445876389 1
525 704 0 0.0425579036 0.00582662284 0 0.0429549147 -0.455701588 1
529 704 0 0.0427461904 0.00515296786 0 0.0430556601 -0.464514493 1
533 704 0 0.0429110047 0.00445785005 0 0.0431419372 -0.472262777 1
537 704 0 0.0430516579 0.00374404757 0 0.0432141544 -0.478900084 1
541 704 0 0.043167559 0.00301446905 0 0.0432726839 -0.484386449 1
545 704 0 0.0432582185 0.00227213386 0 0.0433178492 -0.488688658 1
549 704 0 0.0433232522 0.00152015129 0 0.043349914 -0.491780555 1
553 704 0 0.0433623835 0.000761698872 0 0.043369073 -0.493643286 1
557 704 0 0.0433754459 -0 0 0.0433754459 -0.494265465 1
561 704 0 0.0433623835 -0.000761698872 0 0.043369073 -0.493643286 1
565 704 0 0.0433232522 -0.00152015129 0 0.043349914 -0.491780555 1
569 704 0 0.0432582185 -0.00227213386 0 0.0433178492 -0.488688658 1
573 704 0 0.043167559 -0.00301446905 0 0.0432726839 -0.484386449 1
577 704 0 0.0430516579 -0.00374404757 0 0.0432141544 -0.478900084 1
581 704 0 0.0429110047 -0.00445785005 0 0.0431419372 -0.472262777 1
585 704 0 0.0427461904 -0.00515296786 0 0.0430556601 -0.464514493 1
589 704 0 0.0425579036 -0.00582662284 0 0.0429549147 -0.455701588 1
593 704 0 0.0423469259 -0.00647618567 0 0.0428392707 -0.445876389 1
597 704 0 0.0421141259 -0.00709919296 0 0.0427082912 -0.435096719 1
601 704 0 0.0418604537 -0.0076933626 0 0.0425615486 -0.423425387 1
605 704 0 0.0415869345 -0.00825660741 0 0.0423986402 -0.410929631 1
609 704 0 0.0412946614 -0.00878704703 0 0.0422192048 -0.397680532 1
613 704 0 0.0409847882 -0.00928301773 0 0.0420229376 -0.383752401 1
617 704 0 0.0406585221 -0.00974308039 0 0.0418096045 -0.369222151 1
621 704 0 0.0403171155 -0.0101660263 0 0.041579056 -0.354168648 1
625 704 0 0.0399618585 -0.010550881 0 0.0413312379 -0.338672073 1
629 704 0 0.0395940704 -0.0108969059 0 0.0410662023 -0.32281327 1
633 704 0 0.0392150917 -0.0112035982 0 0.040784115 -0.306673113 1
637 704 0 0.0388262763 -0.0114706885 0 0.0404852619 -0.290331889 1
641 704 0 0.0384289834 -0.0116981366 0 0.0401700531 -0.273868697 1
645 704 0 0.0380245695 -0.0118861256 0 0.0398390244 -0.257360883 1
649 704 0 0.0376143812 -0.0120350541 0 0.0394928374 -0.240883497 1
653 704 0 0.0371997482 -0.0121455271 0 0.0391322768 -0.224508803 1
657 704 0 0.0367819755 -0.012218345 0 0.0387582466 -0.208305812 1
661 704 0 0.036362338 -0.0122544919 0 0.038371763 -0.19233988 0
665 704 0 0.0359420735 -0.0122551223 0 0.0379739472 -0.176672339 0
669 704 0 0.0355223777 -0.0122215468 0 0.0375660155 -0.161360186 0
673 704 0 0.0351043989 -0.0121552177 0 0.0371492684 -0.146455819 0
677 704 0 0.0346892334 -0.0120577127 0 0.0367250779 -0.132006833 0
681 704 0 0.0342779214 -0.0119307196 0 0.0362948752 -0.118055861 0
685 704 0 0.0338714436 -0.0117760199 0 0.0358601357 -0.104640466 0
689 704 0 0.0334707183 -0.0115954721 0 0.0354223652 -0.0917930956 0
693 704 0 0.033076599 -0.0113909959 0 0.0349830843 -0.0795410721 0
697 704 0 0.0326898725 -0.0111645556 0 0.0345438137 -0.0679066371 0
701 704 0 0.0323112577 -0.0109181448 0 0.034106059 -0.0569070388 0
705 704 0 0.031941405 -0.0106537712 0 0.0336712962 -0.0465546605 1
709 704 0 0.0315808957 -0.0103734416 0 0.0332409576 -0.0368571867 1
713 704 0 0.0312302428 -0.0100791484 0 0.0328164181 -0.0278178035 1
717 704 0 0.0308898912 -0.00977285657 0 0.0323989831 -0.0194354292 1
721 704 0 0.0305602192 -0.00945649132 0 0.0319898769 -0.0117049707 1
725 704 0 0.0302415398 -0.00913192711 0 0.031590233 -0.00461760243 1
729 704 0 0.0299341029 -0.00880097754 0 0.0312010852 0.0018389381 1
733 704 0 0.0296380972 -0.00846538632 0 0.0308233608 0.00768004003 1
737 704 0 0.0293536532 -0.00812681931 0 0.030457875 0.0129239002 1
741 704 0 0.0290808455 -0.00778685779 0 0.0301053273 0.0175911983 1
745 704 0 0.0288196961 -0.00744699269 0 0.0297662995 0.0217047708 1
749 704 0 0.0285701775 -0.00710862005 0 0.0294412554 0.0252892861 1
753 704 0 0.0283322159 -0.00677303745 0 0.0291305423 0.0283709254 1
757 704 0 0.028105695 -0.00644144154 0 0.0288343937 0.0309770713 1
761 704 0 0.027890459 -0.00611492657 0 0.0285529338 0.0331360077 1
765 704 0 0.0276863163 -0.00579448384 0 0.0282861831 0.034876633 1
769 704 0 0.0274930434 -0.005481002 0 0.0280340653 0.036228188 1
773 704 0 0.0273103876 -0.00517526826 0 0.0277964148 0.0372200022 1
777 704 0 0.0271380714 -0.00487797026 0 0.0275729852 0.0378812577 1
781 704 0 0.026975795 -0.00458969868 0 0.0273634583 0.0382407729 1
785 704 0 0.0268232403 -0.00431095043 0 0.0271674532 0.0383268073 1
789 704 0 0.0266800735 -0.00404213235 0 0.0269845355 0.0381668861 1
793 704 0 0.0265459483 -0.00378356541 0 0.0268142265 0.037787647 1
797 704 0 0.0264205091 -0.00353548925 0 0.0266560122 0.0372147071 1
801 704 0 0.026303393 -0.00329806703 0 0.0265093517 0.0364725513 1
805 704 0 0.0261942331 -0.00307139054 0 0.0263736855 0.03558444 1
809 704 0 0.0260926602 -0.00285548542 0 0.0262484422 0.0345723365 1
813 704 0 0.0259983056 -0.00265031659 0 0.0261330456 0.0334568535 1
817 704 0 0.0259108026 -0.00245579357 0 0.0260269209 0.0322572158 1
821 704 0 0.0258297883 -0.00227177592 0 0.0259294992 0.0309912401 1
825 704 0 0.0257549057 -0.00209807859 0 0.0258402225 0.0296753297 1
829 704 0 0.0256858046 -0.0019344771 0 0.0257585474 0.0283244825 1
833 704 0 0.0256221434 -0.00178071262 0 0.0256839477 0.0269523114 1
837 704 0 0.0255635895 -0.00163649691 0 0.0256159175 0.025571076 1
841 704 0 0.0255098209 -0.00150151695 0 0.0255539726 0.0241917232 1
845 704 0 0.0254605266 -0.00137543941 0 0.0254976518 0.0228239364 1
849 704 0 0.0254154073 -0.00125791484 0 0.025446518 0.0214761914 1
853 704 0 0.025374176 -0.00114858159 0 0.0254001584 0.0201558176 1
857 704 0 0.025336558 -0.00104706943 0 0.0253581846 0.0188690637 1
861 704 0 0.0253022918 -0.000953002922 0 0.0253202327 0.0176211668 1
253 708 0 0.0253202985 0.000908793568 0 0.0253366024 0.0175644382 1
257 708 0 0.0253566058 0.000998496374 0 0.0253762577 0.0188406756 1
261 708 0 0.0253964646 0.00109529943 0 0.0254200726 0.0201624021 1
265 708 0 0.0254401519 0.00119956076 0 0.0254684172 0.0215252819 1
269 708 0 0.0254879589 0.00131163342 0 0.0255216855 0.0229240471 1
273 708 0 0.0255401895 0.00143186229 0 0.0255802953 0.0243524306 1
277 708 0 0.0255971609 0.00156058059 0 0.0256446887 0.0258031031 1
281 708 0 0.0256592027 0.00169810621 0 0.025715331 0.0272676129 1
285 708 0 0.0257266561 0.00184473762 0 0.02579271 0.0287363314 1
289 708 0 0.0257998733 0.00200074972 0 0.0258773349 0.0301984043 1
293 708 0 0.0258792164 0.00216638931 0 0.025969734 0.0316417102 1
297 708 0 0.0259650565 0.00234187046 0 0.0260704529 0.033052828 1
301 708 0 0.0260577719 0.00252736966 0 0.0261800511 0.0344170142 1
305 708 0 0.0261577469 0.00272302081 0 0.0262990982 0.0357181912 1
309 708 0 0.0262653702 0.00292891018 0 0.0264281703 0.0369389488 1
313 708 0 0.0263810325 0.00314507126 0 0.0265678442 0.038060559 1
317 708 0 0.0265051248 0.00337147957 0 0.0267186923 0.0390630059 1
321 708 0 0.0266380361 0.0036080476 0 0.0268812756 0.0399250317 1
325 708 0 0.0267801507 0.00385461974 0 0.0270561373 0.0406242003 1
329 708 0 0.0269318456 0.00411096748 0 0.0272437949 0.0411369782 1
333 708 0 0.0270934876 0.00437678473 0 0.027444732 0.0414388346 1
337 708 0 0.0272654303 0.00465168353 0 0.0276593899 0.041504361 1
341 708 0 0.0274480109 0.00493519001 0 0.0278881588 0.0413074098 1
345 708 0 0.027641547 0.00522674091 0 0.0281313693 0.0408212535 1
349 708 0 0.0278463327 0.00552568047 0 0.028389283 0.0400187625 1
353 708 0 0.0280626355 0.00583125802 0 0.0286620844 0.0388726034 1
357 708 0 0.0282906926 0.00614262611 0 0.0289498729 0.0373554544 1
361 708 0 0.0285307067 0.00645883944 0 0.0292526551 0.03544024 1
365 708 0 0.0287828429 0.00677885453 0 0.0295703384 0.03310038 1
369 708 0 0.0290472247 0.00710153023 0 0.0299027255 0.0303100553 1
373 708 0 0.02932393 0.00742562914 0 0.0302495097 0.0270444847 1
377 708 0 0.0296129881 0.00774982001 0 0.0306102724 0.0232802133 1
381 708 0 0.0299143756 0.00807268105 0 0.0309844808 0.0189954087 1
385 708 0 0.0302280135 0.00839270436 0 0.0313714884 0.0141701627 1
389 708 0 0.0305537636 0.00870830133 0 0.0317705364 0.00878679452 1
393 708 0 0.0308914258 0.00901780916 0 0.0321807562 0.00283015369 1
397 708 0 0.0312407355 0.00931949838 0 0.0326011749 -0.00371208194 1
401 708 0 0.0316013609 0.00961158147 0 0.0330307207 -0.0108491166 1
405 708 0 0.0319729012 0.00989222251 0 0.0334682309 -0.0185867589 1
409 708 0 0.032354885 0.0101595478 0 0.0339124607 -0.02692716 1
413 708 0 0.0327467688 0.0104116572 0 0.0343620935 -0.0358685724 1
417 708 0 0.0331479366 0.0106466371 0 0.0348157519 -0.045405131 1
421 708 0 0.0335576993 0.010862573 0 0.0352720098 -0.0555266636 1
425 708 0 0.0339752952 0.0110575637 0 0.0357294052 -0.0662185313 1
429 708 0 0.0343998906 0.0112297359 0 0.0361864538 -0.0774615041 1
433 708 0 0.0348305811 0.0113772592 0 0.0366416622 -0.0892316749 1
437 708 0 0.0352663938 0.0114983611 0 0.0370935418 -0.101500414 1
441 708 0 0.0357062896 0.0115913429 0 0.0375406226 -0.114234365 1
445 708 0 0.0361491662 0.0116545951 0 0.0379814666 -0.127395493 1
449 708 0 0.0365938621 0.011686613 0 0.0384146803 -0.140941171 1
453 708 0 0.0370391605 0.0116860118 0 0.0388389274 -0.154824318 1
457 708 0 0.0374837947 0.0116515417 0 0.0392529399 -0.168993591 1
461 708 0 0.0379264529 0.0115821018 0 0.0396555281 -0.18339362 1
465 708 0 0.0383657845 0.0114767536 0 0.0400455902 -0.197965288 1
469 708 0 0.0388004065 0.0113347339 0 0.0404221194 -0.212646068 1
473 708 0 0.0392289102 0.0111554656 0 0.0407842103 -0.227370396 1
477 708 0 0.0396498688 0.0109385687 0 0.0411310635 -0.242070092 1
481 708 0 0.0400618448 0.0106838686 0 0.0414619881 -0.256674811 1
485 708 0 0.0404633982 0.0103914036 0 0.0417764032 -0.271112544 1
489 708 0 0.0408530944 0.0100614306 0 0.0420738364 -0.285310137 1
493 708 0 0.0412295131 0.00969442915 0 0.042353922 -0.299193839 1
497 708 0 0.0415912563 0.0092911035 0 0.0426163959 -0.312689876 1
501 708 0 0.0419369571 0.00885238293 0 0.0428610902 -0.325725036 1
505 708 0 0.0422652886 0.00837942007 0 0.0430879252 -0.33822726 1
509 708 0 0.0425749717 0.0078735873 0 0.0432969004 -0.350126242 1
513 708 0 0.0428647836 0.00733647115 0 0.0434880844 -0.361354022 1
517 708 0 0.0431335663 0.00676986476 0 0.0436616034 -0.371845568 1
521 708 0 0.0433802336 0.00617575848 0 0.0438176295 -0.381539339 1
525 708 0 0.0436037787 0.00555632856 0 0.0439563681 -0.390377833 1
529 708 0 0.0438032811 0.00491392412 0 0.0440780454 -0.398308093 1
533 708 0 0.0439779129 0.00425105249 0 0.0441828957 -0.405282187 1
537 708 0 0.0441269445 0.00357036297 0 0.04427115 -0.411257643 1
541 708 0 0.0442497495 0.00287462926 0 0.0443430245 -0.416197836 1
545 708 0 0.0443458093 0.00216673065 0 0.0443987109 -0.420072325 1
549 708 0 0.0444147169 0.00144963219 0 0.0444383675 -0.422857136 1
553 708 0 0.0444561792 0.000726364022 0 0.0444621127 -0.424534982 1
557 708 0 0.0444700196 -0 0 0.0444700196 -0.425095427 1
561 708 0 0.0444561792 -0.000726364022 0 0.0444621127 -0.424534982 1
565 708 0 0.0444147169 -0.00144963219 0 0.0444383675 -0.422857136 1
569 708 0 0.0443458093 -0.00216673065 0 0.0443987109 -0.420072325 1
573 708 0 0.0442497495 -0.00287462926 0 0.0443430245 -0.416197836 1
577 708 0 0.0441269445 -0.00357036297 0 0.04427115 -0.411257643 1
581 708 0 0.0439779129 -0.00425105249 0 0.0441828957 -0.405282187 1
585 708 0 0.0438032811 -0.00491392412 0 0.0440780454 -0.398308093 1
589 708 0 0.0436037787 -0.00555632856 0 0.0439563681 -0.390377833 1
593 708 0 0.0433802336 -0.00617575848 0 0.0438176295 -0.381539339 1
597 708 0 0.0431335663 -0.00676986476 0 0.0436616034 -0.371845568 1
601 708 0 0.0428647836 -0.00733647115 0 0.0434880844 -0.361354022 1
605 708 0 0.0425749717 -0.0078735873 0 0.0432969004 -0.350126242 1
609 708 0 0.0422652886 -0.00837942007 0 0.0430879252 -0.33822726 1
613 708 0 0.0419369571 -0.00885238293 0 0.0428610902 -0.325725036 1
617 708 0 0.0415912563 -0.0092911035 0 0.0426163959 -0.312689876 1
621 708 0 0.0412295131 -0.00969442915 0 0.042353922 -0.299193839 1
625 708 0 0.0408530944 -0.0100614306 0 0.0420738364 -0.285310137 1
629 708 0 0.0404633982 -0.0103914036 0 0.0417764032 -0.271112544 1
633 708 0 0.0400618448 -0.0106838686 0 0.0414619881 -0.256674811 1
637 708 0 0.0396498688 -0.0109385687 0 0.0411310635 -0.242070092 1
641 708 0 0.0392289102 -0.0111554656 0 0.0407842103 -0.227370396 1
645 708 0 0.0388004065 -0.0113347339 0 0.0404221194 -0.212646068 1
649 708 0 0.0383657845 -0.0114767536 0 0.0400455902 -0.197965288 1
653 708 0 0.0379264529 -0.0115821018 0 0.0396555281 -0.18339362 1
657 708 0 0.0374837947 -0.0116515417 0 0.0392529399 -0.168993591 1
661 708 0 0.0370391605 -0.0116860118 0 0.0388389274 -0.154824318 0
665 708 0 0.0365938621 -0.011686613 0 0.0384146803 -0.140941171 0
669 708 0 0.0361491662 -0.0116545951 0 0.0379814666 -0.127395493 0
673 708 0 0.0357062896 -0.0115913429 0 0.0375406226 -0.114234365 0
677 708 0 0.0352663938 -0.0114983611 0 0.0370935418 -0.101500414 0
681 708 0 0.0348305811 -0.0113772592 0 0.0366416622 -0.0892316749 0
685 708 0 0.0343998906 -0.0112297359 0 0.0361864538 -0.0774615041 0
689 708 0 0.0339752952 -0.0110575637 0 0.0357294052 -0.0662185313 0
693 708 0 0.0335576993 -0.010862573 0 0.0352720098 -0.0555266636 0
697 708 0 0.0331479366 -0.0106466371 0 0.0348157519 -0.045405131 0
701 708 0 0.0327467688 -0.0104116572 0 0.0343620935 -0.0358685724 0
705 708 0 0.032354885 -0.0101595478 0 0.0339124607 -0.02692716 1
709 708 0 0.0319729012 -0.00989222251 0 0.0334682309 -0.0185867589 1
713 708 0 0.0316013609 -0.00961158147 0 0.0330307207 -0.0108491166 1
717 708 0 0.0312407355 -0.00931949838 0 0.0326011749 -0.00371208194 1
721 708 0 0.0308914258 -0.00901780916 0 0.0321807562 0.00283015369 1
725 708 0 0.0305537636 -0.00870830133 0 0.0317705364 0.00878679452 1
729 708 0 0.0302280135 -0.00839270436 0 0.0313714884 0.0141701627 1
733 708 0 0.0299143756 -0.00807268105 0 0.0309844808 0.0189954087 1
737 708 0 0.0296129881 -0.00774982001 0 0.0306102724 0.0232802133 1
741 708 0 0.02932393 -0.00742562914 0 0.0302495097 0.0270444847 1
745 708 0 0.0290472247 -0.00710153023 0 0.0299027255 0.0303100553 1
749 708 0 0.0287828429 -0.00677885453 0 0.0295703384 0.03310038 1
753 708 0 0.0285307067 -0.00645883944 0 0.0292526551 0.03544024 1
757 708 0 0.0282906926 -0.00614262611 0 0.0289498729 0.0373554544 1
761 708 0 0.0280626355 -0.00583125802 0 0.0286620844 0.0388726034 1
765 708 0 0.0278463327 -0.00552568047 0 0.028389283 0.0400187625 1
769 708 0 0.027641547 -0.00522674091 0 0.0281313693 0.0408212535 1
773 708 0 0.0274480109 -0.00493519001 0 0.0278881588 0.0413074098 1
777 708 0 0.0272654303 -0.00465168353 0 0.0276593899 0.041504361 1
781 708 0 0.0270934876 -0.00437678473 0 0.027444732 0.0414388346 1
785 708 0 0.0269318456 -0.00411096748 0 0.0272437949 0.0411369782 1
789 708 0 0.0267801507 -0.00385461974 0 0.0270561373 0.0406242003 1
793 708 0 0.0266380361 -0.0036080476 0 0.0268812756 0.0399250317 1
797 708 0 0.0265051248 -0.00337147957 0 0.0267186923 0.0390630059 1
801 708 0 0.0263810325 -0.00314507126 0 0.0265678442 0.038060559 1
805 708 0 0.0262653702 -0.00292891018 0 0.0264281703 0.0369389488 1
809 708 0 0.0261577469 -0.00272302081 0 0.0262990982 0.0357181912 1
813 708 0 0.0260577719 -0.00252736966 0 0.0261800511 0.0344170142 1
817 708 0 0.0259650565 -0.00234187046 0 0.0260704529 0.033052828 1
821 708 0 0.0258792164 -0.00216638931 0 0.025969734 0.0316417102 1
825 708 0 0.0257998733 -0.00200074972 0 0.0258773349 0.0301984043 1
829 708 0 0.0257266561 -0.00184473762 0 0.02579271 0.0287363314 1
833 708 0 0.0256592027 -0.00169810621 0 0.025715331 0.0272676129 1
837 708 0 0.0255971609 -0.00156058059 0 0.0256446887 0.0258031031 1
841 708 0 0.0255401895 -0.00143186229 0 0.0255802953 0.0243524306 1
845 708 0 0.0254879589 -0.00131163342 0 0.0255216855 0.0229240471 1
849 708 0 0.0254401519 -0.00119956076 0 0.0254684172 0.0215252819 1
853 708 0 0.0253964646 -0.00109529943 0 0.0254200726 0.0201624021 1
857 708 0 0.0253566058 -0.000998496374 0 0.0253762577 0.0188406756 1
861 708 0 0.0253202985 -0.000908793568 0 0.0253366024 0.0175644382 1
253 712 0 0.0253343083 0.000862312704 0 0.0253489794 0.0174638741 1
257 712 0 0.0253722037 0.000947427599 0 0.0253898866 0.0187652698 1
261 712 0 0.0254138058 0.0010392796 0 0.0254350472 0.0201186735 1
265 712 0 0.0254594041 0.00113820841 0 0.0254848342 0.021520662 1
269 712 0 0.0255093021 0.00124454904 0 0.0255396436 0.0229669611 1
273 712 0 0.0255638172 0.00135862872 0 0.025599895 0.024452382 1
277 712 0 0.0256232806 0.00148076364 0 0.0256660314 0.02597076 1
281 712 0 0.0256880361 0.00161125541 0 0.0257385186 0.0275148966 1
285 712 0 0.0257584399 0.00175038726 0 0.0258178442 0.0290765055 1
289 712 0 0.0258348595 0.00189842002 0 0.0259045163 0.0306461649 1
293 712 0 0.0259176732 0.00205558786 0 0.025999062 0.0322132753 1
297 712 0 0.0260072678 0.00222209391 0 0.0261020245 0.0337660261 1
301 712 0 0.0261040386 0.00239810562 0 0.0262139608 0.0352913701 1
305 712 0 0.0262083865 0.00258375006 0 0.0263354379 0.0367750097 1
309 712 0 0.0263207172 0.00277910908 0 0.0264670285 0.0382013926 1
313 712 0 0.0264414385 0.00298421446 0 0.0266093067 0.0395537223 1
317 712 0 0.0265709586 0.00319904296 0 0.0267628421 0.0408139804 1
321 712 0 0.0267096834 0.00342351155 0 0.0269281938 0.0419629653 1
325 712 0 0.0268580141 0.0036574726 0 0.0271059039 0.0429803453 1
329 712 0 0.0270163441 0.00390070925 0 0.0272964902 0.0438447297 1
333 712 0 0.0271850562 0.0041529311 0 0.0275004385 0.044533756 1
337 712 0 0.0273645197 0.00441377001 0 0.0277181944 0.045024196 1
341 712 0 0.0275550863 0.00468277637 0 0.0279501552 0.0452920794 1
345 712 0 0.0277570876 0.0049594157 0 0.0281966614 0.0453128363 1
349 712 0 0.0279708306 0.0052430658 0 0.0284579883 0.0450614578 1
353 712 0 0.0281965944 0.00553301437 0 0.0287343381 0.0445126744 1
357 712 0 0.0284346266 0.00582845733 0 0.0290258317 0.0436411525 1
361 712 0 0.0286851389 0.00612849771 0 0.0293325021 0.0424217064 1
365 712 0 0.0289483035 0.00643214541 0 0.0296542876 0.0408295266 1
369 712 0 0.0292242493 0.00673831764 0 0.0299910265 0.0388404218 1
373 712 0 0.0295130576 0.0070458403 0 0.0303424527 0.0364310728 1
377 712 0 0.0298147591 0.0073534502 0 0.0307081925 0.0335792969 1
381 712 0 0.0301293292 0.0076597983 0 0.0310877627 0.0302643204 1
385 712 0 0.0304566855 0.0079634538 0 0.03148057 0.0264670561 1
389 712 0 0.0307966839 0.00826290935 0 0.0318859124 0.0221703835 1
393 712 0 0.0311491154 0.00855658719 0 0.0323029808 0.0173594288 1
397 712 0 0.0315137038 0.0088428463 0 0.0327308639 0.0120218408 1
401 712 0 0.0318901028 0.00911999061 0 0.0331685527 0.0061480596 1
405 712 0 0.0322778942 0.00938627808 0 0.0336149471 -0.000268424421 1
409 712 0 0.0326765858 0.0096399308 0 0.0340688645 -0.0072308269 1
413 712 0 0.0330856105 0.00987914596 0 0.0345290479 -0.0147388429 1
417 712 0 0.0335043253 0.0101021076 0 0.0349941766 -0.0227884421 1
421 712 0 0.033932011 0.0103069993 0 0.0354628764 -0.0313716885 1
425 712 0 0.0343678724 0.0104920171 0 0.0359337317 -0.0404765895 1
429 712 0 0.0348110395 0.0106553835 0 0.0364052972 -0.0500869751 1
433 712 0 0.0352605683 0.0107953615 0 0.0368761102 -0.0601824132 1
437 712 0 0.0357154434 0.0109102696 0 0.0373447035 -0.0707381616 1
441 712 0 0.03617458 0.0109984958 0 0.0378096172 -0.0817251595 1
445 712 0 0.036636828 0.0110585129 0 0.0382694117 -0.0931100611 1
449 712 0 0.0371009747 0.0110888932 0 0.0387226791 -0.104855313 1
453 712 0 0.0375657504 0.0110883228 0 0.0391680547 -0.116919273 1
457 712 0 0.0380298328 0.0110556157 0 0.0396042273 -0.12925638 1
461 712 0 0.0384918528 0.0109897273 0 0.0400299492 -0.141817362 1
465 712 0 0.0389504006 0.0108897673 0 0.0404440446 -0.15454949 1
469 712 0 0.0394040329 0.0107550112 0 0.0408454168 -0.16739688 1
473 712 0 0.0398512792 0.0105849117 0 0.0412330549 -0.18030083 1
477 712 0 0.0402906505 0.0103791082 0 0.041606038 -0.1932002 1
481 712 0 0.0407206462 0.0101374349 0 0.0419635391 -0.206031825 1
485 712 0 0.0411397634 0.0098599282 0 0.0423048262 -0.218730965 1
489 712 0 0.0415465049 0.0095468319 0 0.042629263 -0.231231779 1
493 712 0 0.041939388 0.00919860099 0 0.0429363078 -0.243467827 1
497 712 0 0.0423169537 0.00881590371 0 0.0432255102 -0.255372592 1
501 712 0 0.0426777755 0.00839962179 0 0.0434965075 -0.266880007 1
505 712 0 0.0430204681 0.00795084894 0 0.0437490191 -0.277925007 1
509 712 0 0.0433436966 0.00747088733 0 0.0439828397 -0.288444067 1
513 712 0 0.0436461849 0.00696124235 0 0.0441978319 -0.298375748 1
517 712 0 0.043926724 0.00642361543 0 0.0443939176 -0.307661228 1
521 712 0 0.0441841805 0.00585989512 0 0.0445710688 -0.31624482 1
525 712 0 0.0444175033 0.00527214636 0 0.0447292983 -0.32407447 1
529 712 0 0.044625732 0.00466259814 0 0.0448686502 -0.331102222 1
533 712 0 0.0448080021 0.00403362953 0 0.0449891901 -0.337284658 1
537 712 0 0.0449635523 0.00338775433 0 0.045090996 -0.342583296 1
541 712 0 0.0450917288 0.00272760439 0 0.04517415 -0.346964944 1
545 712 0 0.0451919903 0.00205591174 0 0.0452387307 -0.350402009 1
549 712 0 0.0452639118 0.00137548977 0 0.0452848063 -0.352872758 1
553 712 0 0.0453071876 0.000689213641 0 0.0453124295 -0.354361518 1
557 712 0 0.0453216334 -0 0 0.0453216334 -0.354858826 1
561 712 0 0.0453071876 -0.000689213641 0 0.0453124295 -0.354361518 1
565 712 0 0.0452639118 -0.00137548977 0 0.0452848063 -0.352872758 1
569 712 0 0.0451919903 -0.00205591174 0 0.0452387307 -0.350402009 1
573 712 0 0.0450917288 -0.00272760439 0 0.04517415 -0.346964944 1
577 712 0 0.0449635523 -0.00338775433 0 0.045090996 -0.342583296 1
581 712 0 0.0448080021 -0.00403362953 0 0.0449891901 -0.337284658 1
585 712 0 0.044625732 -0.00466259814 0 0.0448686502 -0.331102222 1
589 712 0 0.0444175033 -0.00527214636 0 0.0447292983 -0.32407447 1
593 712 0 0.0441841805 -0.00585989512 0 0.0445710688 -0.31624482 1
597 712 0 0.043926724 -0.00642361543 0 0.0443939176 -0.307661228 1
601 712 0 0.0436461849 -0.00696124235 0 0.0441978319 -0.298375748 1
605 712 0 0.0433436966 -0.00747088733 0 0.0439828397 -0.288444067 1
609 712 0 0.0430204681 -0.00795084894 0 0.0437490191 -0.277925007 1
613 712 0 0.0426777755 -0.00839962179 0 0.0434965075 -0.266880007 1
617 712 0 0.0423169537 -0.00881590371 0 0.0432255102 -0.255372592 1
621 712 0 0.041939388 -0.00919860099 0 0.0429363078 -0.243467827 1
625 712 0 0.0415465049 -0.0095468319 0 0.042629263 -0.231231779 1
629 712 0 0.0411397634 -0.0098599282 0 0.0423048262 -0.218730965 1
633 712 0 0.0407206462 -0.0101374349 0 0.0419635391 -0.206031825 1
637 712 0 0.0402906505 -0.0103791082 0 0.041606038 -0.1932002 1
641 712 0 0.0398512792 -0.0105849117 0 0.0412330549 -0.18030083 1
645 712 0 0.0394040329 -0.0107550112 0 0.0408454168 -0.16739688 1
649 712 0 0.0389504006 -0.0108897673 0 0.0404440446 -0.15454949 1
653 712 0 0.0384918528 -0.0109897273 0 0.0400299492 -0.141817362 1
657 712 0 0.0380298328 -0.0110556157 0 0.0396042273 -0.12925638 1
661 712 0 0.0375657504 -0.0110883228 0 0.0391680547 -0.116919273 0
665 712 0 0.0371009747 -0.0110888932 0 0.0387226791 -0.104855313 0
669 712 0 0.036636828 -0.0110585129 0 0.0382694117 -0.0931100611 0
673 712 0 0.03617458 -0.0109984958 0 0.0378096172 -0.0817251595 0
677 712 0 0.0357154434 -0.0109102696 0 0.0373447035 -0.0707381616 0
681 712 0 0.0352605683 -0.0107953615 0 0.0368761102 -0.0601824132 0
685 712 0 0.0348110395 -0.0106553835 0 0.0364052972 -0.0500869751 0
689 712 0 0.0343678724 -0.0104920171 0 0.0359337317 -0.0404765895 0
693 712 0 0.033932011 -0.0103069993 0 0.0354628764 -0.0313716885 0
697 712 0 0.0335043253 -0.0101021076 0 0.0349941766 -0.0227884421 0
701 712 0 0.0330856105 -0.00987914596 0 0.0345290479 -0.0147388429 0
705 712 0 0.0326765858 -0.0096399308 0 0.0340688645 -0.0072308269 1
709 712 0 0.0322778942 -0.00938627808 0 0.0336149471 -0.000268424421 1
713 712 0 0.0318901028 -0.00911999061 0 0.0331685527 0.0061480596 1
717 712 0 0.0315137038 -0.0088428463 0 0.0327308639 0.0120218408 1
721 712 0 0.0311491154 -0.00855658719 0 0.0323029808 0.0173594288 1
725 712 0 0.0307966839 -0.00826290935 0 0.0318859124 0.0221703835 1
729 712 0 0.0304566855 -0.0079634538 0 0.03148057 0.0264670561 1
733 712 0 0.0301293292 -0.0076597983 0 0.0310877627 0.0302643204 1
737 712 0 0.0298147591 -0.0073534502 0 0.0307081925 0.0335792969 1
741 712 0 0.0295130576 -0.0070458403 0 0.0303424527 0.0364310728 1
745 712 0 0.0292242493 -0.00673831764 0 0.0299910265 0.0388404218 1
749 712 0 0.0289483035 -0.00643214541 0 0.0296542876 0.0408295266 1
753 712 0 0.0286851389 -0.00612849771 0 0.0293325021 0.0424217064 1
757 712 0 0.0284346266 -0.00582845733 0 0.0290258317 0.0436411525 1
761 712 0 0.0281965944 -0.00553301437 0 0.0287343381 0.0445126744 1
765 712 0 0.0279708306 -0.0052430658 0 0.0284579883 0.0450614578 1
769 712 0 0.0277570876 -0.0049594157 0 0.0281966614 0.0453128363 1
773 712 0 0.0275550863 -0.00468277637 0 0.0279501552 0.0452920794 1
777 712 0 0.0273645197 -0.00441377001 0 0.0277181944 0.045024196 1
781 712 0 0.0271850562 -0.0041529311 0 0.0275004385 0.044533756 1
785 712 0 0.0270163441 -0.00390070925 0 0.0272964902 0.0438447297 1
789 712 0 0.0268580141 -0.0036574726 0 0.0271059039 0.0429803453 1
793 712 0 0.0267096834 -0.00342351155 0 0.0269281938 0.0419629653 1
797 712 0 0.0265709586 -0.00319904296 0 0.0267628421 0.0408139804 1
801 712 0 0.0264414385 -0.00298421446 0 0.0266093067 0.0395537223 1
805 712 0 0.0263207172 -0.00277910908 0 0.0264670285 0.0382013926 1
809 712 0 0.0262083865 -0.00258375006 0 0.0263354379 0.0367750097 1
813 712 0 0.0261040386 -0.00239810562 0 0.0262139608 0.0352913701 1
817 712 0 0.0260072678 -0.00222209391 0 0.0261020245 0.0337660261 1
821 712 0 0.0259176732 -0.00205558786 0 0.025999062 0.0322132753 1
825 712 0 0.0258348595 -0.00189842002 0 0.0259045163 0.0306461649 1
829 712 0 0.0257584399 -0.00175038726 0 0.0258178442 0.0290765055 1
833 712 0 0.0256880361 -0.00161125541 0 0.0257385186 0.0275148966 1
837 712 0 0.0256232806 -0.00148076364 0 0.0256660314 0.02597076 1
841 712 0 0.0255638172 -0.00135862872 0 0.025599895 0.024452382 1
845 712 0 0.0255093021 -0.00124454904 0 0.0255396436 0.0229669611 1
849 712 0 0.0254594041 -0.00113820841 0 0.0254848342 0.021520662 1
853 712 0 0.0254138058 -0.0010392796 0 0.0254350472 0.0201186735 1
857 712 0 0.0253722037 -0.000947427599 0 0.0253898866 0.0187652698 1
861 712 0 0.0253343083 -0.000862312704 0 0.0253489794 0.0174638741 1
253 716 0 0.0253443212 0.0008141283 0 0.0253573938 0.017312962 1
257 716 0 0.0253833516 0.000894487135 0 0.0253991072 0.0186351487 1
261 716 0 0.0254261998 0.000981206617 0 0.0254451253 0.0200155837 1
265 716 0 0.0254731638 0.00107460748 0 0.0254958203 0.0214517496 1
269 716 0 0.0255245562 0.00117500599 0 0.0255515872 0.02294036 1
273 716 0 0.0255807042 0.00128271111 0 0.025612844 0.0244772997 1
277 716 0 0.0256419486 0.00139802136 0 0.025680031 0.0260575649 1
281 716 0 0.0257086436 0.0015212215 0 0.0257536108 0.027675208 1
285 716 0 0.025781156 0.00165257893 0 0.0258340671 0.0293232849 1
289 716 0 0.0258598646 0.0017923399 0 0.0259219034 0.0309938073 1
293 716 0 0.0259451585 0.0019407255 0 0.0260176414 0.0326777007 1
297 716 0 0.0260374367 0.0020979275 0 0.0261218186 0.0343647697 1
301 716 0 0.0261371058 0.00226410401 0 0.0262349856 0.0360436711 1
305 716 0 0.0262445791 0.00243937499 0 0.0263577025 0.0377018957 1
309 716 0 0.0263602742 0.00262381772 0 0.0264905355 0.0393257612 1
313 716 0 0.0264846112 0.00281746219 0 0.026634052 0.0409004161 1
317 716 0 0.0266180106 0.00302028649 0 0.0267888152 0.0424098561 1
321 716 0 0.0267608904 0.0032322122 0 0.0269553789 0.0438369541 1
325 716 0 0.0269136638 0.00345309994 0 0.0271342808 0.0451635043 1
329 716 0 0.0270767359 0.00368274499 0 0.0273260359 0.0463702821 1
333 716 0 0.0272505012 0.00392087316 0 0.0275311289 0.0474371196 1
337 716 0 0.0274353397 0.00416713689 0 0.0277500071 0.0483429971 1
341 716 0 0.0276316141 0.00442111168 0 0.0279830721 0.0490661524 1
345 716 0 0.0278396655 0.00468229292 0 0.028230672 0.049584206 1
349 716 0 0.0280598104 0.00495009319 0 0.0284930935 0.0498743043 1
353 716 0 0.0282923361 0.00522383999 0 0.0287705542 0.0499132789 1
357 716 0 0.0285374977 0.00550277415 0 0.0290631949 0.0496778222 1
361 716 0 0.0287955131 0.00578604885 0 0.0293710731 0.0491446784 1
365 716 0 0.0290665598 0.00607272929 0 0.0296941566 0.0482908494 1
369 716 0 0.0293507704 0.00636179319 0 0.0300323182 0.0470938133 1
373 716 0 0.0296482289 0.00665213206 0 0.030385331 0.0455317551 1
377 716 0 0.0299589666 0.00694255331 0 0.0307528654 0.0435838069 1
381 716 0 0.0302829585 0.00723178325 0 0.0311344868 0.0412302955 1
385 716 0 0.0306201196 0.00751847105 0 0.0315296548 0.0384529968 1
389 716 0 0.0309703012 0.00780119359 0 0.0319377234 0.0352353911 1
393 716 0 0.0313332885 0.00807846127 0 0.0323579434 0.0315629204 1
397 716 0 0.0317087967 0.00834872477 0 0.0327894647 0.0274232418 1
401 716 0 0.0320964693 0.00861038278 0 0.0332313411 0.0228064754 1
405 716 0 0.0324958755 0.0088617906 0 0.0336825364 0.017705443 1
409 716 0 0.0329065084 0.00910126969 0 0.0341419303 0.0121158945 1
413 716 0 0.0333277839 0.00932711796 0 0.0346083272 0.00603671801 1
417 716 0 0.0337590397 0.00953762096 0 0.0350804642 -0.000529867831 1
421 716 0 0.034199535 0.00973106367 0 0.0355570217 -0.00757814533 1
425 716 0 0.034648451 0.009905743 0 0.0360366327 -0.0150987537 1
429 716 0 0.0351048914 0.0100599808 0 0.0365178944 -0.0230785739 1
433 716 0 0.0355678841 0.0101921371 0 0.0369993789 -0.0315006447 1
437 716 0 0.0360363832 0.0103006244 0 0.0374796449 -0.040344112 1
441 716 0 0.0365092716 0.0103839206 0 0.0379572486 -0.0495842155 1
445 716 0 0.0369853644 0.0104405841 0 0.0384307556 -0.0591923114 1
449 716 0 0.0374634129 0.0104692668 0 0.0388987513 -0.069135936 1
453 716 0 0.0379421092 0.0104687283 0 0.0393598516 -0.0793789086 1
457 716 0 0.0384200913 0.0104378488 0 0.0398127129 -0.0898814759 1
461 716 0 0.0388959493 0.0103756422 0 0.0402560408 -0.100600497 1
465 716 0 0.0393682312 0.0102812677 0 0.0406885991 -0.111489669 1
469 716 0 0.0398354503 0.0101540415 0 0.0411092162 -0.122499793 1
473 716 0 0.0402960922 0.00999344688 0 0.0415167921 -0.133579073 1
477 716 0 0.0407486231 0.00979914324 0 0.0419103029 -0.144673462 1
481 716 0 0.0411914977 0.00957097419 0 0.042288805 -0.155727026 1
485 716 0 0.0416231679 0.00930897405 0 0.0426514373 -0.166682352 1
489 716 0 0.0420420918 0.00901337298 0 0.0429974229 -0.177480972 1
493 716 0 0.0424467422 0.00868460056 0 0.0433260685 -0.188063819 1
497 716 0 0.0428356164 0.00832328767 0 0.0436367638 -0.19837169 1
501 716 0 0.0432072452 0.00793026681 0 0.0439289787 -0.208345732 1
505 716 0 0.0435602019 0.00750657053 0 0.04420226 -0.217927933 1
509 716 0 0.0438931114 0.00705342827 0 0.0444562266 -0.227061612 1
513 716 0 0.0442046596 0.00657226129 0 0.0446905644 -0.235691912 1
517 716 0 0.0444936012 0.00606467594 0 0.0449050203 -0.24376628 1
521 716 0 0.0447587688 0.00553245526 0 0.0450993952 -0.25123494 1
525 716 0 0.04499908 0.00497754879 0 0.0452735374 -0.258051338 1
529 716 0 0.0452135453 0.00440206097 0 0.0454273356 -0.26417257 1
533 716 0 0.0454012746 0.00380823793 0 0.0455607113 -0.269559775 1
537 716 0 0.0455614837 0.00319845302 0 0.0456736127 -0.274178501 1
541 716 0 0.0456934992 0.00257519101 0 0.0457660079 -0.277999023 1
545 716 0 0.0457967637 0.00194103128 0 0.0458378791 -0.280996628 1
549 716 0 0.0458708393 0.00129863 0 0.0458892181 -0.283151843 1
553 716 0 0.0459154113 0.000650701685 0 0.0459200219 -0.284450627 1
557 716 0 0.0459302898 -0 0 0.0459302898 -0.2848845 1
561 716 0 0.0459154113 -0.000650701685 0 0.0459200219 -0.284450627 1
565 716 0 0.0458708393 -0.00129863 0 0.0458892181 -0.283151843 1
569 716 0 0.0457967637 -0.00194103128 0 0.0458378791 -0.280996628 1
573 716 0 0.0456934992 -0.00257519101 0 0.0457660079 -0.277999023 1
577 716 0 0.0455614837 -0.00319845302 0 0.0456736127 -0.274178501 1
581 716 0 0.0454012746 -0.00380823793 0 0.0455607113 -0.269559775 1
585 716 0 0.0452135453 -0.00440206097 0 0.0454273356 -0.26417257 1
589 716 0 0.04499908 -0.00497754879 0 0.0452735374 -0.258051338 1
593 716 0 0.0447587688 -0.00553245526 0 0.0450993952 -0.25123494 1
597 716 0 0.0444936012 -0.00606467594 0 0.0449050203 -0.24376628 1
601 716 0 0.0442046596 -0.00657226129 0 0.0446905644 -0.235691912 1
605 716 0 0.0438931114 -0.00705342827 0 0.0444562266 -0.227061612 1
609 716 0 0.0435602019 -0.00750657053 0 0.04420226 -0.217927933 1
613 716 0 0.0432072452 -0.00793026681 0 0.0439289787 -0.208345732 1
617 716 0 0.0428356164 -0.00832328767 0 0.0436367638 -0.19837169 1
621 716 0 0.0424467422 -0.00868460056 0 0.0433260685 -0.188063819 1
625 716 0 0.0420420918 -0.00901337298 0 0.0429974229 -0.177480972 1
629 716 0 0.0416231679 -0.00930897405 0 0.0426514373 -0.166682352 1
633 716 0 0.0411914977 -0.00957097419 0 0.042288805 -0.155727026 1
637 716 0 0.0407486231 -0.00979914324 0 0.0419103029 -0.144673462 1
641 716 0 0.0402960922 -0.00999344688 0 0.0415167921 -0.133579073 1
645 716 0 0.0398354503 -0.0101540415 0 0.0411092162 -0.122499793 1
649 716 0 0.0393682312 -0.0102812677 0 0.0406885991 -0.111489669 1
653 716 0 0.0388959493 -0.0103756422 0 0.0402560408 -0.100600497 1
657 716 0 0.0384200913 -0.0104378488 0 0.0398127129 -0.0898814759 1
661 716 0 0.0379421092 -0.0104687283 0 0.0393598516 -0.0793789086 0
665 716 0 0.0374634129 -0.0104692668 0 0.0388987513 -0.069135936 0
669 716 0 0.0369853644 -0.0104405841 0 0.0384307556 -0.0591923114 0
673 716 0 0.0365092716 -0.0103839206 0 0.0379572486 -0.0495842155 0
677 716 0 0.0360363832 -0.0103006244 0 0.0374796449 -0.040344112 0
681 716 0 0.0355678841 -0.0101921371 0 0.0369993789 -0.0315006447 0
685 716 0 0.0351048914 -0.0100599808 0 0.0365178944 -0.0230785739 0
689 716 0 0.034648451 -0.009905743 0 0.0360366327 -0.0150987537 0
693 716 0 0.034199535 -0.00973106367 0 0.0355570217 -0.00757814533 0
697 716 0 0.0337590397 -0.00953762096 0 0.0350804642 -0.000529867831 0
701 716 0 0.0333277839 -0.00932711796 0 0.0346083272 0.00603671801 0
705 716 0 0.0329065084 -0.00910126969 0 0.0341419303 0.0121158945 1
709 716 0 0.0324958755 -0.0088617906 0 0.0336825364 0.017705443 1
713 716 0 0.0320964693 -0.00861038278 0 0.0332313411 0.0228064754 1
717 716 0 0.0317087967 -0.00834872477 0 0.0327894647 0.0274232418 1
721 716 0 0.0313332885 -0.00807846127 0 0.0323579434 0.0315629204 1
725 716 0 0.0309703012 -0.00780119359 0 0.0319377234 0.0352353911 1
729 716 0 0.0306201196 -0.00751847105 0 0.0315296548 0.0384529968 1
733 716 0 0.0302829585 -0.00723178325 0 0.0311344868 0.0412302955 1
737 716 0 0.0299589666 -0.00694255331 0 0.0307528654 0.0435838069 1
741 716 0 0.0296482289 -0.00665213206 0 0.030385331 0.0455317551 1
745 716 0 0.0293507704 -0.00636179319 0 0.0300323182 0.0470938133 1
749 716 0 0.0290665598 -0.00607272929 0 0.0296941566 0.0482908494 1
753 716 0 0.0287955131 -0.00578604885 0 0.0293710731 0.0491446784 1
757 716 0 0.0285374977 -0.00550277415 0 0.0290631949 0.0496778222 1
761 716 0 0.0282923361 -0.00522383999 0 0.0287705542 0.0499132789 1
765 716 0 0.0280598104 -0.00495009319 0 0.0284930935 0.0498743043 1
769 716 0 0.0278396655 -0.00468229292 0 0.028230672 0.049584206 1
773 716 0 0.0276316141 -0.00442111168 0 0.0279830721 0.0490661524 1
777 716 0 0.0274353397 -0.00416713689 0 0.0277500071 0.0483429971 1
781 716 0 0.0272505012 -0.00392087316 0 0.0275311289 0.0474371196 1
785 716 0 0.0270767359 -0.00368274499 0 0.0273260359 0.0463702821 1
789 716 0 0.0269136638 -0.00345309994 0 0.0271342808 0.0451635043 1
793 716 0 0.0267608904 -0.0032322122 0 0.0269553789 0.0438369541 1
797 716 0 0.0266180106 -0.00302028649 0 0.0267888152 0.0424098561 1
801 716 0 0.0264846112 -0.00281746219 0 0.026634052 0.0409004161 1
805 716 0 0.0263602742 -0.00262381772 0 0.0264905355 0.0393257612 1
809 716 0 0.0262445791 -0.00243937499 0 0.0263577025 0.0377018957 1
813 716 0 0.0261371058 -0.00226410401 0 0.0262349856 0.0360436711 1
817 716 0 0.0260374367 -0.0020979275 0 0.0261218186 0.0343647697 1
821 716 0 0.0259451585 -0.0019407255 0 0.0260176414 0.0326777007 1
825 716 0 0.0258598646 -0.0017923399 0 0.0259219034 0.0309938073 1
829 716 0 0.025781156 -0.00165257893 0 0.0258340671 0.0293232849 1
833 716 0 0.0257086436 -0.0015212215 0 0.0257536108 0.027675208 1
837 716 0 0.0256419486 -0.00139802136 0 0.025680031 0.0260575649 1
841 716 0 0.0255807042 -0.00128271111 0 0.025612844 0.0244772997 1
845 716 0 0.0255245562 -0.00117500599 0 0.0255515872 0.02294036 1
849 716 0 0.0254731638 -0.00107460748 0 0.0254958203 0.0214517496 1
853 716 0 0.0254261998 -0.000981206617 0 0.0254451253 0.0200155837 1
857 716 0 0.0253833516 -0.000894487135 0 0.0253991072 0.0186351487 1
861 716 0 0.0253443212 -0.0008141283 0 0.0253573938 0.017312962 1
253 720 0 0.0253504148 0.00076480276 0 0.0253619489 0.0171063659 1
257 720 0 0.025390136 0.0008402929 0 0.025404037 0.018443929 1
261 720 0 0.0254337424 0.000921758313 0 0.0254504399 0.0198455509 1
265 720 0 0.0254815376 0.0010095003 0 0.0255015264 0.021309596 1
269 720 0 0.0255338396 0.00110381598 0 0.0255576872 0.0228337421 1
273 720 0 0.0255909812 0.00120499557 0 0.0256193352 0.024414923 1
277 720 0 0.0256533095 0.00131331953 0 0.0256869051 0.0260492723 1
281 720 0 0.0257211848 0.00142905535 0 0.025760853 0.0277320692 1
285 720 0 0.0257949805 0.00155245423 0 0.025841655 0.0294576877 1
289 720 0 0.025875082 0.00168374751 0 0.0259298067 0.0312195499 1
293 720 0 0.0259618854 0.00182314288 0 0.0260258208 0.0330100835 1
297 720 0 0.0260557967 0.0019708205 0 0.0261302253 0.0348206864 1
301 720 0 0.0261572297 0.00212692888 0 0.026243561 0.0366416977 1
305 720 0 0.026266605 0.00229158073 0 0.0263663778 0.0384623768 1
309 720 0 0.0263843476 0.00246484864 0 0.0264992316 0.0402708924 1
313 720 0 0.0265108851 0.00264676079 0 0.0266426795 0.0420543205 1
317 720 0 0.0266466453 0.00283729658 0 0.0267972752 0.0437986549 1
321 720 0 0.0267920538 0.00303638236 0 0.0269635636 0.0454888288 1
325 720 0 0.0269475308 0.00324388719 0 0.0271420747 0.0471087503 1
329 720 0 0.0271134889 0.00345961875 0 0.0273333174 0.0486413509 1
333 720 0 0.0272903294 0.00368331947 0 0.0275377726 0.0500686493 1
337 720 0 0.0274784391 0.00391466283 0 0.0277558859 0.0513718294 1
341 720 0 0.027678187 0.00415325006 0 0.0279880604 0.0525313341 1
345 720 0 0.0278899205 0.00439860714 0 0.0282346491 0.053526975 1
349 720 0 0.0281139613 0.0046501822 0 0.0284959473 0.0543380569 1
353 720 0 0.0283506022 0.00490734352 0 0.0287721856 0.0549435184 1
357 720 0 0.0286001025 0.00516937792 0 0.0290635223 0.0553220876 1
361 720 0 0.0288626841 0.00543548987 0 0.0293700372 0.0554524512 1
365 720 0 0.0291385277 0.00570480122 0 0.0296917253 0.0553134385 1
369 720 0 0.0294277681 0.00597635163 0 0.0300284917 0.0548842167 1
373 720 0 0.0297304909 0.00624909975 0 0.0303801471 0.0541444979 1
377 720 0 0.0300467279 0.00652192526 0 0.0307464041 0.0530747549 1
381 720 0 0.0303764536 0.00679363165 0 0.0311268753 0.0516564456 1
385 720 0 0.0307195815 0.00706294992 0 0.0315210715 0.0498722416 1
389 720 0 0.0310759605 0.00732854317 0 0.0319284022 0.047706261 1
393 720 0 0.0314453717 0.00758901204 0 0.0323481763 0.0451443017 1
397 720 0 0.0318275255 0.00784290111 0 0.0327796046 0.0421740725 1
401 720 0 0.032222059 0.00808870606 0 0.0332218038 0.0387854196 1
405 720 0 0.0326285337 0.00832488185 0 0.0336738009 0.0349705458 1
409 720 0 0.0330464337 0.00854985163 0 0.0341345389 0.0307242183 1
413 720 0 0.0334751647 0.00876201645 0 0.0346028841 0.0260439639 1
417 720 0 0.0339140526 0.00895976572 0 0.0350776334 0.0209302464 1
421 720 0 0.0343623436 0.00914148833 0 0.0355575234 0.015386625 1
425 720 0 0.0348192043 0.00930558437 0 0.0360412387 0.00941988998 1
429 720 0 0.0352837226 0.00945047735 0 0.0365274226 0.00304017309 1
433 720 0 0.0357549091 0.00957462678 0 0.0370146863 -0.0037389702 1
437 720 0 0.0362316995 0.00967654107 0 0.0375016199 -0.0109005083 1
441 720 0 0.0367129568 0.00975479066 0 0.0379868021 -0.0184239137 1
445 720 0 0.0371974752 0.00980802107 0 0.0384688112 -0.0262851768 1
449 720 0 0.0376839839 0.009834966 0 0.0389462347 -0.0344568554 1
453 720 0 0.0381711519 0.00983446011 0 0.0394176794 -0.0429081607 1
457 720 0 0.0386575932 0.00980545152 0 0.0398817802 -0.0516050797 1
461 720 0 0.0391418727 0.00974701378 0 0.0403372095 -0.0605105349 1
465 720 0 0.0396225128 0.00965835715 0 0.0407826848 -0.0695845806 1
469 720 0 0.0400980004 0.00953883923 0 0.0412169758 -0.0787846352 1
473 720 0 0.0405667945 0.00938797454 0 0.0416389107 -0.0880657472 1
477 720 0 0.0410273341 0.00920544317 0 0.0420473819 -0.0973808947 1
481 720 0 0.0414780465 0.00899109818 0 0.04244135 -0.106681314 1
485 720 0 0.0419173562 0.00874497182 0 0.0428198468 -0.115916857 1
489 720 0 0.0423436939 0.00846728032 0 0.0431819783 -0.125036372 1
493 720 0 0.0427555056 0.00815842721 0 0.043526925 -0.133988104 1
497 720 0 0.043151262 0.00781900516 0 0.0438539423 -0.142720115 1
501 720 0 0.0435294677 0.00744979623 0 0.0441623598 -0.151180712 1
505 720 0 0.0438886708 0.00705177042 0 0.0444515791 -0.159318888 1
509 720 0 0.044227472 0.00662608266 0 0.0447210717 -0.16708476 1
513 720 0 0.0445445338 0.0061740681 0 0.0449703748 -0.174430008 1
517 720 0 0.044838589 0.0056972358 0 0.045199088 -0.181308312 1
521 720 0 0.0451084493 0.00519726074 0 0.0454068686 -0.187675766 1
525 720 0 0.0453530134 0.00467597435 0 0.0455934267 -0.193491285 1
529 720 0 0.0455712742 0.00413535358 0 0.0457585203 -0.198716985 1
533 720 0 0.0457623259 0.00357750846 0 0.0459019503 -0.203318537 1
537 720 0 0.0459253703 0.00300466855 0 0.0460235556 -0.207265494 1
541 720 0 0.0460597221 0.00241916808 0 0.0461232086 -0.210531582 1
545 720 0 0.0461648141 0.00182343014 0 0.0462008112 -0.213094946 1
549 720 0 0.0462402007 0.00121994999 0 0.0462562908 -0.214938365 1
553 720 0 0.0462855615 0.000611277663 0 0.0462895978 -0.216049419 1
557 720 0 0.0463007033 -0 0 0.0463007033 -0.216420607 1
561 720 0 0.0462855615 -0.000611277663 0 0.0462895978 -0.216049419 1
565 720 0 0.0462402007 -0.00121994999 0 0.0462562908 -0.214938365 1
569 720 0 0.0461648141 -0.00182343014 0 0.0462008112 -0.213094946 1
573 720 0 0.0460597221 -0.00241916808 0 0.0461232086 -0.210531582 1
577 720 0 0.0459253703 -0.00300466855 0 0.0460235556 -0.207265494 1
581 720 0 0.0457623259 -0.00357750846 0 0.0459019503 -0.203318537 1
585 720 0 0.0455712742 -0.00413535358 0 0.0457585203 -0.198716985 1
589 720 0 0.0453530134 -0.00467597435 0 0.0455934267 -0.193491285 1
593 720 0 0.0451084493 -0.00519726074 0 0.0454068686 -0.187675766 1
597 720 0 0.044838589 -0.0056972358 0 0.045199088 -0.181308312 1
601 720 0 0.0445445338 -0.0061740681 0 0.0449703748 -0.174430008 1
605 720 0 0.044227472 -0.00662608266 0 0.0447210717 -0.16708476 1
609 720 0 0.0438886708 -0.00705177042 0 0.0444515791 -0.159318888 1
613 720 0 0.0435294677 -0.00744979623 0 0.0441623598 -0.151180712 1
617 720 0 0.043151262 -0.00781900516 0 0.0438539423 -0.142720115 1
621 720 0 0.0427555056 -0.00815842721 0 0.043526925 -0.133988104 1
625 720 0 0.0423436939 -0.00846728032 0 0.0431819783 -0.125036372 1
629 720 0 0.0419173562 -0.00874497182 0 0.0428198468 -0.115916857 1
633 720 0 0.0414780465 -0.00899109818 0 0.04244135 -0.106681314 1
637 720 0 0.0410273341 -0.00920544317 0 0.0420473819 -0.0973808947 1
641 720 0 0.0405667945 -0.00938797454 0 0.0416389107 -0.0880657472 1
645 720 0 0.0400980004 -0.00953883923 0 0.0412169758 -0.0787846352 1
649 720 0 0.0396225128 -0.00965835715 0 0.0407826848 -0.0695845806 1
653 720 0 0.0391418727 -0.00974701378 0 0.0403372095 -0.0605105349 1
657 720 0 0.0386575932 -0.00980545152 0 0.0398817802 -0.0516050797 1
661 720 0 0.0381711519 -0.00983446011 0 0.0394176794 -0.0429081607 0
665 720 0 0.0376839839 -0.009834966 0 0.0389462347 -0.0344568554 0
669 720 0 0.0371974752 -0.00980802107 0 0.0384688112 -0.0262851768 0
673 720 0 0.0367129568 -0.00975479066 0 0.0379868021 -0.0184239137 0
677 720 0 0.0362316995 -0.00967654107 0 0.0375016199 -0.0109005083 0
681 720 0 0.0357549091 -0.00957462678 0 0.0370146863 -0.0037389702 0
685 720 0 0.0352837226 -0.00945047735 0 0.0365274226 0.00304017309 0
689 720 0 0.0348192043 -0.00930558437 0 0.0360412387 0.00941988998 0
693 720 0 0.0343623436 -0.00914148833 0 0.0355575234 0.015386625 0
697 720 0 0.0339140526 -0.00895976572 0 0.0350776334 0.0209302464 0
701 720 0 0.0334751647 -0.00876201645 0 0.0346028841 0.0260439639 1
705 720 0 0.0330464337 -0.00854985163 0 0.0341345389 0.0307242183 1
709 720 0 0.0326285337 -0.00832488185 0 0.0336738009 0.0349705458 1
713 720 0 0.032222059 -0.00808870606 0 0.0332218038 0.0387854196 1
717 720 0 0.0318275255 -0.00784290111 0 0.0327796046 0.0421740725 1
721 720 0 0.0314453717 -0.00758901204 0 0.0323481763 0.0451443017 1
725 720 0 0.0310759605 -0.00732854317 0 0.0319284022 0.047706261 1
729 720 0 0.0307195815 -0.00706294992 0 0.0315210715 0.0498722416 1
733 720 0 0.0303764536 -0.00679363165 0 0.0311268753 0.0516564456 1
737 720 0 0.0300467279 -0.00652192526 0 0.0307464041 0.0530747549 1
741 720 0 0.0297304909 -0.00624909975 0 0.0303801471 0.0541444979 1
745 720 0 0.0294277681 -0.00597635163 0 0.0300284917 0.0548842167 1
749 720 0 0.0291385277 -0.00570480122 0 0.0296917253 0.0553134385 1
753 720 0 0.0288626841 -0.00543548987 0 0.0293700372 0.0554524512 1
757 720 0 0.0286001025 -0.00516937792 0 0.0290635223 0.0553220876 1
761 720 0 0.0283506022 -0.00490734352 0 0.0287721856 0.0549435184 1
765 720 0 0.0281139613 -0.0046501822 0 0.0284959473 0.0543380569 1
769 720 0 0.0278899205 -0.00439860714 0 0.0282346491 0.053526975 1
773 720 0 0.027678187 -0.00415325006 0 0.0279880604 0.0525313341 1
777 720 0 0.0274784391 -0.00391466283 0 0.0277558859 0.0513718294 1
781 720 0 0.0272903294 -0.00368331947 0 0.0275377726 0.0500686493 1
785 720 0 0.0271134889 -0.00345961875 0 0.0273333174 0.0486413509 1
789 720 0 0.0269475308 -0.00324388719 0 0.0271420747 0.0471087503 1
793 720 0 0.0267920538 -0.00303638236 0 0.0269635636 0.0454888288 1
797 720 0 0.0266466453 -0.00283729658 0 0.0267972752 0.0437986549 1
801 720 0 0.0265108851 -0.00264676079 0 0.0266426795 0.0420543205 1
805 720 0 0.0263843476 -0.00246484864 0 0.0264992316 0.0402708924 1
809 720 0 0.026266605 -0.00229158073 0 0.0263663778 0.0384623768 1
813 720 0 0.0261572297 -0.00212692888 0 0.026243561 0.0366416977 1
817 720 0 0.0260557967 -0.0019708205 0 0.0261302253 0.0348206864 1
821 720 0 0.0259618854 -0.00182314288 0 0.0260258208 0.0330100835 1
825 720 0 0.025875082 -0.00168374751 0 0.0259298067 0.0312195499 1
829 720 0 0.0257949805 -0.00155245423 0 0.025841655 0.0294576877 1
833 720 0 0.0257211848 -0.00142905535 0 0.025760853 0.0277320692 1
837 720 0 0.0256533095 -0.00131331953 0 0.0256869051 0.0260492723 1
841 720 0 0.0255909812 -0.00120499557 0 0.0256193352 0.024414923 1
845 720 0 0.0255338396 -0.00110381598 0 0.0255576872 0.0228337421 1
849 720 0 0.0254815376 -0.0010095003 0 0.0255015264 0.021309596 1
853 720 0 0.0254337424 -0.000921758313 0 0.0254504399 0.0198455509 1
857 720 0 0.025390136 -0.0008402929 0 0.025404037 0.018443929 1
861 720 0 0.0253504148 -0.00076480276 0 0.0253619489 0.0171063659 1
253 724 0 0.025352738 0.00071488234 0 0.0253628149 0.016840145 1
257 724 0 0.0253927225 0.000785445067 0 0.0254048673 0.0181867935 1
261 724 0 0.0254366181 0.000861593047 0 0.0254512059 0.019602748 1
265 724 0 0.0254847301 0.000943607917 0 0.0255021933 0.0210872159 1
269 724 0 0.0255373789 0.00103176739 0 0.0255582132 0.0226387986 1
273 724 0 0.0255948993 0.00112634277 0 0.0256196706 0.0242554377 1
277 724 0 0.0256576408 0.00122759617 0 0.0256869913 0.025934361 1
281 724 0 0.0257259661 0.00133577765 0 0.0257606218 0.0276720307 1
285 724 0 0.0258002511 0.00145112201 0 0.0258410277 0.0294640941 1
289 724 0 0.0258808837 0.00157384547 0 0.0259286932 0.0313053375 1
293 724 0 0.0259682626 0.00170414219 0 0.0260241189 0.0331896446 1
297 724 0 0.0260627965 0.00184218055 0 0.0261278202 0.0351099595 1
301 724 0 0.026164902 0.00198809939 0 0.0262403246 0.0370582564 1
305 724 0 0.0262750024 0.00214200403 0 0.0263621686 0.0390255163 1
309 724 0 0.0263935256 0.00230396235 0 0.0264938943 0.0410017116 1
313 724 0 0.0265209021 0.00247400068 0 0.0266360456 0.0429757995 1
317 724 0 0.0266575624 0.00265209977 0 0.0267891632 0.0449357261 1
321 724 0 0.0268039348 0.00283819077 0 0.0269537798 0.0468684407 1
325 724 0 0.0269604426 0.00303215128 0 0.0271304148 0.0487599219 1
329 724 0 0.027127501 0.00323380155 0 0.0273195678 0.0505952162 1
333 724 0 0.0273055139 0.00344290081 0 0.0275217125 0.0523584898 1
337 724 0 0.0274948708 0.00365914386 0 0.02773729 0.0540330937 1
341 724 0 0.027695943 0.00388215796 0 0.0279667018 0.0556016426 1
345 724 0 0.0279090802 0.00411150002 0 0.0282103029 0.0570461085 1
349 724 0 0.0281346064 0.00434665421 0 0.0284683944 0.0583479285 1
353 724 0 0.0283728162 0.00458703002 0 0.0287412168 0.0594881259 1
357 724 0 0.0286239706 0.00483196084 0 0.0290289431 0.0604474466 1
361 724 0 0.0288882932 0.00508070306 0 0.0293316727 0.0612065072 1
365 724 0 0.0291659655 0.00533243584 0 0.0296494252 0.0617459568 1
369 724 0 0.0294571236 0.00558626153 0 0.0299821355 0.0620466502 1
373 724 0 0.0297618533 0.00584120677 0 0.030329649 0.0620898309 1
377 724 0 0.0300801869 0.00609622434 0 0.0306917187 0.0618573239 1
381 724 0 0.0304120987 0.00635019583 0 0.0310680018 0.0613317353 1
385 724 0 0.0307575015 0.00660193508 0 0.0314580585 0.0604966578 1
389 724 0 0.0311162433 0.00685019245 0 0.0318613517 0.0593368796 1
393 724 0 0.0314881036 0.00709365993 0 0.0322772471 0.0578385943 1
397 724 0 0.031872791 0.00733097707 0 0.0327050154 0.0559896101 1
401 724 0 0.0322699402 0.00756073777 0 0.0331438349 0.0537795555 1
405 724 0 0.0326791097 0.00778149784 0 0.0335927957 0.051200078 1
409 724 0 0.0330997804 0.00799178333 0 0.034050904 0.0482450349 1
413 724 0 0.0335313538 0.00819009967 0 0.0345170888 0.0449106715 1
417 724 0 0.0339731515 0.00837494139 0 0.0349902081 0.0411957859 1
421 724 0 0.0344244146 0.00854480255 0 0.0354690565 0.0371018757 1
425 724 0 0.0348843042 0.00869818767 0 0.0359523733 0.0326332656 1
429 724 0 0.0353519021 0.00883362315 0 0.0364388513 0.0277972124 1
433 724 0 0.0358262126 0.00894966906 0 0.0369271456 0.0226039862 1
437 724 0 0.036306164 0.00904493118 0 0.0374158833 0.0170669237 1
441 724 0 0.0367906119 0.00911807324 0 0.0379036725 0.0112024538 1
445 724 0 0.0372783427 0.00916782918 0 0.038389112 0.00503009267 1
449 724 0 0.0377680769 0.00919301535 0 0.0388708009 -0.0014275926 1
453 724 0 0.0382584747 0.00919254248 0 0.0393473471 -0.00814505283 1
457 724 0 0.038748141 0.00916542735 0 0.0398173768 -0.0150938585 1
461 724 0 0.0392356312 0.00911080397 0 0.040279542 -0.0222428348 1
465 724 0 0.0397194579 0.00902793417 0 0.0407325291 -0.029558229 1
469 724 0 0.0401980979 0.00891621745 0 0.0411750654 -0.0370039107 1
473 724 0 0.0406700001 0.00877520004 0 0.0416059256 -0.0445416021 1
477 724 0 0.041133593 0.00860458291 0 0.0420239374 -0.0521311387 1
481 724 0 0.0415872935 0.00840422871 0 0.0424279865 -0.0597307561 1
485 724 0 0.0420295158 0.00817416758 0 0.0428170201 -0.0672974027 1
489 724 0 0.0424586801 0.00791460163 0 0.0431900502 -0.0747870735 1
493 724 0 0.042873222 0.00762590807 0 0.0435461553 -0.0821551635 1
497 724 0 0.0432716022 0.00730864087 0 0.0438844823 -0.0893568355 1
501 724 0 0.0436523153 0.00696353105 0 0.0442042464 -0.0963473998 1
505 724 0 0.0440138999 0.00659148529 0 0.0445047308 -0.103082701 1
509 724 0 0.0443549473 0.00619358314 0 0.0447852858 -0.109519508 1
513 724 0 0.0446741112 0.00577107261 0 0.045045327 -0.115615903 1
517 724 0 0.0449701159 0.00532536424 0 0.0452843331 -0.121331662 1
521 724 0 0.0452417654 0.00485802368 0 0.0455018431 -0.126628628 1
525 724 0 0.0454879509 0.00437076285 0 0.0456974533 -0.131471072 1
529 724 0 0.0457076587 0.00386542962 0 0.0458708144 -0.135826026 1
533 724 0 0.0458999771 0.00334399633 0 0.0460216276 -0.139663599 1
537 724 0 0.0460641024 0.00280854699 0 0.0461496421 -0.142957271 1
541 724 0 0.046199345 0.00226126346 0 0.0462546515 -0.145684142 1
545 724 0 0.0463051337 0.00170441069 0 0.0463364912 -0.147825163 1
549 724 0 0.0463810201 0.00114032107 0 0.0463950359 -0.149365318 1
553 724 0 0.0464266816 0.000571378177 0 0.0464301975 -0.150293774 1
557 724 0 0.0464419238 -0 0 0.0464419238 -0.150603989 1
561 724 0 0.0464266816 -0.000571378177 0 0.0464301975 -0.150293774 1
565 724 0 0.0463810201 -0.00114032107 0 0.0463950359 -0.149365318 1
569 724 0 0.0463051337 -0.00170441069 0 0.0463364912 -0.147825163 1
573 724 0 0.046199345 -0.00226126346 0 0.0462546515 -0.145684142 1
577 724 0 0.0460641024 -0.00280854699 0 0.0461496421 -0.142957271 1
581 724 0 0.0458999771 -0.00334399633 0 0.0460216276 -0.139663599 1
585 724 0 0.0457076587 -0.00386542962 0 0.0458708144 -0.135826026 1
589 724 0 0.0454879509 -0.00437076285 0 0.0456974533 -0.131471072 1
593 724 0 0.0452417654 -0.00485802368 0 0.0455018431 -0.126628628 1
597 724 0 0.0449701159 -0.00532536424 0 0.0452843331 -0.121331662 1
601 724 0 0.0446741112 -0.00577107261 0 0.045045327 -0.115615903 1
605 724 0 0.0443549473 -0.00619358314 0 0.0447852858 -0.109519508 1
609 724 0 0.0440138999 -0.00659148529 0 0.0445047308 -0.103082701 1
613 724 0 0.0436523153 -0.00696353105 0 0.0442042464 -0.0963473998 1
617 724 0 0.0432716022 -0.00730864087 0 0.0438844823 -0.0893568355 1
621 724 0 0.042873222 -0.00762590807 0 0.0435461553 -0.0821551635 1
625 724 0 0.0424586801 -0.00791460163 0 0.0431900502 -0.0747870735 1
629 724 0 0.0420295158 -0.00817416758 0 0.0428170201 -0.0672974027 1
633 724 0 0.0415872935 -0.00840422871 0 0.0424279865 -0.0597307561 1
637 724 0 0.041133593 -0.00860458291 0 0.0420239374 -0.0521311387 1
641 724 0 0.0406700001 -0.00877520004 0 0.0416059256 -0.0445416021 1
645 724 0 0.0401980979 -0.00891621745 0 0.0411750654 -0.0370039107 1
649 724 0 0.0397194579 -0.00902793417 0 0.0407325291 -0.029558229 1
653 724 0 0.0392356312 -0.00911080397 0 0.040279542 -0.0222428348 1
657 724 0 0.038748141 -0.00916542735 0 0.0398173768 -0.0150938585 1
661 724 0 0.0382584747 -0.00919254248 0 0.0393473471 -0.00814505283 1
665 724 0 0.0377680769 -0.00919301535 0 0.0388708009 -0.0014275926 0
669 724 0 0.0372783427 -0.00916782918 0 0.038389112 0.00503009267 0
673 724 0 0.0367906119 -0.00911807324 0 0.0379036725 0.0112024538 0
677 724 0 0.036306164 -0.00904493118 0 0.0374158833 0.0170669237 0
681 724 0 0.0358262126 -0.00894966906 0 0.0369271456 0.0226039862 0
685 724 0 0.0353519021 -0.00883362315 0 0.0364388513 0.0277972124 0
689 724 0 0.0348843042 -0.00869818767 0 0.0359523733 0.0326332656 0
693 724 0 0.0344244146 -0.00854480255 0 0.0354690565 0.0371018757 0
697 724 0 0.0339731515 -0.00837494139 0 0.0349902081 0.0411957859 1
701 724 0 0.0335313538 -0.00819009967 0 0.0345170888 0.0449106715 1
705 724 0 0.0330997804 -0.00799178333 0 0.034050904 0.0482450349 1
709 724 0 0.0326791097 -0.00778149784 0 0.0335927957 0.051200078 1
713 724 0 0.0322699402 -0.00756073777 0 0.0331438349 0.0537795555 1
717 724 0 0.031872791 -0.00733097707 0 0.0327050154 0.0559896101 1
721 724 0 0.0314881036 -0.00709365993 0 0.0322772471 0.0578385943 1
725 724 0 0.0311162433 -0.00685019245 0 0.0318613517 0.0593368796 1
729 724 0 0.0307575015 -0.00660193508 0 0.0314580585 0.0604966578 1
733 724 0 0.0304120987 -0.00635019583 0 0.0310680018 0.0613317353 1
737 724 0 0.0300801869 -0.00609622434 0 0.0306917187 0.0618573239 1
741 724 0 0.0297618533 -0.00584120677 0 0.030329649 0.0620898309 1
745 724 0 0.0294571236 -0.00558626153 0 0.0299821355 0.0620466502 1
749 724 0 0.0291659655 -0.00533243584 0 0.0296494252 0.0617459568 1
753 724 0 0.0288882932 -0.00508070306 0 0.0293316727 0.0612065072 1
757 724 0 0.0286239706 -0.00483196084 0 0.0290289431 0.0604474466 1
761 724 0 0.0283728162 -0.00458703002 0 0.0287412168 0.0594881259 1
765 724 0 0.0281346064 -0.00434665421 0 0.0284683944 0.0583479285 1
769 724 0 0.0279090802 -0.00411150002 0 0.0282103029 0.0570461085 1
773 724 0 0.027695943 -0.00388215796 0 0.0279667018 0.0556016426 1
777 724 0 0.0274948708 -0.00365914386 0 0.02773729 0.0540330937 1
781 724 0 0.0273055139 -0.00344290081 0 0.0275217125 0.0523584898 1
785 724 0 0.027127501 -0.00323380155 0 0.0273195678 0.0505952162 1
789 724 0 0.0269604426 -0.00303215128 0 0.0271304148 0.0487599219 1
793 724 0 0.0268039348 -0.00283819077 0 0.0269537798 0.0468684407 1
797 724 0 0.0266575624 -0.00265209977 0 0.0267891632 0.0449357261 1
801 724 0 0.0265209021 -0.00247400068 0 0.0266360456 0.0429757995 1
805 724 0 0.0263935256 -0.00230396235 0 0.0264938943 0.0410017116 1
809 724 0 0.0262750024 -0.00214200403 0 0.0263621686 0.0390255163 1
813 724 0 0.026164902 -0.00198809939 0 0.0262403246 0.0370582564 1
817 724 0 0.0260627965 -0.00184218055 0 0.0261278202 0.0351099595 1
821 724 0 0.0259682626 -0.00170414219 0 0.0260241189 0.0331896446 1
825 724 0 0.0258808837 -0.00157384547 0 0.0259286932 0.0313053375 1
829 724 0 0.0258002511 -0.00145112201 0 0.0258410277 0.0294640941 1
833 724 0 0.0257259661 -0.00133577765 0 0.0257606218 0.0276720307 1
837 724 0 0.0256576408 -0.00122759617 0 0.0256869913 0.025934361 1
841 724 0 0.0255948993 -0.00112634277 0 0.0256196706 0.0242554377 1
845 724 0 0.0255373789 -0.00103176739 0 0.0255582132 0.0226387986 1
849 724 0 0.0254847301 -0.000943607917 0 0.0255021933 0.0210872159 1
853 724 0 0.0254366181 -0.000861593047 0 0.0254512059 0.019602748 1
857 724 0 0.0253927225 -0.000785445067 0 0.0254048673 0.0181867935 1
861 724 0 0.025352738 -0.00071488234 0 0.0253628149 0.016840145 1
253 728 0 0.0253515031 0.000664887578 0 0.0253602205 0.0165119077 1
257 728 0 0.0253913476 0.000730515552 0 0.025401854 0.0178606704 1
261 728 0 0.0254350895 0.000801338181 0 0.0254477095 0.0192833108 1
265 728 0 0.0254830331 0.000877617402 0 0.0254981408 0.0207798271 1
269 728 0 0.0255354975 0.000959611511 0 0.025553522 0.02234969 1
273 728 0 0.0255928166 0.00104757283 0 0.0256142474 0.0239917919 1
277 728 0 0.0256553384 0.00114174515 0 0.0256807315 0.0257043953 1
281 728 0 0.0257234245 0.00124236104 0 0.0257534081 0.0274850838 1
285 728 0 0.0257974494 0.00134963887 0 0.0258327297 0.0293307141 1
289 728 0 0.0258777997 0.00146377976 0 0.025919166 0.0312373714 1
293 728 0 0.0259648727 0.00158496428 0 0.026013203 0.0332003274 1
297 728 0 0.0260590756 0.00171334903 0 0.0261153401 0.0352140035 1
301 728 0 0.0261608237 0.00184906314 0 0.0262260887 0.0372719388 1
305 728 0 0.0262705386 0.00199220458 0 0.0263459689 0.0393667644 1
309 728 0 0.0263886469 0.00214283647 0 0.0264755063 0.0414901842 1
313 728 0 0.0265155774 0.00230098329 0 0.0266152281 0.0436329644 1
317 728 0 0.0266517593 0.00246662715 0 0.0267656594 0.0457849312 1
321 728 0 0.0267976193 0.00263970401 0 0.0269273176 0.0479349778 1
325 728 0 0.0269535792 0.00282010005 0 0.0271007084 0.0500710828 1
329 728 0 0.0271200527 0.00300764806 0 0.027286319 0.0521803381 1
333 728 0 0.0272974424 0.00320212411 0 0.0274846131 0.0542489903 1
337 728 0 0.0274861363 0.00340324437 0 0.0276960243 0.0562624924 1
341 728 0 0.0276865046 0.00361066214 0 0.0279209494 0.0582055693 1
345 728 0 0.0278988956 0.00382396534 0 0.0281597423 0.0600622958 1
349 728 0 0.0281236322 0.0040426742 0 0.0284127067 0.0618161875 1
353 728 0 0.028361008 0.00426623951 0 0.0286800902 0.0634503043 1
357 728 0 0.0286112832 0.00449404127 0 0.0289620775 0.0649473672 1
361 728 0 0.0288746803 0.00472538788 0 0.0292587842 0.0662898865 1
365 728 0 0.0291513805 0.00495951592 0 0.0295702517 0.0674603024 1
369 728 0 0.0294415192 0.0051955905 0 0.0298964415 0.0684411356 1
373 728 0 0.0297451822 0.00543270633 0 0.0302372314 0.0692151485 1
377 728 0 0.0300624013 0.00566988944 0 0.0305924111 0.0697655146 1
381 728 0 0.030393151 0.00590609962 0 0.0309616802 0.0700759945 1
385 728 0 0.0307373446 0.00614023368 0 0.0313446458 0.0701311187 1
389 728 0 0.0310948304 0.00637112936 0 0.0317408218 0.0699163726 1
393 728 0 0.0314653888 0.00659757012 0 0.0321496287 0.0694183851 1
397 728 0 0.0318487295 0.00681829067 0 0.0325703954 0.0686251147 1
401 728 0 0.0322444882 0.00703198322 0 0.0330023606 0.0675260356 1
405 728 0 0.0326522253 0.0072373046 0 0.0334446766 0.0661123165 1
409 728 0 0.0330714232 0.00743288393 0 0.0338964127 0.0643769937 1
413 728 0 0.0335014857 0.00761733116 0 0.0343565609 0.0623151343 1
417 728 0 0.0339417366 0.00778924611 0 0.0348240411 0.0599239862 1
421 728 0 0.0343914198 0.00794722816 0 0.035297708 0.057203115 1
425 728 0 0.0348496994 0.00808988641 0 0.0357763582 0.0541545226 1
429 728 0 0.0353156603 0.00821585031 0 0.0362587377 0.0507827474 1
433 728 0 0.0357883102 0.00832378064 0 0.03674355 0.0470949429 1
437 728 0 0.0362665813 0.00841238067 0 0.037229465 0.0431009325 1
441 728 0 0.0367493332 0.00848040759 0 0.037715127 0.0388132404 1
445 728 0 0.0372353563 0.00852668389 0 0.0381991636 0.0342470947 1
449 728 0 0.037723376 0.00855010868 0 0.0386801946 0.0294204037 1
453 728 0 0.038212057 0.00854966889 0 0.0391568402 0.0243537031 1
457 728 0 0.038700009 0.00852445003 0 0.0396277295 0.0190700742 1
461 728 0 0.0391857925 0.0084736467 0 0.0400915081 0.013595033 1
465 728 0 0.0396679253 0.00839657233 0 0.040546846 0.0079563897 1
469 728 0 0.0401448896 0.00829266844 0 0.0409924446 0.00218408005 1
473 728 0 0.0406151396 0.00816151298 0 0.0414270426 -0.003690031 1
477 728 0 0.0410771095 0.00800282783 0 0.0418494226 -0.00963237189 1
481 728 0 0.0415292216 0.00781648525 0 0.0422584156 -0.0156079114 1
485 728 0 0.0419698957 0.00760251327 0 0.0426529056 -0.0215804278 1
489 728 0 0.0423975575 0.00736109988 0 0.0430318332 -0.0275127981 1
493 728 0 0.0428106481 0.00709259588 0 0.043394199 -0.0333673038 1
497 728 0 0.0432076336 0.00679751653 0 0.0437390653 -0.0391059508 1
501 728 0 0.0435870138 0.0064765417 0 0.0440655576 -0.0446907996 1
505 728 0 0.0439473325 0.00613051469 0 0.0443728661 -0.0500843026 1
509 728 0 0.0442871859 0.00576043953 0 0.0446602452 -0.0552496442 1
513 728 0 0.0446052324 0.00536747695 0 0.0449270137 -0.0601510797 1
517 728 0 0.0449002008 0.00495293886 0 0.045172554 -0.0647542707 1
521 728 0 0.0451708992 0.00451828143 0 0.0453963105 -0.0690266101 1
525 728 0 0.0454162228 0.00406509681 0 0.0455977884 -0.0729375358 1
529 728 0 0.0456351615 0.00359510369 0 0.0457765522 -0.0764588269 1
533 728 0 0.0458268065 0.00311013644 0 0.0459322234 -0.0795648804 1
537 728 0 0.0459903573 0.00261213335 0 0.0460644788 -0.0822329639 1
541 728 0 0.0461251264 0.00210312369 0 0.0461730485 -0.0844434416 1
545 728 0 0.0462305447 0.00158521401 0 0.0462577147 -0.0861799707 1
549 728 0 0.0463061654 0.00106057357 0 0.0463183093 -0.0874296658 1
553 728 0 0.0463516671 0.000531419271 0 0.0463547134 -0.0881832287 1
557 728 0 0.0463668559 -0 0 0.0463668559 -0.0884350426 1
561 728 0 0.0463516671 -0.000531419271 0 0.0463547134 -0.0881832287 1
565 728 0 0.0463061654 -0.00106057357 0 0.0463183093 -0.0874296658 1
569 728 0 0.0462305447 -0.00158521401 0 0.0462577147 -0.0861799707 1
573 728 0 0.0461251264 -0.00210312369 0 0.0461730485 -0.0844434416 1
577 728 0 0.0459903573 -0.00261213335 0 0.0460644788 -0.0822329639 1
581 728 0 0.0458268065 -0.00311013644 0 0.0459322234 -0.0795648804 1
585 728 0 0.0456351615 -0.00359510369 0 0.0457765522 -0.0764588269 1
589 728 0 0.0454162228 -0.00406509681 0 0.0455977884 -0.0729375358 1
593 728 0 0.0451708992 -0.00451828143 0 0.0453963105 -0.0690266101 1
597 728 0 0.0449002008 -0.00495293886 0 0.045172554 -0.0647542707 1
601 728 0 0.0446052324 -0.00536747695 0 0.0449270137 -0.0601510797 1
605 728 0 0.0442871859 -0.00576043953 0 0.0446602452 -0.0552496442 1
609 728 0 0.0439473325 -0.00613051469 0 0.0443728661 -0.0500843026 1
613 728 0 0.0435870138 -0.0064765417 0 0.0440655576 -0.0446907996 1
617 728 0 0.0432076336 -0.00679751653 0 0.0437390653 -0.0391059508 1
621 728 0 0.0428106481 -0.00709259588 0 0.043394199 -0.0333673038 1
625 728 0 0.0423975575 -0.00736109988 0 0.0430318332 -0.0275127981 1
629 728 0 0.0419698957 -0.00760251327 0 0.0426529056 -0.0215804278 1
633 728 0 0.0415292216 -0.00781648525 0 0.0422584156 -0.0156079114 1
637 728 0 0.0410771095 -0.00800282783 0 0.0418494226 -0.00963237189 1
641 728 0 0.0406151396 -0.00816151298 0 0.0414270426 -0.003690031 1
645 728 0 0.0401448896 -0.00829266844 0 0.0409924446 0.00218408005 1
649 728 0 0.0396679253 -0.00839657233 0 0.040546846 0.0079563897 1
653 728 0 0.0391857925 -0.0084736467 0 0.0400915081 0.013595033 1
657 728 0 0.038700009 -0.00852445003 0 0.0396277295 0.0190700742 1
661 728 0 0.038212057 -0.00854966889 0 0.0391568402 0.0243537031 1
665 728 0 0.037723376 -0.00855010868 0 0.0386801946 0.0294204037 1
669 728 0 0.0372353563 -0.00852668389 0 0.0381991636 0.0342470947 0
673 728 0 0.0367493332 -0.00848040759 0 0.037715127 0.0388132404 0
677 728 0 0.0362665813 -0.00841238067 0 0.037229465 0.0431009325 0
681 728 0 0.0357883102 -0.00832378064 0 0.03674355 0.0470949429 0
685 728 0 0.0353156603 -0.00821585031 0 0.0362587377 0.0507827474 0
689 728 0 0.0348496994 -0.00808988641 0 0.0357763582 0.0541545226 0
693 728 0 0.0343914198 -0.00794722816 0 0.035297708 0.057203115 1
697 728 0 0.0339417366 -0.00778924611 0 0.0348240411 0.0599239862 1
701 728 0 0.0335014857 -0.00761733116 0 0.0343565609 0.0623151343 1
705 728 0 0.0330714232 -0.00743288393 0 0.0338964127 0.0643769937 1
709 728 0 0.0326522253 -0.0072373046 0 0.0334446766 0.0661123165 1
713 728 0 0.0322444882 -0.00703198322 0 0.0330023606 0.0675260356 1
717 728 0 0.0318487295 -0.00681829067 0 0.0325703954 0.0686251147 1
721 728 0 0.0314653888 -0.00659757012 0 0.0321496287 0.0694183851 1
725 728 0 0.0310948304 -0.00637112936 0 0.0317408218 0.0699163726 1
729 728 0 0.0307373446 -0.00614023368 0 0.0313446458 0.0701311187 1
733 728 0 0.030393151 -0.00590609962 0 0.0309616802 0.0700759945 1
737 728 0 0.0300624013 -0.00566988944 0 0.0305924111 0.0697655146 1
741 728 0 0.0297451822 -0.00543270633 0 0.0302372314 0.0692151485 1
745 728 0 0.0294415192 -0.0051955905 0 0.0298964415 0.0684411356 1
749 728 0 0.0291513805 -0.00495951592 0 0.0295702517 0.0674603024 1
753 728 0 0.0288746803 -0.00472538788 0 0.0292587842 0.0662898865 1
757 728 0 0.0286112832 -0.00449404127 0 0.0289620775 0.0649473672 1
761 728 0 0.028361008 -0.00426623951 0 0.0286800902 0.0634503043 1
765 728 0 0.0281236322 -0.0040426742 0 0.0284127067 0.0618161875 1
769 728 0 0.0278988956 -0.00382396534 0 0.0281597423 0.0600622958 1
773 728 0 0.0276865046 -0.00361066214 0 0.0279209494 0.0582055693 1
777 728 0 0.0274861363 -0.00340324437 0 0.0276960243 0.0562624924 1
781 728 0 0.0272974424 -0.00320212411 0 0.0274846131 0.0542489903 1
785 728 0 0.0271200527 -0.00300764806 0 0.027286319 0.0521803381 1
789 728 0 0.0269535792 -0.00282010005 0 0.0271007084 0.0500710828 1
793 728 0 0.0267976193 -0.00263970401 0 0.0269273176 0.0479349778 1
797 728 0 0.0266517593 -0.00246662715 0 0.0267656594 0.0457849312 1
801 728 0 0.0265155774 -0.00230098329 0 0.0266152281 0.0436329644 1
805 728 0 0.0263886469 -0.00214283647 0 0.0264755063 0.0414901842 1
809 728 0 0.0262705386 -0.00199220458 0 0.0263459689 0.0393667644 1
813 728 0 0.0261608237 -0.00184906314 0 0.0262260887 0.0372719388 1
817 728 0 0.0260590756 -0.00171334903 0 0.0261153401 0.0352140035 1
821 728 0 0.0259648727 -0.00158496428 0 0.026013203 0.0332003274 1
825 728 0 0.0258777997 -0.00146377976 0 0.025919166 0.0312373714 1
829 728 0 0.0257974494 -0.00134963887 0 0.0258327297 0.0293307141 1
833 728 0 0.0257234245 -0.00124236104 0 0.0257534081 0.0274850838 1
837 728 0 0.0256553384 -0.00114174515 0 0.0256807315 0.0257043953 1
841 728 0 0.0255928166 -0.00104757283 0 0.0256142474 0.0239917919 1
845 728 0 0.0255354975 -0.000959611511 0 0.025553522 0.02234969 1
849 728 0 0.0254830331 -0.000877617402 0 0.0254981408 0.0207798271 1
853 728 0 0.0254350895 -0.000801338181 0 0.0254477095 0.0192833108 1
857 728 0 0.0253913476 -0.000730515552 0 0.025401854 0.0178606704 1
861 728 0 0.0253515031 -0.000664887578 0 0.0253602205 0.0165119077 1
253 732 0 0.0253469765 0.000615304932 0 0.0253544437 0.0161208993 1
257 732 0 0.0253863079 0.000676038834 0 0.0253953078 0.0174643365 1
261 732 0 0.0254294865 0.000741580008 0 0.0254402972 0.0188854595 1
265 732 0 0.0254768126 0.000812170861 0 0.0254897549 0.0203849941 1
269 732 0 0.0255286014 0.000888050425 0 0.0255440429 0.0219632138 1
273 732 0 0.0255851824 0.000969452204 0 0.0256035427 0.0236198913 1
277 732 0 0.0256468991 0.00105660182 0 0.0256686548 0.0253542508 1
281 732 0 0.0257141084 0.00114971448 0 0.0257397982 0.0271649205 1
285 732 0 0.02578718 0.00124899229 0 0.0258174095 0.0290498871 1
289 732 0 0.0258664955 0.00135462135 0 0.0259019418 0.0310064515 1
293 732 0 0.0259524473 0.00146676878 0 0.0259938633 0.0330311884 1
297 732 0 0.026045437 0.0015855795 0 0.0260936554 0.0351199083 1
301 732 0 0.0261458748 0.001711173 0 0.0262018106 0.0372676249 1
305 732 0 0.0262541768 0.00184363996 0 0.0263188299 0.0394685271 1
309 732 0 0.0263707641 0.00198303877 0 0.0264452197 0.0417159571 1
313 732 0 0.02649606 0.00212939212 0 0.0265814881 0.0440023948 1
317 732 0 0.0266304882 0.00228268342 0 0.0267281414 0.0463194511 1
321 732 0 0.0267744698 0.00244285343 0 0.0268856796 0.0486578679 1
325 732 0 0.0269284213 0.00260979679 0 0.0270545913 0.0510075284 1
329 732 0 0.027092751 0.00278335879 0 0.0272353491 0.0533574763 1
333 732 0 0.0272678563 0.00296333219 0 0.0274284036 0.0556959461 1
337 732 0 0.0274541202 0.00314945431 0 0.0276341778 0.0580104034 1
341 732 0 0.0276519082 0.00334140432 0 0.027853061 0.0602875969 1
345 732 0 0.027861564 0.00353880086 0 0.028085403 0.0625136221 1
349 732 0 0.0280834066 0.00374119995 0 0.0283315072 0.0646739957 1
353 732 0 0.0283177255 0.00394809333 0 0.028591625 0.0667537427 1
357 732 0 0.0285647776 0.00415890724 0 0.0288659493 0.0687374946 1
361 732 0 0.0288247828 0.00437300165 0 0.0291546093 0.0706095982 1
365 732 0 0.0290979197 0.00458967006 0 0.0294576646 0.0723542362 1
369 732 0 0.0293843221 0.00480813986 0 0.0297751002 0.0739555564 1
373 732 0 0.0296840745 0.00502757326 0 0.0301068226 0.0753978118 1
377 732 0 0.0299972085 0.00524706891 0 0.0304526559 0.0766655069 1
381 732 0 0.0303236989 0.0054656642 0 0.0308123384 0.0777435524 1
385 732 0 0.03066346 0.00568233818 0 0.0311855214 0.0786174246 1
389 732 0 0.0310163421 0.00589601528 0 0.0315717671 0.0792733293 1
393 732 0 0.0313821286 0.00610556968 0 0.0319705486 0.0796983672 1
397 732 0 0.0317605326 0.00630983044 0 0.0323812506 0.0798807007 1
401 732 0 0.0321511948 0.00650758731 0 0.0328031709 0.0798097182 1
405 732 0 0.0325536811 0.00669759726 0 0.0332355226 0.0794761958 1
409 732 0 0.0329674807 0.00687859166 0 0.0336774376 0.078872452 1
413 732 0 0.0333920049 0.00704928411 0 0.0341279709 0.0779924961 1
417 732 0 0.0338265863 0.00720837885 0 0.0345861052 0.0768321651 1
421 732 0 0.0342704786 0.00735457971 0 0.0350507567 0.0753892489 1
425 732 0 0.0347228565 0.00748659951 0 0.0355207817 0.0736636018 1
429 732 0 0.0351828168 0.00760316991 0 0.0359949829 0.0716572364 1
433 732 0 0.03564938 0.00770305155 0 0.0364721167 0.0693744001 1
437 732 0 0.036121492 0.00778504441 0 0.0369509012 0.0668216312 1
441 732 0 0.0365980271 0.00784799837 0 0.0374300236 0.0640077936 1
445 732 0 0.0370777914 0.0078908237 0 0.0379081484 0.060944088 1
449 732 0 0.0375595264 0.00791250164 0 0.0383839251 0.0576440397 1
453 732 0 0.0380419142 0.00791209464 0 0.0388559967 0.054123461 1
457 732 0 0.0385235825 0.00788875643 0 0.039323007 0.0504003883 1
461 732 0 0.0390031101 0.00784174165 0 0.0397836085 0.0464949932 1
465 732 0 0.0394790341 0.00777041495 0 0.0402364695 0.0424294687 1
469 732 0 0.0399498561 0.00767425948 0 0.040680281 0.0382278895 1
473 732 0 0.0404140504 0.00755288467 0 0.0411137633 0.0339160488 1
477 732 0 0.040870071 0.00740603314 0 0.0415356718 0.029521271 1
481 732 0 0.0413163609 0.00723358668 0 0.0419448025 0.0250722037 1
485 732 0 0.0417513601 0.00703557124 0 0.0423399968 0.0205985891 1
489 732 0 0.0421735145 0.00681216076 0 0.0427201458 0.0161310186 1
493 732 0 0.0425812855 0.0065636799 0 0.0430841939 0.011700671 1
497 732 0 0.0429731586 0.0062906055 0 0.0434311418 0.00733903975 1
501 732 0 0.0433476532 0.00599356672 0 0.0437600489 0.00307764894 1
505 732 0 0.0437033317 0.00567334396 0 0.0440700356 -0.00105223559 1
509 732 0 0.0440388086 0.00533086641 0 0.044360284 -0.0050198992 1
513 732 0 0.0443527593 0.00496720822 0 0.0446300394 -0.00879547073 1
517 732 0 0.0446439292 0.00458358348 0 0.0448786102 -0.012350211 1
521 732 0 0.0449111416 0.00418133973 0 0.0451053682 -0.0156567943 1
525 732 0 0.045153306 0.00376195045 0 0.0453097485 -0.0186895788 1
529 732 0 0.0453694252 0.00332700611 0 0.0454912487 -0.0214248631 1
533 732 0 0.0455586022 0.00287820431 0 0.0456494282 -0.0238411257 1
537 732 0 0.0457200468 0.00241733879 0 0.0457839077 -0.0259192437 1
541 732 0 0.0458530804 0.0019462875 0 0.045894368 -0.0276426889 1
545 732 0 0.0459571411 0.00146699988 0 0.0459805493 -0.0289976976 1
549 732 0 0.046031788 0.000981483442 0 0.0460422504 -0.0299734138 1
553 732 0 0.0460767038 0.000491789754 0 0.0460793282 -0.0305620011 1
557 732 0 0.046091697 -0 0 0.046091697 -0.0307587247 1
561 732 0 0.0460767038 -0.000491789754 0 0.0460793282 -0.0305620011 1
565 732 0 0.046031788 -0.000981483442 0 0.0460422504 -0.0299734138 1
569 732 0 0.0459571411 -0.00146699988 0 0.0459805493 -0.0289976976 1
573 732 0 0.0458530804 -0.0019462875 0 0.045894368 -0.0276426889 1
577 732 0 0.0457200468 -0.00241733879 0 0.0457839077 -0.0259192437 1
581 732 0 0.0455586022 -0.00287820431 0 0.0456494282 -0.0238411257 1
585 732 0 0.0453694252 -0.00332700611 0 0.0454912487 -0.0214248631 1
589 732 0 0.045153306 -0.00376195045 0 0.0453097485 -0.0186895788 1
593 732 0 0.0449111416 -0.00418133973 0 0.0451053682 -0.0156567943 1
597 732 0 0.0446439292 -0.00458358348 0 0.0448786102 -0.012350211 1
601 732 0 0.0443527593 -0.00496720822 0 0.0446300394 -0.00879547073 1
605 732 0 0.0440388086 -0.00533086641 0 0.044360284 -0.0050198992 1
609 732 0 0.0437033317 -0.00567334396 0 0.0440700356 -0.00105223559 1
613 732 0 0.0433476532 -0.00599356672 0 0.0437600489 0.00307764894 1
617 732 0 0.0429731586 -0.0062906055 0 0.0434311418 0.00733903975 1
621 732 0 0.0425812855 -0.0065636799 0 0.0430841939 0.011700671 1
625 732 0 0.0421735145 -0.00681216076 0 0.0427201458 0.0161310186 1
629 732 0 0.0417513601 -0.00703557124 0 0.0423399968 0.0205985891 1
633 732 0 0.0413163609 -0.00723358668 0 0.0419448025 0.0250722037 1
637 732 0 0.040870071 -0.00740603314 0 0.0415356718 0.029521271 1
641 732 0 0.0404140504 -0.00755288467 0 0.0411137633 0.0339160488 1
645 732 0 0.0399498561 -0.00767425948 0 0.040680281 0.0382278895 1
649 732 0 0.0394790341 -0.00777041495 0 0.0402364695 0.0424294687 1
653 732 0 0.0390031101 -0.00784174165 0 0.0397836085 0.0464949932 1
657 732 0 0.0385235825 -0.00788875643 0 0.039323007 0.0504003883 1
661 732 0 0.0380419142 -0.00791209464 0 0.0388559967 0.054123461 1
665 732 0 0.0375595264 -0.00791250164 0 0.0383839251 0.0576440397 1
669 732 0 0.0370777914 -0.0078908237 0 0.0379081484 0.060944088 1
673 732 0 0.0365980271 -0.00784799837 0 0.0374300236 0.0640077936 1
677 732 0 0.036121492 -0.00778504441 0 0.0369509012 0.0668216312 1
681 732 0 0.03564938 -0.00770305155 0 0.0364721167 0.0693744001 1
685 732 0 0.0351828168 -0.00760316991 0 0.0359949829 0.0716572364 1
689 732 0 0.0347228565 -0.00748659951 0 0.0355207817 0.0736636018 1
693 732 0 0.0342704786 -0.00735457971 0 0.0350507567 0.0753892489 1
697 732 0 0.0338265863 -0.00720837885 0 0.0345861052 0.0768321651 1
701 732 0 0.0333920049 -0.00704928411 0 0.0341279709 0.0779924961 1
705 732 0 0.0329674807 -0.00687859166 0 0.0336774376 0.078872452 1
709 732 0 0.0325536811 -0.00669759726 0 0.0332355226 0.0794761958 1
713 732 0 0.0321511948 -0.00650758731 0 0.0328031709 0.0798097182 1
717 732 0 0.0317605326 -0.00630983044 0 0.0323812506 0.0798807007 1
721 732 0 0.0313821286 -0.00610556968 0 0.0319705486 0.0796983672 1
725 732 0 0.0310163421 -0.00589601528 0 0.0315717671 0.0792733293 1
729 732 0 0.03066346 -0.00568233818 0 0.0311855214 0.0786174246 1
733 732 0 0.0303236989 -0.0054656642 0 0.0308123384 0.0777435524 1
737 732 0 0.0299972085 -0.00524706891 0 0.0304526559 0.0766655069 1
741 732 0 0.0296840745 -0.00502757326 0 0.0301068226 0.0753978118 1
745 732 0 0.0293843221 -0.00480813986 0 0.0297751002 0.0739555564 1
749 732 0 0.0290979197 -0.00458967006 0 0.0294576646 0.0723542362 1
753 732 0 0.0288247828 -0.00437300165 0 0.0291546093 0.0706095982 1
757 732 0 0.0285647776 -0.00415890724 0 0.0288659493 0.0687374946 1
761 732 0 0.0283177255 -0.00394809333 0 0.028591625 0.0667537427 1
765 732 0 0.0280834066 -0.00374119995 0 0.0283315072 0.0646739957 1
769 732 0 0.027861564 -0.00353880086 0 0.028085403 0.0625136221 1
773 732 0 0.0276519082 -0.00334140432 0 0.027853061 0.0602875969 1
777 732 0 0.0274541202 -0.00314945431 0 0.0276341778 0.0580104034 1
781 732 0 0.0272678563 -0.00296333219 0 0.0274284036 0.0556959461 1
785 732 0 0.027092751 -0.00278335879 0 0.0272353491 0.0533574763 1
789 732 0 0.0269284213 -0.00260979679 0 0.0270545913 0.0510075284 1
793 732 0 0.0267744698 -0.00244285343 0 0.0268856796 0.0486578679 1
797 732 0 0.0266304882 -0.00228268342 0 0.0267281414 0.0463194511 1
801 732 0 0.02649606 -0.00212939212 0 0.0265814881 0.0440023948 1
805 732 0 0.0263707641 -0.00198303877 0 0.0264452197 0.0417159571 1
809 732 0 0.0262541768 -0.00184363996 0 0.0263188299 0.0394685271 1
813 732 0 0.0261458748 -0.001711173 0 0.0262018106 0.0372676249 1
817 732 0 0.026045437 -0.0015855795 0 0.0260936554 0.0351199083 1
821 732 0 0.0259524473 -0.00146676878 0 0.0259938633 0.0330311884 1
825 732 0 0.0258664955 -0.00135462135 0 0.0259019418 0.0310064515 1
829 732 0 0.02578718 -0.00124899229 0 0.0258174095 0.0290498871 1
833 732 0 0.0257141084 -0.00114971448 0 0.0257397982 0.0271649205 1
837 732 0 0.0256468991 -0.00105660182 0 0.0256686548 0.0253542508 1
841 732 0 0.0255851824 -0.000969452204 0 0.0256035427 0.0236198913 1
845 732 0 0.0255286014 -0.000888050425 0 0.0255440429 0.0219632138 1
849 732 0 0.0254768126 -0.000812170861 0 0.0254897549 0.0203849941 1
853 732 0 0.0254294865 -0.000741580008 0 0.0254402972 0.0188854595 1
857 732 0 0.0253863079 -0.000676038834 0 0.0253953078 0.0174643365 1
861 732 0 0.0253469765 -0.000615304932 0 0.0253544437 0.0161208993 1
253 736 0 0.0253394686 0.00056657982 0 0.0253458021 0.0156680191 1
257 736 0 0.025377949 0.000622504291 0 0.0253855827 0.0169984431 1
261 736 0 0.0254201933 0.000682855354 0 0.0254293633 0.0184095339 1
265 736 0 0.0254664954 0.000747856218 0 0.025477474 0.0199026732 1
269 736 0 0.0255171636 0.000817726989 0 0.0255302628 0.0214788608 1
273 736 0 0.0255725203 0.000892682678 0 0.0255880964 0.0231386698 1
277 736 0 0.0256329016 0.000972931039 0 0.0256513594 0.0248822011 1
281 736 0 0.0256986566 0.00105867024 0 0.0257204536 0.0267090392 1
285 736 0 0.0257701471 0.00115008638 0 0.0257957978 0.0286182077 1
289 736 0 0.0258477464 0.00124735083 0 0.025877826 0.030608127 1
293 736 0 0.0259318383 0.00135061747 0 0.0259669869 0.0326765744 1
297 736 0 0.026022816 0.00146001974 0 0.0260637413 0.0348206462 1
301 736 0 0.0261210805 0.00157566767 0 0.0261685608 0.0370367242 1
305 736 0 0.0262270392 0.00169764476 0 0.026281925 0.0393204456 1
309 736 0 0.0263411037 0.00182600478 0 0.0264043186 0.0416666792 1
313 736 0 0.0264636885 0.00196076862 0 0.0265362285 0.0440695056 1
317 736 0 0.0265952079 0.002101921 0 0.02667814 0.0465222055 1
321 736 0 0.0267360741 0.00224940738 0 0.0268305328 0.0490172541 1
325 736 0 0.0268866944 0.00240313074 0 0.0269938766 0.051546324 1
329 736 0 0.0270474683 0.00256294861 0 0.0271686262 0.0541002962 1
333 736 0 0.0272187847 0.00272867017 0 0.0273552168 0.0566692801 1
337 736 0 0.0274010184 0.00290005355 0 0.0275540581 0.0592426434 1
341 736 0 0.0275945266 0.00307680332 0 0.0277655293 0.0618090513 1
345 736 0 0.027799646 0.00325856831 0 0.0279899729 0.0643565168 1
349 736 0 0.0280166883 0.00344493971 0 0.0282276891 0.0668724603 1
353 736 0 0.0282459371 0.0036354495 0 0.02847893 0.0693437806 1
357 736 0 0.0284876435 0.00382956935 0 0.0287438939 0.0717569357 1
361 736 0 0.0287420227 0.00402670993 0 0.0290227198 0.0740980337 1
365 736 0 0.0290092495 0.00422622069 0 0.0293154823 0.0763529343 1
369 736 0 0.0292894548 0.00442739018 0 0.0296221867 0.0785073581 1
373 736 0 0.0295827212 0.00462944696 0 0.0299427649 0.0805470056 1
377 736 0 0.0298890797 0.00483156107 0 0.0302770716 0.0824576836 1
381 736 0 0.0302085055 0.00503284611 0 0.0306248811 0.0842254377 1
385 736 0 0.0305409149 0.00523236199 0 0.0309858854 0.0858366908 1
389 736 0 0.0308861614 0.00542911831 0 0.0313596922 0.0872783859 1
393 736 0 0.0312440331 0.0056220784 0 0.0317458244 0.0885381307 1
397 736 0 0.0316142492 0.00581016404 0 0.0321437204 0.0896043441 1
401 736 0 0.0319964584 0.00599226083 0 0.0325527347 0.0904664019 1
405 736 0 0.0323902357 0.00616722416 0 0.0329721401 0.0911147797 1
409 736 0 0.0327950816 0.00633388587 0 0.03340113 0.0915411921 1
413 736 0 0.03321042 0.00649106144 0 0.033838822 0.0917387251 1
417 736 0 0.033635598 0.0066375577 0 0.0342842621 0.091701961 1
421 736 0 0.0340698854 0.00677218112 0 0.0347364294 0.0914270929 1
425 736 0 0.0345124748 0.00689374646 0 0.0351942418 0.0909120275 1
429 736 0 0.0349624826 0.00700108582 0 0.0356565617 0.0901564739 1
433 736 0 0.0354189504 0.00709305797 0 0.0361222025 0.0891620177 1
437 736 0 0.0358808469 0.00716855794 0 0.0365899357 0.0879321772 1
441 736 0 0.0363470708 0.00722652666 0 0.0370584976 0.086472442 1
445 736 0 0.036816454 0.00726596072 0 0.0375265968 0.0847902913 1
449 736 0 0.0372877653 0.00728592201 0 0.0379929217 0.0828951922 1
453 736 0 0.0377597153 0.00728554724 0 0.0384561477 0.0807985758 1
457 736 0 0.0382309612 0.00726405715 0 0.0389149447 0.0785137923 1
461 736 0 0.0387001129 0.0072207654 0 0.0393679844 0.0760560426 1
465 736 0 0.0391657389 0.00715508696 0 0.039813947 0.0734422889 1
469 736 0 0.0396263734 0.00706654591 0 0.0402515284 0.0706911428 1
473 736 0 0.0400805235 0.0069547826 0 0.0406794465 0.0678227324 1
477 736 0 0.0405266768 0.00681956003 0 0.0410964467 0.0648585487 1
481 736 0 0.04096331 0.00666076935 0 0.0415013086 0.0618212741 1
485 736 0 0.0413888967 0.00647843447 0 0.04189285 0.0587345923 1
489 736 0 0.0418019166 0.00627271554 0 0.0422699325 0.0556229829 1
493 736 0 0.0422008643 0.00604391153 0 0.0426314651 0.052511503 1
497 736 0 0.0425842581 0.00579246149 0 0.042976408 0.0494255568 1
501 736 0 0.0429506495 0.00551894479 0 0.0433037763 0.0463906574 1
505 736 0 0.0432986319 0.00522408001 0 0.0436126419 0.0434321816 1
509 736 0 0.0436268498 0.00490872276 0 0.0439021364 0.0405751225 1
513 736 0 0.0439340073 0.00457386215 0 0.0441714524 0.0378438417 1
517 736 0 0.0442188768 0.00422061609 0 0.0444198454 0.0352618238 1
521 736 0 0.0444803074 0.00385022545 0 0.0446466346 0.0328514375 1
525 736 0 0.0447172318 0.003464047 0 0.0448512034 0.0306337051 1
529 736 0 0.0449286746 0.00306354528 0 0.0450330003 0.0286280838 1
533 736 0 0.0451137584 0.00265028345 0 0.045191539 0.0268522618 1
537 736 0 0.0452717096 0.00222591321 0 0.0453263983 0.025321971 1
541 736 0 0.0454018646 0.00179216379 0 0.0454372222 0.0240508203 1
545 736 0 0.0455036737 0.00135083027 0 0.0455237198 0.0230501496 1
549 736 0 0.0455767054 0.00090376118 0 0.0455856651 0.0223289083 1
553 736 0 0.0456206493 0.000452845631 0 0.0456228967 0.0218935588 1
557 736 0 0.045635318 -0 0 0.045635318 0.0217480068 1
561 736 0 0.0456206493 -0.000452845631 0 0.0456228967 0.0218935588 1
565 736 0 0.0455767054 -0.00090376118 0 0.0455856651 0.0223289083 1
569 736 0 0.0455036737 -0.00135083027 0 0.0455237198 0.0230501496 1
573 736 0 0.0454018646 -0.00179216379 0 0.0454372222 0.0240508203 1
577 736 0 0.0452717096 -0.00222591321 0 0.0453263983 0.025321971 1
581 736 0 0.0451137584 -0.00265028345 0 0.045191539 0.0268522618 1
585 736 0 0.0449286746 -0.00306354528 0 0.0450330003 0.0286280838 1
589 736 0 0.0447172318 -0.003464047 0 0.0448512034 0.0306337051 1
593 736 0 0.0444803074 -0.00385022545 0 0.0446466346 0.0328514375 1
597 736 0 0.0442188768 -0.00422061609 0 0.0444198454 0.0352618238 1
601 736 0 0.0439340073 -0.00457386215 0 0.0441714524 0.0378438417 1
605 736 0 0.0436268498 -0.00490872276 0 0.0439021364 0.0405751225 1
609 736 0 0.0432986319 -0.00522408001 0 0.0436126419 0.0434321816 1
613 736 0 0.0429506495 -0.00551894479 0 0.0433037763 0.0463906574 1
617 736 0 0.0425842581 -0.00579246149 0 0.042976408 0.0494255568 1
621 736 0 0.0422008643 -0.00604391153 0 0.0426314651 0.052511503 1
625 736 0 0.0418019166 -0.00627271554 0 0.0422699325 0.0556229829 1
629 736 0 0.0413888967 -0.00647843447 0 0.04189285 0.0587345923 1
633 736 0 0.04096331 -0.00666076935 0 0.0415013086 0.0618212741 1
637 736 0 0.0405266768 -0.00681956003 0 0.0410964467 0.0648585487 1
641 736 0 0.0400805235 -0.0069547826 0 0.0406794465 0.0678227324 1
645 736 0 0.0396263734 -0.00706654591 0 0.0402515284 0.0706911428 1
649 736 0 0.0391657389 -0.00715508696 0 0.039813947 0.0734422889 1
653 736 0 0.0387001129 -0.0072207654 0 0.0393679844 0.0760560426 1
657 736 0 0.0382309612 -0.00726405715 0 0.0389149447 0.0785137923 1
661 736 0 0.0377597153 -0.00728554724 0 0.0384561477 0.0807985758 1
665 736 0 0.0372877653 -0.00728592201 0 0.0379929217 0.0828951922 1
669 736 0 0.036816454 -0.00726596072 0 0.0375265968 0.0847902913 1
673 736 0 0.0363470708 -0.00722652666 0 0.0370584976 0.086472442 1
677 736 0 0.0358808469 -0.00716855794 0 0.0365899357 0.0879321772 1
681 736 0 0.0354189504 -0.00709305797 0 0.0361222025 0.0891620177 1
685 736 0 0.0349624826 -0.00700108582 0 0.0356565617 0.0901564739 1
689 736 0 0.0345124748 -0.00689374646 0 0.0351942418 0.0909120275 1
693 736 0 0.0340698854 -0.00677218112 0 0.0347364294 0.0914270929 1
697 736 0 0.033635598 -0.0066375577 0 0.0342842621 0.091701961 1
701 736 0 0.03321042 -0.00649106144 0 0.033838822 0.0917387251 1
705 736 0 0.0327950816 -0.00633388587 0 0.03340113 0.0915411921 1
709 736 0 0.0323902357 -0.00616722416 0 0.0329721401 0.0911147797 1
713 736 0 0.0319964584 -0.00599226083 0 0.0325527347 0.0904664019 1
717 736 0 0.0316142492 -0.00581016404 0 0.0321437204 0.0896043441 1
721 736 0 0.0312440331 -0.0056220784 0 0.0317458244 0.0885381307 1
725 736 0 0.0308861614 -0.00542911831 0 0.0313596922 0.0872783859 1
729 736 0 0.0305409149 -0.00523236199 0 0.0309858854 0.0858366908 1
733 736 0 0.0302085055 -0.00503284611 0 0.0306248811 0.0842254377 1
737 736 0 0.0298890797 -0.00483156107 0 0.0302770716 0.0824576836 1
741 736 0 0.0295827212 -0.00462944696 0 0.0299427649 0.0805470056 1
745 736 0 0.0292894548 -0.00442739018 0 0.0296221867 0.0785073581 1
749 736 0 0.0290092495 -0.00422622069 0 0.0293154823 0.0763529343 1
753 736 0 0.0287420227 -0.00402670993 0 0.0290227198 0.0740980337 1
757 736 0 0.0284876435 -0.00382956935 0 0.0287438939 0.0717569357 1
761 736 0 0.0282459371 -0.0036354495 0 0.02847893 0.0693437806 1
765 736 0 0.0280166883 -0.00344493971 0 0.0282276891 0.0668724603 1
769 736 0 0.027799646 -0.00325856831 0 0.0279899729 0.0643565168 1
773 736 0 0.0275945266 -0.00307680332 0 0.0277655293 0.0618090513 1
777 736 0 0.0274010184 -0.00290005355 0 0.0275540581 0.0592426434 1
781 736 0 0.0272187847 -0.00272867017 0 0.0273552168 0.0566692801 1
785 736 0 0.0270474683 -0.00256294861 0 0.0271686262 0.0541002962 1
789 736 0 0.0268866944 -0.00240313074 0 0.0269938766 0.051546324 1
793 736 0 0.0267360741 -0.00224940738 0 0.0268305328 0.0490172541 1
797 736 0 0.0265952079 -0.002101921 0 0.02667814 0.0465222055 1
801 736 0 0.0264636885 -0.00196076862 0 0.0265362285 0.0440695056 1
805 736 0 0.0263411037 -0.00182600478 0 0.0264043186 0.0416666792 1
809 736 0 0.0262270392 -0.00169764476 0 0.026281925 0.0393204456 1
813 736 0 0.0261210805 -0.00157566767 0 0.0261685608 0.0370367242 1
817 736 0 0.026022816 -0.00146001974 0 0.0260637413 0.0348206462 1
821 736 0 0.0259318383 -0.00135061747 0 0.0259669869 0.0326765744 1
825 736 0 0.0258477464 -0.00124735083 0 0.025877826 0.030608127 1
829 736 0 0.0257701471 -0.00115008638 0 0.0257957978 0.0286182077 1
833 736 0 0.0256986566 -0.00105867024 0 0.0257204536 0.0267090392 1
837 736 0 0.0256329016 -0.000972931039 0 0.0256513594 0.0248822011 1
841 736 0 0.0255725203 -0.000892682678 0 0.0255880964 0.0231386698 1
845 736 0 0.0255171636 -0.000817726989 0 0.0255302628 0.0214788608 1
849 736 0 0.0254664954 -0.000747856218 0 0.025477474 0.0199026732 1
853 736 0 0.0254201933 -0.000682855354 0 0.0254293633 0.0184095339 1
857 736 0 0.025377949 -0.000622504291 0 0.0253855827 0.0169984431 1
861 736 0 0.0253394686 -0.00056657982 0 0.0253458021 0.0156680191 1
253 740 0 0.0253293233 0.000519111123 0 0.0253346422 0.0151557734 1
257 740 0 0.0253666537 0.000570350179 0 0.0253730648 0.0164654665 1
261 740 0 0.0254076355 0.000625644962 0 0.0254153373 0.017857943 1
265 740 0 0.0254525538 0.00068519998 0 0.0254617752 0.019335162 1
269 740 0 0.0255017077 0.000749216899 0 0.025512711 0.0208987662 1
273 740 0 0.02555541 0.000817892716 0 0.0255684949 0.0225500409 1
277 740 0 0.0256139867 0.000891417779 0 0.0256294936 0.0242898711 1
281 740 0 0.0256777766 0.000969973656 0 0.0256960904 0.0261186995 1
285 740 0 0.0257471306 0.00105373085 0 0.0257686841 0.0280364844 1
289 740 0 0.0258224108 0.00114284637 0 0.0258476884 0.0300426587 1
293 740 0 0.0259039895 0.00123746121 0 0.0259335301 0.0321360909 1
297 740 0 0.0259922482 0.00133769764 0 0.026026648 0.0343150477 1
301 740 0 0.026087576 0.00144365646 0 0.0261274906 0.0365771595 1
305 740 0 0.026190368 0.00155541417 0 0.0262365144 0.0389193899 1
309 740 0 0.0263010237 0.00167302004 0 0.0263541807 0.0413380081 1
313 740 0 0.0264199449 0.00179649321 0 0.0264809531 0.0438285676 1
317 740 0 0.0265475337 0.00192581969 0 0.0266172937 0.0463858892 1
321 740 0 0.02668419 0.00206094949 0 0.0267636602 0.0490040505 1
325 740 0 0.0268303088 0.00220179373 0 0.0269205009 0.0516763821 1
329 740 0 0.0269862779 0.00234822188 0 0.027088251 0.0543954712 1
333 740 0 0.0271524744 0.00250005911 0 0.0272673277 0.0571531724 1
337 740 0 0.0273292618 0.00265708379 0 0.0274581253 0.059940628 1
341 740 0 0.0275169868 0.00281902527 0 0.0276610099 0.0627482956 1
345 740 0 0.027715976 0.00298556178 0 0.0278763144 0.0655659858 1
349 740 0 0.0279265318 0.00315631877 0 0.0281043329 0.0683829083 1
353 740 0 0.0281489293 0.00333086744 0 0.0283453153 0.071187728 1
357 740 0 0.0283834121 0.00350872371 0 0.028599462 0.0739686298 1
361 740 0 0.028630189 0.00368934763 0 0.0288669189 0.0767133929 1
365 740 0 0.0288894295 0.00387214315 0 0.0291477723 0.0794094738 1
369 740 0 0.0291612606 0.00405645843 0 0.0294420443 0.082044098 1
373 740 0 0.0294457624 0.00424158667 0 0.0297496888 0.0846043592 1
377 740 0 0.0297429651 0.00442676743 0 0.0300705877 0.087077326 1
381 740 0 0.0300528446 0.00461118858 0 0.0304045479 0.0894501551 1
385 740 0 0.0303753197 0.0047939888 0 0.0307512987 0.0917102091 1
389 740 0 0.0307102482 0.00497426065 0 0.0311104904 0.0938451797 1
393 740 0 0.0310574245 0.00515105433 0 0.0314816927 0.095843213 1
397 740 0 0.0314165764 0.00532338194 0 0.031864395 0.0976930366 1
401 740 0 0.0317873629 0.00549022245 0 0.0322580065 0.0993840873 1
405 740 0 0.0321693719 0.00565052716 0 0.0326618576 0.100906637 1
409 740 0 0.0325621185 0.00580322577 0 0.0330752021 0.102251917 1
413 740 0 0.0329650442 0.00594723299 0 0.0334972196 0.103412234 1
417 740 0 0.0333775154 0.00608145562 0 0.0339270193 0.104381084 1
421 740 0 0.0337988237 0.00620480014 0 0.034363644 0.105153258 1
425 740 0 0.0342281859 0.0063161806 0 0.0348060749 0.105724934 1
429 740 0 0.0346647448 0.00641452695 0 0.0352532366 0.106093762 1
433 740 0 0.0351075706 0.00649879357 0 0.0357040031 0.106258935 1
437 740 0 0.035555663 0.00656796807 0 0.0361572036 0.106221245 1
441 740 0 0.0360079534 0.0066210801 0 0.0366116294 0.105983125 1
445 740 0 0.0364633086 0.00665721033 0 0.03706604 0.105548673 1
449 740 0 0.0369205344 0.00667549924 0 0.0375191704 0.10492366 1
453 740 0 0.0373783797 0.00667515587 0 0.0379697376 0.10411552 1
457 740 0 0.037835542 0.00665546625 0 0.0384164479 0.103133316 1
461 740 0 0.0382906727 0.00661580153 0 0.0388580036 0.1019877 1
465 740 0 0.0387423831 0.0065556257 0 0.0392931098 0.100690837 1
469 740 0 0.0391892511 0.00647450272 0 0.0397204807 0.0992563222 1
473 740 0 0.0396298285 0.00637210306 0 0.0401388465 0.0976990781 1
477 740 0 0.0400626481 0.00624820959 0 0.0405469592 0.0960352294 1
481 740 0 0.0404862321 0.00610272258 0 0.040943598 0.0942819655 1
485 740 0 0.0408990998 0.00593566392 0 0.0413275752 0.0924573872 1
489 740 0 0.0412997762 0.00574718035 0 0.0416977409 0.0905803383 1
493 740 0 0.041686801 0.0055375458 0 0.0420529879 0.0886702268 1
497 740 0 0.0420587367 0.00530716253 0 0.0423922553 0.0867468352 1
501 740 0 0.0424141782 0.00505656137 0 0.0427145329 0.0848301233 1
505 740 0 0.0427517608 0.00478640069 0 0.0430188643 0.0829400253 1
509 740 0 0.0430701696 0.00449746443 0 0.0433043496 0.0810962441 1
513 740 0 0.0433681474 0.00419065882 0 0.0435701484 0.0793180447 1
517 740 0 0.0436445034 0.00386700811 0 0.0438154816 0.0776240497 1
521 740 0 0.0438981208 0.00352764922 0 0.0440396335 0.0760320396 1
525 740 0 0.0441279646 0.00317382523 0 0.0442419532 0.0745587593 1
529 740 0 0.0443330883 0.002806878 0 0.0444218559 0.0732197357 1
533 740 0 0.0445126406 0.00242823972 0 0.0445788237 0.0720291059 1
537 740 0 0.0446658713 0.00203942369 0 0.0447124066 0.0709994605 1
541 740 0 0.0447921365 0.00164201429 0 0.0448222233 0.0701417027 1
545 740 0 0.044890903 0.00123765618 0 0.044907961 0.0694649268 1
549 740 0 0.0449617521 0.000828043048 0 0.0449693763 0.0689763145 1
553 740 0 0.0450043826 0.000414905713 0 0.0450062951 0.068681055 1
557 740 0 0.045018613 -0 0 0.045018613 0.0685822852 1
561 740 0 0.0450043826 -0.000414905713 0 0.0450062951 0.068681055 1
565 740 0 0.0449617521 -0.000828043048 0 0.0449693763 0.0689763145 1
569 740 0 0.044890903 -0.00123765618 0 0.044907961 0.0694649268 1
573 740 0 0.0447921365 -0.00164201429 0 0.0448222233 0.0701417027 1
577 740 0 0.0446658713 -0.00203942369 0 0.0447124066 0.0709994605 1
581 740 0 0.0445126406 -0.00242823972 0 0.0445788237 0.0720291059 1
585 740 0 0.0443330883 -0.002806878 0 0.0444218559 0.0732197357 1
589 740 0 0.0441279646 -0.00317382523 0 0.0442419532 0.0745587593 1
593 740 0 0.0438981208 -0.00352764922 0 0.0440396335 0.0760320396 1
597 740 0 0.0436445034 -0.00386700811 0 0.0438154816 0.0776240497 1
601 740 0 0.0433681474 -0.00419065882 0 0.0435701484 0.0793180447 1
605 740 0 0.0430701696 -0.00449746443 0 0.0433043496 0.0810962441 1
609 740 0 0.0427517608 -0.00478640069 0 0.0430188643 0.0829400253 1
613 740 0 0.0424141782 -0.00505656137 0 0.0427145329 0.0848301233 1
617 740 0 0.0420587367 -0.00530716253 0 0.0423922553 0.0867468352 1
621 740 0 0.041686801 -0.0055375458 0 0.0420529879 0.0886702268 1
625 740 0 0.0412997762 -0.00574718035 0 0.0416977409 0.0905803383 1
629 740 0 0.0408990998 -0.00593566392 0 0.0413275752 0.0924573872 1
633 740 0 0.0404862321 -0.00610272258 0 0.040943598 0.0942819655 1
637 740 0 0.0400626481 -0.00624820959 0 0.0405469592 0.0960352294 1
641 740 0 0.0396298285 -0.00637210306 0 0.0401388465 0.0976990781 1
645 740 0 0.0391892511 -0.00647450272 0 0.0397204807 0.0992563222 1
649 740 0 0.0387423831 -0.0065556257 0 0.0392931098 0.100690837 1
653 740 0 0.0382906727 -0.00661580153 0 0.0388580036 0.1019877 1
657 740 0 0.037835542 -0.00665546625 0 0.0384164479 0.103133316 1
661 740 0 0.0373783797 -0.00667515587 0 0.0379697376 0.10411552 1
665 740 0 0.0369205344 -0.00667549924 0 0.0375191704 0.10492366 1
669 740 0 0.0364633086 -0.00665721033 0 0.03706604 0.105548673 1
673 740 0 0.0360079534 -0.0066210801 0 0.0366116294 0.105983125 1
677 740 0 0.035555663 -0.00656796807 0 0.0361572036 0.106221245 1
681 740 0 0.0351075706 -0.00649879357 0 0.0357040031 0.106258935 1
685 740 0 0.0346647448 -0.00641452695 0 0.0352532366 0.106093762 1
689 740 0 0.0342281859 -0.0063161806 0 0.0348060749 0.105724934 1
693 740 0 0.0337988237 -0.00620480014 0 0.034363644 0.105153258 1
697 740 0 0.0333775154 -0.00608145562 0 0.0339270193 0.104381084 1
701 740 0 0.0329650442 -0.00594723299 0 0.0334972196 0.103412234 1
705 740 0 0.0325621185 -0.00580322577 0 0.0330752021 0.102251917 1
709 740 0 0.0321693719 -0.00565052716 0 0.0326618576 0.100906637 1
713 740 0 0.0317873629 -0.00549022245 0 0.0322580065 0.0993840873 1
717 740 0 0.0314165764 -0.00532338194 0 0.031864395 0.0976930366 1
721 740 0 0.0310574245 -0.00515105433 0 0.0314816927 0.095843213 1
725 740 0 0.0307102482 -0.00497426065 0 0.0311104904 0.0938451797 1
729 740 0 0.0303753197 -0.0047939888 0 0.0307512987 0.0917102091 1
733 740 0 0.0300528446 -0.00461118858 0 0.0304045479 0.0894501551 1
737 740 0 0.0297429651 -0.00442676743 0 0.0300705877 0.087077326 1
741 740 0 0.0294457624 -0.00424158667 0 0.0297496888 0.0846043592 1
745 740 0 0.0291612606 -0.00405645843 0 0.0294420443 0.082044098 1
749 740 0 0.0288894295 -0.00387214315 0 0.0291477723 0.0794094738 1
753 740 0 0.028630189 -0.00368934763 0 0.0288669189 0.0767133929 1
757 740 0 0.0283834121 -0.00350872371 0 0.028599462 0.0739686298 1
761 740 0 0.0281489293 -0.00333086744 0 0.0283453153 0.071187728 1
765 740 0 0.0279265318 -0.00315631877 0 0.0281043329 0.0683829083 1
769 740 0 0.027715976 -0.00298556178 0 0.0278763144 0.0655659858 1
773 740 0 0.0275169868 -0.00281902527 0 0.0276610099 0.0627482956 1
777 740 0 0.0273292618 -0.00265708379 0 0.0274581253 0.059940628 1
781 740 0 0.0271524744 -0.00250005911 0 0.0272673277 0.0571531724 1
785 740 0 0.0269862779 -0.00234822188 0 0.027088251 0.0543954712 1
789 740 0 0.0268303088 -0.00220179373 0 0.0269205009 0.0516763821 1
793 740 0 0.02668419 -0.00206094949 0 0.0267636602 0.0490040505 1
797 740 0 0.0265475337 -0.00192581969 0 0.0266172937 0.0463858892 1
801 740 0 0.0264199449 -0.00179649321 0 0.0264809531 0.0438285676 1
805 740 0 0.0263010237 -0.00167302004 0 0.0263541807 0.0413380081 1
809 740 0 0.026190368 -0.00155541417 0 0.0262365144 0.0389193899 1
813 740 0 0.026087576 -0.00144365646 0 0.0261274906 0.0365771595 1
817 740 0 0.0259922482 -0.00133769764 0 0.026026648 0.0343150477 1
821 740 0 0.0259039895 -0.00123746121 0 0.0259335301 0.0321360909 1
825 740 0 0.0258224108 -0.00114284637 0 0.0258476884 0.0300426587 1
829 740 0 0.0257471306 -0.00105373085 0 0.0257686841 0.0280364844 1
833 740 0 0.0256777766 -0.000969973656 0 0.0256960904 0.0261186995 1
837 740 0 0.0256139867 -0.000891417779 0 0.0256294936 0.0242898711 1
841 740 0 0.02555541 -0.000817892716 0 0.0255684949 0.0225500409 1
845 740 0 0.0255017077 -0.000749216899 0 0.025512711 0.0208987662 1
849 740 0 0.0254525538 -0.00068519998 0 0.0254617752 0.019335162 1
853 740 0 0.0254076355 -0.000625644962 0 0.0254153373 0.017857943 1
857 740 0 0.0253666537 -0.000570350179 0 0.0253730648 0.0164654665 1
861 740 0 0.0253293233 -0.000519111123 0 0.0253346422 0.0151557734 1
253 744 0 0.0253169066 0.000473247246 0 0.0253213294 0.0145881663 1
257 744 0 0.0253528295 0.000519959291 0 0.0253581609 0.0158695908 1
261 744 0 0.0253922661 0.000570368736 0 0.0253986712 0.0172350381 1
265 744 0 0.0254354909 0.000624662021 0 0.0254431602 0.0186869617 1
269 744 0 0.0254827916 0.000683022995 0 0.0254919435 0.02022756 1
273 744 0 0.0255344691 0.000745631249 0 0.0255453533 0.0218587372 1
277 744 0 0.0255908372 0.000812660315 0 0.0256037374 0.023582064 1
281 744 0 0.025652222 0.000884275718 0 0.0256674587 0.0253987375 1
285 744 0 0.0257189611 0.000960632897 0 0.0257368952 0.0273095415 1
289 744 0 0.0257914029 0.001041875 0 0.0258124382 0.0293148074 1
293 744 0 0.0258699059 0.00112813054 0 0.0258944918 0.0314143759 1
297 744 0 0.0259548369 0.00121951099 0 0.025983471 0.0336075602 1
301 744 0 0.0260465705 0.00131610827 0 0.0260798001 0.0358931115 1
305 744 0 0.0261454868 0.0014179921 0 0.0261839108 0.0382691871 1
309 744 0 0.0262519704 0.0015252074 0 0.0262962394 0.0407333219 1
313 744 0 0.0263664078 0.00163777162 0 0.0264172246 0.0432824033 1
317 744 0 0.0264891861 0.001755672 0 0.0265473043 0.0459126517 1
321 744 0 0.0266206899 0.00187886298 0 0.0266869117 0.0486196044 1
325 744 0 0.0267612996 0.00200726352 0 0.0268364726 0.051398107 1
329 744 0 0.0269113881 0.00214075463 0 0.0269964005 0.0542423093 1
333 744 0 0.0270713183 0.00227917691 0 0.0271670926 0.0571456693 1
337 744 0 0.0272414402 0.00242232834 0 0.0273489257 0.0601009635 1
341 744 0 0.0274220874 0.00256996216 0 0.0275422508 0.0631003047 1
345 744 0 0.0276135739 0.00272178504 0 0.0277473887 0.0661351683 1
349 744 0 0.027816191 0.00287745552 0 0.0279646247 0.0691964262 1
353 744 0 0.0280302033 0.00303658267 0 0.0281942039 0.0722743888 1
357 744 0 0.0282558453 0.0031987252 0 0.028436326 0.0753588559 1
361 744 0 0.0284933178 0.00336339086 0 0.0286911407 0.078439175 1
365 744 0 0.028742784 0.00353003625 0 0.0289587428 0.0815043083 1
369 744 0 0.029004366 0.00369806713 0 0.029239168 0.0845429071 1
373 744 0 0.0292781411 0.00386683914 0 0.0295323889 0.0875433935 1
377 744 0 0.0295641382 0.00403565904 0 0.0298383111 0.0904940488 1
381 744 0 0.0298623341 0.00420378644 0 0.0301567707 0.0933831083 1
385 744 0 0.0301726507 0.00437043611 0 0.0304875313 0.0961988606 1
389 744 0 0.0304949512 0.0045347808 0 0.030830282 0.0989297522 1
393 744 0 0.0308290377 0.00469595461 0 0.0311846366 0.101564495 1
397 744 0 0.0311746483 0.00485305695 0 0.0315501325 0.104092174 1
401 744 0 0.0315314548 0.00500515697 0 0.0319262312 0.106502361 1
405 744 0 0.0318990607 0.00515129863 0 0.0323123188 0.108785222 1
409 744 0 0.0322769993 0.00529050619 0 0.0327077077 0.110931628 1
413 744 0 0.0326647333 0.00542179026 0 0.0331116386 0.112933255 1
417 744 0 0.0330616528 0.00554415422 0 0.0335232834 0.114782693 1
421 744 0 0.0334670763 0.00565660115 0 0.0339417491 0.116473531 1
425 744 0 0.03388025 0.00575814106 0 0.0343660811 0.118000451 1
429 744 0 0.0343003491 0.00584779843 0 0.0347952682 0.119359302 1
433 744 0 0.0347264787 0.00592462003 0 0.0352282479 0.120547171 1
437 744 0 0.0351576764 0.00598768291 0 0.0356639111 0.121562437 1
441 744 0 0.0355929138 0.00603610245 0 0.0361011086 0.122404815 1
445 744 0 0.0360311005 0.00606904055 0 0.036538657 0.123075386 1
449 744 0 0.0364710872 0.00608571362 0 0.0369753446 0.123576613 1
453 744 0 0.0369116701 0.00608540058 0 0.0374099384 0.123912344 1
457 744 0 0.0373515958 0.00606745055 0 0.03784119 0.124087791 1
461 744 0 0.0377895664 0.00603129025 0 0.0382678427 0.124109503 1
465 744 0 0.0382242456 0.005976431 0 0.0386886376 0.12398532 1
469 744 0 0.0386542651 0.00590247529 0 0.0391023199 0.123724304 1
473 744 0 0.0390782311 0.00580912273 0 0.0395076455 0.123336666 1
477 744 0 0.0394947319 0.00569617535 0 0.0399033866 0.12283367 1
481 744 0 0.0399023453 0.00556354223 0 0.0402883377 0.122227525 1
485 744 0 0.0402996463 0.00541124333 0 0.0406613213 0.121531264 1
489 744 0 0.0406852158 0.00523941244 0 0.0410211924 0.120758611 1
493 744 0 0.0410576483 0.00504829926 0 0.0413668443 0.119923839 1
497 744 0 0.0414155607 0.00483827054 0 0.0416972125 0.119041615 1
501 744 0 0.0417576008 0.00460981018 0 0.0420112791 0.118126843 1
505 744 0 0.0420824553 0.00436351842 0 0.0423080765 0.117194501 1
509 744 0 0.042388859 0.0041001099 0 0.0425866912 0.11625947 1
513 744 0 0.0426756019 0.0038204108 0 0.0428462663 0.115336369 1
517 744 0 0.0429415383 0.00352535489 0 0.0430860051 0.114439385 1
521 744 0 0.0431855934 0.00321597863 0 0.0433051729 0.113582112 1
525 744 0 0.0434067713 0.00289341527 0 0.0435030992 0.11277739 1
529 744 0 0.043604161 0.00255888811 0 0.04367918 0.112037159 1
533 744 0 0.0437769436 0.00221370282 0 0.0438328788 0.111372311 1
537 744 0 0.0439243969 0.001859239 0 0.0439637284 0.110792568 1
541 744 0 0.0440459015 0.00149694103 0 0.0440713316 0.110306362 1
545 744 0 0.0441409441 0.00112830828 0 0.0441553624 0.109920733 1
549 744 0 0.0442091219 0.000754884792 0 0.0442155664 0.109641249 1
553 744 0 0.0442501451 0.000378248466 0 0.0442517617 0.109471935 1
557 744 0 0.044263839 -0 0 0.044263839 0.109415226 1
561 744 0 0.0442501451 -0.000378248466 0 0.0442517617 0.109471935 1
565 744 0 0.0442091219 -0.000754884792 0 0.0442155664 0.109641249 1
569 744 0 0.0441409441 -0.00112830828 0 0.0441553624 0.109920733 1
573 744 0 0.0440459015 -0.00149694103 0 0.0440713316 0.110306362 1
577 744 0 0.0439243969 -0.001859239 0 0.0439637284 0.110792568 1
581 744 0 0.0437769436 -0.00221370282 0 0.0438328788 0.111372311 1
585 744 0 0.043604161 -0.00255888811 0 0.04367918 0.112037159 1
589 744 0 0.0434067713 -0.00289341527 0 0.0435030992 0.11277739 1
593 744 0 0.0431855934 -0.00321597863 0 0.0433051729 0.113582112 1
597 744 0 0.0429415383 -0.00352535489 0 0.0430860051 0.114439385 1
601 744 0 0.0426756019 -0.0038204108 0 0.0428462663 0.115336369 1
605 744 0 0.042388859 -0.0041001099 0 0.0425866912 0.11625947 1
609 744 0 0.0420824553 -0.00436351842 0 0.0423080765 0.117194501 1
613 744 0 0.0417576008 -0.00460981018 0 0.0420112791 0.118126843 1
617 744 0 0.0414155607 -0.00483827054 0 0.0416972125 0.119041615 1
621 744 0 0.0410576483 -0.00504829926 0 0.0413668443 0.119923839 1
625 744 0 0.0406852158 -0.00523941244 0 0.0410211924 0.120758611 1
629 744 0 0.0402996463 -0.00541124333 0 0.0406613213 0.121531264 1
633 744 0 0.0399023453 -0.00556354223 0 0.0402883377 0.122227525 1
637 744 0 0.0394947319 -0.00569617535 0 0.0399033866 0.12283367 1
641 744 0 0.0390782311 -0.00580912273 0 0.0395076455 0.123336666 1
645 744 0 0.0386542651 -0.00590247529 0 0.0391023199 0.123724304 1
649 744 0 0.0382242456 -0.005976431 0 0.0386886376 0.12398532 1
653 744 0 0.0377895664 -0.00603129025 0 0.0382678427 0.124109503 1
657 744 0 0.0373515958 -0.00606745055 0 0.03784119 0.124087791 1
661 744 0 0.0369116701 -0.00608540058 0 0.0374099384 0.123912344 1
665 744 0 0.0364710872 -0.00608571362 0 0.0369753446 0.123576613 1
669 744 0 0.0360311005 -0.00606904055 0 0.036538657 0.123075386 1
673 744 0 0.0355929138 -0.00603610245 0 0.0361011086 0.122404815 1
677 744 0 0.0351576764 -0.00598768291 0 0.0356639111 0.121562437 1
681 744 0 0.0347264787 -0.00592462003 0 0.0352282479 0.120547171 1
685 744 0 0.0343003491 -0.00584779843 0 0.0347952682 0.119359302 1
689 744 0 0.03388025 -0.00575814106 0 0.0343660811 0.118000451 1
693 744 0 0.0334670763 -0.00565660115 0 0.0339417491 0.116473531 1
697 744 0 0.0330616528 -0.00554415422 0 0.0335232834 0.114782693 1
701 744 0 0.0326647333 -0.00542179026 0 0.0331116386 0.112933255 1
705 744 0 0.0322769993 -0.00529050619 0 0.0327077077 0.110931628 1
709 744 0 0.0318990607 -0.00515129863 0 0.0323123188 0.108785222 1
713 744 0 0.0315314548 -0.00500515697 0 0.0319262312 0.106502361 1
717 744 0 0.0311746483 -0.00485305695 0 0.0315501325 0.104092174 1
721 744 0 0.0308290377 -0.00469595461 0 0.0311846366 0.101564495 1
725 744 0 0.0304949512 -0.0045347808 0 0.030830282 0.0989297522 1
729 744 0 0.0301726507 -0.00437043611 0 0.0304875313 0.0961988606 1
733 744 0 0.0298623341 -0.00420378644 0 0.0301567707 0.0933831083 1
737 744 0 0.0295641382 -0.00403565904 0 0.0298383111 0.0904940488 1
741 744 0 0.0292781411 -0.00386683914 0 0.0295323889 0.0875433935 1
745 744 0 0.029004366 -0.00369806713 0 0.029239168 0.0845429071 1
749 744 0 0.028742784 -0.00353003625 0 0.0289587428 0.0815043083 1
753 744 0 0.0284933178 -0.00336339086 0 0.0286911407 0.078439175 1
757 744 0 0.0282558453 -0.0031987252 0 0.028436326 0.0753588559 1
761 744 0 0.0280302033 -0.00303658267 0 0.0281942039 0.0722743888 1
765 744 0 0.027816191 -0.00287745552 0 0.0279646247 0.0691964262 1
769 744 0 0.0276135739 -0.00272178504 0 0.0277473887 0.0661351683 1
773 744 0 0.0274220874 -0.00256996216 0 0.0275422508 0.0631003047 1
777 744 0 0.0272414402 -0.00242232834 0 0.0273489257 0.0601009635 1
781 744 0 0.0270713183 -0.00227917691 0 0.0271670926 0.0571456693 1
785 744 0 0.0269113881 -0.00214075463 0 0.0269964005 0.0542423093 1
789 744 0 0.0267612996 -0.00200726352 0 0.0268364726 0.051398107 1
793 744 0 0.0266206899 -0.00187886298 0 0.0266869117 0.0486196044 1
797 744 0 0.0264891861 -0.001755672 0 0.0265473043 0.0459126517 1
801 744 0 0.0263664078 -0.00163777162 0 0.0264172246 0.0432824033 1
805 744 0 0.0262519704 -0.0015252074 0 0.0262962394 0.0407333219 1
809 744 0 0.0261454868 -0.0014179921 0 0.0261839108 0.0382691871 1
813 744 0 0.0260465705 -0.00131610827 0 0.0260798001 0.0358931115 1
817 744 0 0.0259548369 -0.00121951099 0 0.025983471 0.0336075602 1
821 744 0 0.0258699059 -0.00112813054 0 0.0258944918 0.0314143759 1
825 744 0 0.0257914029 -0.001041875 0 0.0258124382 0.0293148074 1
829 744 0 0.0257189611 -0.000960632897 0 0.0257368952 0.0273095415 1
833 744 0 0.025652222 -0.000884275718 0 0.0256674587 0.0253987375 1
837 744 0 0.0255908372 -0.000812660315 0 0.0256037374 0.023582064 1
841 744 0 0.0255344691 -0.000745631249 0 0.0255453533 0.0218587372 1
845 744 0 0.0254827916 -0.000683022995 0 0.0254919435 0.02022756 1
849 744 0 0.0254354909 -0.000624662021 0 0.0254431602 0.0186869617 1
853 744 0 0.0253922661 -0.000570368736 0 0.0253986712 0.0172350381 1
857 744 0 0.0253528295 -0.000519959291 0 0.0253581609 0.0158695908 1
861 744 0 0.0253169066 -0.000473247246 0 0.0253213294 0.0145881663 1
253 748 0 0.0253025966 0.000429283685 0 0.0253062379 0.013970539 1
257 748 0 0.0253368973 0.00047165629 0 0.025341287 0.0152165303 1
261 748 0 0.0253745532 0.000517382816 0 0.0253798273 0.0165469168 1
265 748 0 0.0254158261 0.000566632382 0 0.0254221417 0.0179645628 1
269 748 0 0.0254609909 0.000619571758 0 0.0254685282 0.0194721323 1
273 748 0 0.0255103349 0.000676363852 0 0.0255192997 0.021072053 1
277 748 0 0.0255641577 0.000737166074 0 0.0255747839 0.0227664799 1
281 748 0 0.0256227706 0.000802128574 0 0.025635323 0.0245572576 1
285 748 0 0.0256864961 0.00087139235 0 0.0257012724 0.0264458832 1
289 748 0 0.0257556668 0.000945087248 0 0.0257730006 0.0284334682 1
293 748 0 0.0258306249 0.00102332985 0 0.0258508875 0.0305207021 1
297 748 0 0.0259117208 0.00110622128 0 0.0259353234 0.0327078161 1
301 748 0 0.0259993121 0.00119384489 0 0.0260267074 0.0349945488 1
305 748 0 0.0260937619 0.00128626395 0 0.0261254451 0.0373801138 1
309 748 0 0.0261954371 0.00138351921 0 0.0262319471 0.0398631696 1
313 748 0 0.0263047071 0.00148562647 0 0.026346626 0.0424417929 1
317 748 0 0.0264219412 0.00159257418 0 0.0264698937 0.0451134556 1
321 748 0 0.026547507 0.00170432101 0 0.0266021585 0.0478750052 1
325 748 0 0.0266817673 0.00182079344 0 0.0267438217 0.0507226511 1
329 748 0 0.0268250785 0.00194188353 0 0.0268952737 0.0536519546 1
333 748 0 0.026977787 0.00206744671 0 0.0270568906 0.0566578264 1
337 748 0 0.027140227 0.00219729971 0 0.0272290295 0.059734528 1
341 748 0 0.027312717 0.00233121869 0 0.0274120245 0.0628756817 1
345 748 0 0.0274955569 0.00246893759 0 0.0276061823 0.0660742859 1
349 748 0 0.0276890247 0.00261014664 0 0.0278117773 0.0693227379 1
353 748 0 0.0278933732 0.00275449125 0 0.0280290472 0.0726128644 1
357 748 0 0.0281088262 0.00290157112 0 0.0282581886 0.0759359585 1
361 748 0 0.0283355755 0.00305093972 0 0.0284993521 0.0792828246 1
365 748 0 0.0285737769 0.00320210415 0 0.0287526381 0.0826438302 1
369 748 0 0.0288235471 0.00335452535 0 0.0290180928 0.0860089651 1
373 748 0 0.0290849598 0.00350761884 0 0.0292957041 0.0893679068 1
377 748 0 0.0293580426 0.00366075576 0 0.0295853984 0.0927100923 1
381 748 0 0.0296427734 0.00381326452 0 0.0298870373 0.0960247962 1
385 748 0 0.0299390774 0.00396443283 0 0.0302004153 0.0993012129 1
389 748 0 0.0302468243 0.00411351028 0 0.0305252576 0.102528544 1
393 748 0 0.030565825 0.00425971143 0 0.0308612184 0.105696089 1
397 748 0 0.0308958294 0.00440221932 0 0.0312078806 0.108793339 1
401 748 0 0.0312365242 0.00454018961 0 0.0315647551 0.111810069 1
405 748 0 0.0315875306 0.00467275505 0 0.0319312814 0.114736436 1
409 748 0 0.0319484033 0.00479903056 0 0.0323068285 0.117563072 1
413 748 0 0.0323186289 0.00491811864 0 0.0326906969 0.120281179 1
417 748 0 0.0326976254 0.00502911527 0 0.0330821207 0.122882611 1
421 748 0 0.0330847418 0.00513111615 0 0.0334802702 0.125359971 1
425 748 0 0.0334792585 0.00522322324 0 0.0338842561 0.127706678 1
429 748 0 0.0338803878 0.00530455165 0 0.0342931326 0.129917048 1
433 748 0 0.0342872754 0.0053742367 0 0.0347059026 0.131986355 1
437 748 0 0.0346990021 0.00543144118 0 0.0351215219 0.133910889 1
441 748 0 0.0351145862 0.00547536267 0 0.0355389049 0.135687998 1
445 748 0 0.0355329864 0.00550524089 0 0.0359569298 0.137316125 1
449 748 0 0.0359531053 0.00552036507 0 0.0363744445 0.13879483 1
453 748 0 0.0363737935 0.00552008112 0 0.0367902725 0.140124799 1
457 748 0 0.0367938541 0.0055037986 0 0.037203219 0.141307845 1
461 748 0 0.037212048 0.0054709975 0 0.0376120769 0.142346888 1
465 748 0 0.0376270991 0.00542123455 0 0.0380156333 0.143245928 1
469 748 0 0.0380377009 0.00535414916 0 0.038412675 0.144010001 1
473 748 0 0.0384425225 0.00526946883 0 0.0388019953 0.144645127 1
477 748 0 0.0388402161 0.00516701399 0 0.0391823993 0.145158236 1
481 748 0 0.0392294234 0.00504670218 0 0.03955271 0.145557094 1
485 748 0 0.0396087842 0.00490855149 0 0.0399117735 0.145850206 1
489 748 0 0.0399769431 0.00475268329 0 0.0402584647 0.146046718 1
493 748 0 0.0403325583 0.00457932408 0 0.0405916921 0.146156306 1
497 748 0 0.040674309 0.00438880653 0 0.0409104026 0.146189056 1
501 748 0 0.0410009041 0.00418156961 0 0.0412135859 0.14615534 1
505 748 0 0.0413110897 0.00395815777 0 0.0415002789 0.146065688 1
509 748 0 0.0416036575 0.00371921929 0 0.0417695692 0.145930653 1
513 748 0 0.0418774525 0.00346550359 0 0.0420205991 0.145760681 1
517 748 0 0.0421313804 0.00319785768 0 0.0422525681 0.145565974 1
521 748 0 0.0423644151 0.00291722174 0 0.0424647366 0.145356362 1
525 748 0 0.0425756056 0.00262462377 0 0.0426564279 0.145141174 1
529 748 0 0.0427640821 0.0023211734 0 0.0428270308 0.144929119 1
533 748 0 0.0429290626 0.00200805501 0 0.0429760015 0.144728174 1
537 748 0 0.0430698577 0.00168652005 0 0.0431028652 0.144545476 1
541 748 0 0.0431858756 0.00135787871 0 0.043207218 0.144387231 1
545 748 0 0.0432766265 0.00102349109 0 0.0432887276 0.144258632 1
549 748 0 0.0433417258 0.000684757762 0 0.0433471347 0.144163791 1
553 748 0 0.0433808966 0.000343110069 0 0.0433822534 0.144105684 1
557 748 0 0.0433939721 -0 0 0.0433939721 0.144086114 1
561 748 0 0.0433808966 -0.000343110069 0 0.0433822534 0.144105684 1
565 748 0 0.0433417258 -0.000684757762 0 0.0433471347 0.144163791 1
569 748 0 0.0432766265 -0.00102349109 0 0.0432887276 0.144258632 1
573 748 0 0.0431858756 -0.00135787871 0 0.043207218 0.144387231 1
577 748 0 0.0430698577 -0.00168652005 0 0.0431028652 0.144545476 1
581 748 0 0.0429290626 -0.00200805501 0 0.0429760015 0.144728174 1
585 748 0 0.0427640821 -0.0023211734 0 0.0428270308 0.144929119 1
589 748 0 0.0425756056 -0.00262462377 0 0.0426564279 0.145141174 1
593 748 0 0.0423644151 -0.00291722174 0 0.0424647366 0.145356362 1
597 748 0 0.0421313804 -0.00319785768 0 0.0422525681 0.145565974 1
601 748 0 0.0418774525 -0.00346550359 0 0.0420205991 0.145760681 1
605 748 0 0.0416036575 -0.00371921929 0 0.0417695692 0.145930653 1
609 748 0 0.0413110897 -0.00395815777 0 0.0415002789 0.146065688 1
613 748 0 0.0410009041 -0.00418156961 0 0.0412135859 0.14615534 1
617 748 0 0.040674309 -0.00438880653 0 0.0409104026 0.146189056 1
621 748 0 0.0403325583 -0.00457932408 0 0.0405916921 0.146156306 1
625 748 0 0.0399769431 -0.00475268329 0 0.0402584647 0.146046718 1
629 748 0 0.0396087842 -0.00490855149 0 0.0399117735 0.145850206 1
633 748 0 0.0392294234 -0.00504670218 0 0.03955271 0.145557094 1
637 748 0 0.0388402161 -0.00516701399 0 0.0391823993 0.145158236 1
641 748 0 0.0384425225 -0.00526946883 0 0.0388019953 0.144645127 1
645 748 0 0.0380377009 -0.00535414916 0 0.038412675 0.144010001 1
649 748 0 0.0376270991 -0.00542123455 0 0.0380156333 0.143245928 1
653 748 0 0.037212048 -0.0054709975 0 0.0376120769 0.142346888 1
657 748 0 0.0367938541 -0.0055037986 0 0.037203219 0.141307845 1
661 748 0 0.0363737935 -0.00552008112 0 0.0367902725 0.140124799 1
665 748 0 0.0359531053 -0.00552036507 0 0.0363744445 0.13879483 1
669 748 0 0.0355329864 -0.00550524089 0 0.0359569298 0.137316125 1
673 748 0 0.0351145862 -0.00547536267 0 0.0355389049 0.135687998 1
677 748 0 0.0346990021 -0.00543144118 0 0.0351215219 0.133910889 1
681 748 0 0.0342872754 -0.0053742367 0 0.0347059026 0.131986355 1
685 748 0 0.0338803878 -0.00530455165 0 0.0342931326 0.129917048 1
689 748 0 0.0334792585 -0.00522322324 0 0.0338842561 0.127706678 1
693 748 0 0.0330847418 -0.00513111615 0 0.0334802702 0.125359971 1
697 748 0 0.0326976254 -0.00502911527 0 0.0330821207 0.122882611 1
701 748 0 0.0323186289 -0.00491811864 0 0.0326906969 0.120281179 1
705 748 0 0.0319484033 -0.00479903056 0 0.0323068285 0.117563072 1
709 748 0 0.0315875306 -0.00467275505 0 0.0319312814 0.114736436 1
713 748 0 0.0312365242 -0.00454018961 0 0.0315647551 0.111810069 1
717 748 0 0.0308958294 -0.00440221932 0 0.0312078806 0.108793339 1
721 748 0 0.030565825 -0.00425971143 0 0.0308612184 0.105696089 1
725 748 0 0.0302468243 -0.00411351028 0 0.0305252576 0.102528544 1
729 748 0 0.0299390774 -0.00396443283 0 0.0302004153 0.0993012129 1
733 748 0 0.0296427734 -0.00381326452 0 0.0298870373 0.0960247962 1
737 748 0 0.0293580426 -0.00366075576 0 0.0295853984 0.0927100923 1
741 748 0 0.0290849598 -0.00350761884 0 0.0292957041 0.0893679068 1
745 748 0 0.0288235471 -0.00335452535 0 0.0290180928 0.0860089651 1
749 748 0 0.0285737769 -0.00320210415 0 0.0287526381 0.0826438302 1
753 748 0 0.0283355755 -0.00305093972 0 0.0284993521 0.0792828246 1
757 748 0 0.0281088262 -0.00290157112 0 0.0282581886 0.0759359585 1
761 748 0 0.0278933732 -0.00275449125 0 0.0280290472 0.0726128644 1
765 748 0 0.0276890247 -0.00261014664 0 0.0278117773 0.0693227379 1
769 748 0 0.0274955569 -0.00246893759 0 0.0276061823 0.0660742859 1
773 748 0 0.027312717 -0.00233121869 0 0.0274120245 0.0628756817 1
777 748 0 0.027140227 -0.00219729971 0 0.0272290295 0.059734528 1
781 748 0 0.026977787 -0.00206744671 0 0.0270568906 0.0566578264 1
785 748 0 0.0268250785 -0.00194188353 0 0.0268952737 0.0536519546 1
789 748 0 0.0266817673 -0.00182079344 0 0.0267438217 0.0507226511 1
793 748 0 0.026547507 -0.00170432101 0 0.0266021585 0.0478750052 1
797 748 0 0.0264219412 -0.00159257418 0 0.0264698937 0.0451134556 1
801 748 0 0.0263047071 -0.00148562647 0 0.026346626 0.0424417929 1
805 748 0 0.0261954371 -0.00138351921 0 0.0262319471 0.0398631696 1
809 748 0 0.0260937619 -0.00128626395 0 0.0261254451 0.0373801138 1
813 748 0 0.0259993121 -0.00119384489 0 0.0260267074 0.0349945488 1
817 748 0 0.0259117208 -0.00110622128 0 0.0259353234 0.0327078161 1
821 748 0 0.0258306249 -0.00102332985 0 0.0258508875 0.0305207021 1
825 748 0 0.0257556668 -0.000945087248 0 0.0257730006 0.0284334682 1
829 748 0 0.0256864961 -0.00087139235 0 0.0257012724 0.0264458832 1
833 748 0 0.0256227706 -0.000802128574 0 0.025635323 0.0245572576 1
837 748 0 0.0255641577 -0.000737166074 0 0.0255747839 0.0227664799 1
841 748 0 0.0255103349 -0.000676363852 0 0.0255192997 0.021072053 1
845 748 0 0.0254609909 -0.000619571758 0 0.0254685282 0.0194721323 1
849 748 0 0.0254158261 -0.000566632382 0 0.0254221417 0.0179645628 1
853 748 0 0.0253745532 -0.000517382816 0 0.0253798273 0.0165469168 1
857 748 0 0.0253368973 -0.00047165629 0 0.025341287 0.0152165303 1
861 748 0 0.0253025966 -0.000429283685 0 0.0253062379 0.013970539 1
253 752 0 0.0252867729 0.000387462074 0 0.0252897412 0.0133093657 1
257 752 0 0.02531928 0.000425706661 0 0.0253228586 0.014513303 1
261 752 0 0.0253549667 0.000466978424 0 0.0253592667 0.0158011733 1
265 752 0 0.0253940813 0.000511430007 0 0.0253992309 0.017176168 1
269 752 0 0.0254368843 0.000559211931 0 0.0254430305 0.0186413269 1
273 752 0 0.025483648 0.000610471234 0 0.025490959 0.020199506 1
277 752 0 0.0255346562 0.000665349991 0 0.0255433232 0.0218533431 1
281 752 0 0.0255902041 0.000723983724 0 0.0256004433 0.0236052233 1
285 752 0 0.0256505972 0.000786499695 0 0.0256626522 0.0254572432 1
289 752 0 0.0257161507 0.0008530151 0 0.0257302943 0.0274111759 1
293 752 0 0.0257871891 0.000923635164 0 0.025803725 0.029468435 1
297 752 0 0.0258640443 0.000998451155 0 0.0258833091 0.0316300396 1
301 752 0 0.0259470552 0.00107753831 0 0.0259694197 0.0338965807 1
305 752 0 0.0260365658 0.00116095374 0 0.0260624361 0.0362681882 1
309 752 0 0.0261329242 0.00124873421 0 0.0261627419 0.0387445003 1
313 752 0 0.0262364801 0.00134089399 0 0.026270723 0.0413246352 1
317 752 0 0.0263475837 0.00143742266 0 0.0263867647 0.0440071653 1
321 752 0 0.0264665833 0.0015382829 0 0.0265112494 0.0467900952 1
325 752 0 0.0265938228 0.00164340837 0 0.0266445529 0.0496708431 1
329 752 0 0.0267296398 0.00175270165 0 0.0267870418 0.0526462267 1
333 752 0 0.0268743627 0.00186603223 0 0.0269390692 0.0557124537 1
337 752 0 0.0270283082 0.00198323471 0 0.0271009717 0.0588651177 1
341 752 0 0.0271917782 0.00210410705 0 0.0272730649 0.062099199 1
345 752 0 0.0273650568 0.00222840912 0 0.0274556396 0.0654090716 1
349 752 0 0.0275484077 0.00235586132 0 0.0276489575 0.0687885168 1
353 752 0 0.0277420702 0.00248614362 0 0.027853247 0.0722307418 1
357 752 0 0.0279462565 0.00261889469 0 0.028068699 0.0757284058 1
361 752 0 0.0281611484 0.00275371153 0 0.0282954627 0.0792736526 1
365 752 0 0.0283868936 0.00289014924 0 0.0285336414 0.0828581486 1
369 752 0 0.0286236026 0.00302772129 0 0.0287832889 0.0864731285 1
373 752 0 0.0288713453 0.00316590012 0 0.0290444057 0.0901094459 1
377 752 0 0.0291301477 0.00330411816 0 0.0293169354 0.0937576307 1
381 752 0 0.0293999891 0.00344176923 0 0.0296007624 0.0974079515 1
385 752 0 0.0296807985 0.00357821045 0 0.0298957086 0.101050482 1
389 752 0 0.0299724525 0.0037127645 0 0.0302015319 0.104675176 1
393 752 0 0.0302747717 0.00384472246 0 0.0305179241 0.108271935 1
397 752 0 0.0305875192 0.00397334697 0 0.0308445103 0.111830698 1
401 752 0 0.030910398 0.00409787593 0 0.0311808481 0.11534151 1
405 752 0 0.0312430493 0.00421752661 0 0.0315264279 0.118794613 1
409 752 0 0.0315850509 0.00433150012 0 0.0318806733 0.12218052 1
413 752 0 0.0319359163 0.00443898642 0 0.0322429426 0.125490102 1
417 752 0 0.0322950939 0.00453916956 0 0.0326125306 0.128714663 1
421 752 0 0.0326619669 0.00463123332 0 0.0329886708 0.131846018 1
425 752 0 0.0330358531 0.00471436717 0 0.0333705386 0.134876565 1
429 752 0 0.0334160062 0.00478777241 0 0.0337572545 0.137799351 1
433 752 0 0.0338016164 0.00485066862 0 0.0341478881 0.140608136 1
437 752 0 0.0341918128 0.00490230013 0 0.0345414621 0.143297443 1
441 752 0 0.0345856647 0.00494194271 0 0.0349369575 0.145862609 1
445 752 0 0.0349821855 0.00496891014 0 0.0353333182 0.14829982 1
449 752 0 0.0353803352 0.00498256089 0 0.0357294561 0.150606141 1
453 752 0 0.0357790244 0.0049823046 0 0.036124257 0.152779534 1
457 752 0 0.0361771188 0.00496760836 0 0.0365165861 0.154818866 1
461 752 0 0.0365734441 0.0049380028 0 0.0369052934 0.156723906 1
465 752 0 0.0369667909 0.00489308785 0 0.0372892202 0.158495313 1
469 752 0 0.0373559211 0.00483253804 0 0.0376672041 0.160134612 1
473 752 0 0.0377395735 0.00475610743 0 0.0380380857 0.161644157 1
477 752 0 0.0381164704 0.00466363393 0 0.0384007135 0.163027086 1
481 752 0 0.038485325 0.00455504312 0 0.0387539502 0.164287267 1
485 752 0 0.0388448479 0.00443035132 0 0.0390966779 0.165429231 1
489 752 0 0.0391937547 0.00428966809 0 0.0394278031 0.166458097 1
493 752 0 0.0395307737 0.00413319785 0 0.0397462626 0.167379495 1
497 752 0 0.0398546533 0.00396124088 0 0.0400510277 0.168199475 1
501 752 0 0.0401641697 0.00377419336 0 0.0403411089 0.168924411 1
505 752 0 0.0404581348 0.00357254672 0 0.0406155606 0.169560908 1
509 752 0 0.0407354034 0.00335688607 0 0.040873485 0.170115696 1
513 752 0 0.0409948809 0.00312788781 0 0.0411140358 0.170595532 1
517 752 0 0.0412355301 0.00288631647 0 0.0413364218 0.171007092 1
521 752 0 0.0414563788 0.0026330206 0 0.0415399102 0.171356876 1
525 752 0 0.0416565254 0.00236892806 0 0.0417238293 0.171651106 1
529 752 0 0.041835146 0.00209504039 0 0.0418875714 0.171895629 1
533 752 0 0.0419914992 0.00181242658 0 0.0420305947 0.172095837 1
537 752 0 0.0421249316 0.00152221615 0 0.0421524259 0.172256576 1
541 752 0 0.0422348827 0.00122559166 0 0.0422526613 0.172382081 1
545 752 0 0.042320888 0.000923780691 0 0.0423309689 0.172475904 1
549 752 0 0.042382583 0.000618047394 0 0.0423870891 0.172540867 1
553 752 0 0.0424197054 0.000309683651 0 0.0424208358 0.172579018 1
557 752 0 0.0424320971 -0 0 0.0424320971 0.172591597 1
561 752 0 0.0424197054 -0.000309683651 0 0.0424208358 0.172579018 1
565 752 0 0.042382583 -0.000618047394 0 0.0423870891 0.172540867 1
569 752 0 0.042320888 -0.000923780691 0 0.0423309689 0.172475904 1
573 752 0 0.0422348827 -0.00122559166 0 0.0422526613 0.172382081 1
577 752 0 0.0421249316 -0.00152221615 0 0.0421524259 0.172256576 1
581 752 0 0.0419914992 -0.00181242658 0 0.0420305947 0.172095837 1
585 752 0 0.041835146 -0.00209504039 0 0.0418875714 0.171895629 1
589 752 0 0.0416565254 -0.00236892806 0 0.0417238293 0.171651106 1
593 752 0 0.0414563788 -0.0026330206 0 0.0415399102 0.171356876 1
597 752 0 0.0412355301 -0.00288631647 0 0.0413364218 0.171007092 1
601 752 0 0.0409948809 -0.00312788781 0 0.0411140358 0.170595532 1
605 752 0 0.0407354034 -0.00335688607 0 0.040873485 0.170115696 1
609 752 0 0.0404581348 -0.00357254672 0 0.0406155606 0.169560908 1
613 752 0 0.0401641697 -0.00377419336 0 0.0403411089 0.168924411 1
617 752 0 0.0398546533 -0.00396124088 0 0.0400510277 0.168199475 1
621 752 0 0.0395307737 -0.00413319785 0 0.0397462626 0.167379495 1
625 752 0 0.0391937547 -0.00428966809 0 0.0394278031 0.166458097 1
629 752 0 0.0388448479 -0.00443035132 0 0.0390966779 0.165429231 1
633 752 0 0.038485325 -0.00455504312 0 0.0387539502 0.164287267 1
637 752 0 0.0381164704 -0.00466363393 0 0.0384007135 0.163027086 1
641 752 0 0.0377395735 -0.00475610743 0 0.0380380857 0.161644157 1
645 752 0 0.0373559211 -0.00483253804 0 0.0376672041 0.160134612 1
649 752 0 0.0369667909 -0.00489308785 0 0.0372892202 0.158495313 1
653 752 0 0.0365734441 -0.0049380028 0 0.0369052934 0.156723906 1
657 752 0 0.0361771188 -0.00496760836 0 0.0365165861 0.154818866 1
661 752 0 0.0357790244 -0.0049823046 0 0.036124257 0.152779534 1
665 752 0 0.0353803352 -0.00498256089 0 0.0357294561 0.150606141 1
669 752 0 0.0349821855 -0.00496891014 0 0.0353333182 0.14829982 1
673 752 0 0.0345856647 -0.00494194271 0 0.0349369575 0.145862609 1
677 752 0 0.0341918128 -0.00490230013 0 0.0345414621 0.143297443 1
681 752 0 0.0338016164 -0.00485066862 0 0.0341478881 0.140608136 1
685 752 0 0.0334160062 -0.00478777241 0 0.0337572545 0.137799351 1
689 752 0 0.0330358531 -0.00471436717 0 0.0333705386 0.134876565 1
693 752 0 0.0326619669 -0.00463123332 0 0.0329886708 0.131846018 1
697 752 0 0.0322950939 -0.00453916956 0 0.0326125306 0.128714663 1
701 752 0 0.0319359163 -0.00443898642 0 0.0322429426 0.125490102 1
705 752 0 0.0315850509 -0.00433150012 0 0.0318806733 0.12218052 1
709 752 0 0.0312430493 -0.00421752661 0 0.0315264279 0.118794613 1
713 752 0 0.030910398 -0.00409787593 0 0.0311808481 0.11534151 1
717 752 0 0.0305875192 -0.00397334697 0 0.0308445103 0.111830698 1
721 752 0 0.0302747717 -0.00384472246 0 0.0305179241 0.108271935 1
725 752 0 0.0299724525 -0.0037127645 0 0.0302015319 0.104675176 1
729 752 0 0.0296807985 -0.00357821045 0 0.0298957086 0.101050482 1
733 752 0 0.0293999891 -0.00344176923 0 0.0296007624 0.0974079515 1
737 752 0 0.0291301477 -0.00330411816 0 0.0293169354 0.0937576307 1
741 752 0 0.0288713453 -0.00316590012 0 0.0290444057 0.0901094459 1
745 752 0 0.0286236026 -0.00302772129 0 0.0287832889 0.0864731285 1
749 752 0 0.0283868936 -0.00289014924 0 0.0285336414 0.0828581486 1
753 752 0 0.0281611484 -0.00275371153 0 0.0282954627 0.0792736526 1
757 752 0 0.0279462565 -0.00261889469 0 0.028068699 0.0757284058 1
761 752 0 0.0277420702 -0.00248614362 0 0.027853247 0.0722307418 1
765 752 0 0.0275484077 -0.00235586132 0 0.0276489575 0.0687885168 1
769 752 0 0.0273650568 -0.00222840912 0 0.0274556396 0.0654090716 1
773 752 0 0.0271917782 -0.00210410705 0 0.0272730649 0.062099199 1
777 752 0 0.0270283082 -0.00198323471 0 0.0271009717 0.0588651177 1
781 752 0 0.0268743627 -0.00186603223 0 0.0269390692 0.0557124537 1
785 752 0 0.0267296398 -0.00175270165 0 0.0267870418 0.0526462267 1
789 752 0 0.0265938228 -0.00164340837 0 0.0266445529 0.0496708431 1
793 752 0 0.0264665833 -0.0015382829 0 0.0265112494 0.0467900952 1
797 752 0 0.0263475837 -0.00143742266 0 0.0263867647 0.0440071653 1
801 752 0 0.0262364801 -0.00134089399 0 0.026270723 0.0413246352 1
805 752 0 0.0261329242 -0.00124873421 0 0.0261627419 0.0387445003 1
809 752 0 0.0260365658 -0.00116095374 0 0.0260624361 0.0362681882 1
813 752 0 0.0259470552 -0.00107753831 0 0.0259694197 0.0338965807 1
817 752 0 0.0258640443 -0.000998451155 0 0.0258833091 0.0316300396 1
821 752 0 0.0257871891 -0.000923635164 0 0.025803725 0.029468435 1
825 752 0 0.0257161507 -0.0008530151 0 0.0257302943 0.0274111759 1
829 752 0 0.0256505972 -0.000786499695 0 0.0256626522 0.0254572432 1
833 752 0 0.0255902041 -0.000723983724 0 0.0256004433 0.0236052233 1
837 752 0 0.0255346562 -0.000665349991 0 0.0255433232 0.0218533431 1
841 752 0 0.025483648 -0.000610471234 0 0.025490959 0.020199506 1
845 752 0 0.0254368843 -0.000559211931 0 0.0254430305 0.0186413269 1
849 752 0 0.0253940813 -0.000511430007 0 0.0253992309 0.017176168 1
853 752 0 0.0253549667 -0.000466978424 0 0.0253592667 0.0158011733 1
857 752 0 0.02531928 -0.000425706661 0 0.0253228586 0.014513303 1
861 752 0 0.0252867729 -0.000387462074 0 0.0252897412 0.0133093657 1
253 756 0 0.025269808 0.000347970592 0 0.0252722037 0.012612019 1
257 756 0 0.0253003921 0.000382317158 0 0.0253032805 0.0137679691 1
261 756 0 0.0253339676 0.000419382359 0 0.0253374386 0.0150066064 1
265 756 0 0.0253707683 0.000459303282 0 0.0253749255 0.0163313676 1
269 756 0 0.0254110391 0.000502215106 0 0.0254160015 0.0177455815 1
273 756 0 0.0254550364 0.000548249883 0 0.0254609398 0.0192524387 1
277 756 0 0.0255030271 0.000597535207 0 0.0255100262 0.020854961 1
281 756 0 0.0255552889 0.000650192786 0 0.0255635588 0.0225559685 1
285 756 0 0.0256121092 0.000706336911 0 0.0256218471 0.0243580465 1
289 756 0 0.0256737847 0.000766072834 0 0.0256852115 0.0262635122 1
293 756 0 0.0257406206 0.000829495056 0 0.0257539824 0.0282743803 1
297 756 0 0.0258129292 0.000896685541 0 0.025828499 0.0303923298 1
301 756 0 0.0258910293 0.000967711862 0 0.0259091078 0.03261867 1
305 756 0 0.0259752447 0.0010426253 0 0.0259961614 0.0349543086 1
309 756 0 0.0260659027 0.00112145887 0 0.0260900164 0.0373997203 1
313 756 0 0.0261633325 0.00120422541 0 0.0261910314 0.0399549175 1
317 756 0 0.0262678635 0.00129091554 0 0.0262995649 0.042619423 1
321 756 0 0.0263798232 0.00138149576 0 0.0264159725 0.0453922451 1
325 756 0 0.0264995355 0.00147590648 0 0.0265406044 0.0482718559 1
329 756 0 0.0266273179 0.0015740602 0 0.0266738022 0.0512561736 1
333 756 0 0.0267634793 0.00167583974 0 0.0268158957 0.0543425473 1
337 756 0 0.0269083177 0.00178109653 0 0.0269671998 0.0575277473 1
341 756 0 0.0270621171 0.00188964915 0 0.0271280106 0.0608079597 1
345 756 0 0.027225145 0.00200128191 0 0.0272986016 0.0641787854 1
349 756 0 0.0273976492 0.00211574374 0 0.0274792204 0.0676352448 1
353 756 0 0.027579855 0.00223274721 0 0.0276700842 0.0711717881 1
357 756 0 0.0277719621 0.00235196784 0 0.0278713766 0.0747823108 1
361 756 0 0.0279741414 0.00247304367 0 0.028083243 0.0784601746 1
365 756 0 0.028186532 0.00259557517 0 0.0283057874 0.0821982351 1
369 756 0 0.0284092378 0.0027191254 0 0.0285390686 0.0859888743 1
373 756 0 0.0286423245 0.00284322057 0 0.0287830967 0.0898240388 1
377 756 0 0.0288858167 0.00296735095 0 0.0290378301 0.0936952837 1
381 756 0 0.0291396948 0.00309097214 0 0.0293031726 0.0975938215 1
385 756 0 0.0294038922 0.00321350679 0 0.0295789706 0.101510575 1
389 756 0 0.0296782925 0.00333434663 0 0.0298650115 0.105436237 1
393 756 0 0.0299627271 0.00345285497 0 0.0301610216 0.109361328 1
397 756 0 0.0302569731 0.00356836963 0 0.0304666651 0.113276265 1
401 756 0 0.0305607511 0.00368020617 0 0.0307815436 0.117171429 1
405 756 0 0.0308737234 0.00378766163 0 0.0311051953 0.121037227 1
409 756 0 0.0311954929 0.00389001856 0 0.0314370963 0.124864172 1
413 756 0 0.0315256018 0.00398654949 0 0.0317766604 0.128642946 1
417 756 0 0.0318635313 0.00407652161 0 0.0321232417 0.132364472 1
421 756 0 0.0322087008 0.00415920192 0 0.0324761354 0.13601998 1
425 756 0 0.0325604687 0.00423386247 0 0.0328345811 0.139601076 1
429 756 0 0.0329181327 0.004299786 0 0.0331977653 0.1430998 1
433 756 0 0.033280931 0.00435627161 0 0.0335648249 0.146508686 1
437 756 0 0.0336480441 0.00440264066 0 0.0339348511 0.149820813 1
441 756 0 0.0340185967 0.00443824272 0 0.0343068931 0.153029856 1
445 756 0 0.0343916601 0.00446246154 0 0.0346799632 0.15613012 1
449 756 0 0.0347662561 0.00447472096 0 0.0350530411 0.159116579 1
453 756 0 0.0351413596 0.00447449079 0 0.035425079 0.161984898 1
457 756 0 0.0355159036 0.00446129244 0 0.0357950072 0.164731453 1
461 756 0 0.0358887831 0.00443470439 0 0.0361617388 0.167353337 1
465 756 0 0.0362588604 0.00439436732 0 0.0365241758 0.169848362 1
469 756 0 0.0366249704 0.00433998896 0 0.0368812142 0.172215052 1
473 756 0 0.0369859267 0.00427134842 0 0.0372317498 0.17445262 1
477 756 0 0.0373405272 0.00418830014 0 0.0375746834 0.17656095 1
481 756 0 0.0376875611 0.00409077728 0 0.0379089267 0.178540556 1
485 756 0 0.0380258154 0.00397879451 0 0.0382334074 0.180392543 1
489 756 0 0.0383540816 0.0038524502 0 0.0385470744 0.182118558 1
493 756 0 0.0386711632 0.00371192796 0 0.0388489031 0.183720733 1
497 756 0 0.0389758828 0.00355749743 0 0.0391379001 0.185201622 1
501 756 0 0.0392670889 0.00338951445 0 0.0394131079 0.18656414 1
505 756 0 0.0395436636 0.00320842033 0 0.0396736095 0.187811485 1
509 756 0 0.0398045296 0.00301474056 0 0.0399185325 0.18894707 1
513 756 0 0.0400486568 0.00280908261 0 0.0401470529 0.189974447 1
517 756 0 0.0402750698 0.00259213306 0 0.0403583994 0.190897227 1
521 756 0 0.0404828535 0.00236465399 0 0.0405518559 0.191719014 1
525 756 0 0.0406711599 0.00212747868 0 0.0407267653 0.192443321 1
529 756 0 0.0408392136 0.00188150659 0 0.0408825322 0.193073508 1
533 756 0 0.0409863173 0.00162769776 0 0.0410186251 0.193612711 1
537 756 0 0.0411118561 0.00136706658 0 0.041134579 0.194063781 1
541 756 0 0.0412153027 0.00110067509 0 0.0412299971 0.194429232 1
545 756 0 0.0412962201 0.000829625751 0 0.0413045527 0.194711188 1
549 756 0 0.0413542653 0.000555053854 0 0.0413579901 0.194911346 1
553 756 0 0.0413891917 0.000278119617 0 0.0413901261 0.19503094 1
557 756 0 0.0414008504 -0 0 0.0414008504 0.19507072 1
561 756 0 0.0413891917 -0.000278119617 0 0.0413901261 0.19503094 1
565 756 0 0.0413542653 -0.000555053854 0 0.0413579901 0.194911346 1
569 756 0 0.0412962201 -0.000829625751 0 0.0413045527 0.194711188 1
573 756 0 0.0412153027 -0.00110067509 0 0.0412299971 0.194429232 1
577 756 0 0.0411118561 -0.00136706658 0 0.041134579 0.194063781 1
581 756 0 0.0409863173 -0.00162769776 0 0.0410186251 0.193612711 1
585 756 0 0.0408392136 -0.00188150659 0 0.0408825322 0.193073508 1
589 756 0 0.0406711599 -0.00212747868 0 0.0407267653 0.192443321 1
593 756 0 0.0404828535 -0.00236465399 0 0.0405518559 0.191719014 1
597 756 0 0.0402750698 -0.00259213306 0 0.0403583994 0.190897227 1
601 756 0 0.0400486568 -0.00280908261 0 0.0401470529 0.189974447 1
605 756 0 0.0398045296 -0.00301474056 0 0.0399185325 0.18894707 1
609 756 0 0.0395436636 -0.00320842033 0 0.0396736095 0.187811485 1
613 756 0 0.0392670889 -0.00338951445 0 0.0394131079 0.18656414 1
617 756 0 0.0389758828 -0.00355749743 0 0.0391379001 0.185201622 1
621 756 0 0.0386711632 -0.00371192796 0 0.0388489031 0.183720733 1
625 756 0 0.0383540816 -0.0038524502 0 0.0385470744 0.182118558 1
629 756 0 0.0380258154 -0.00397879451 0 0.0382334074 0.180392543 1
633 756 0 0.0376875611 -0.00409077728 0 0.0379089267 0.178540556 1
637 756 0 0.0373405272 -0.00418830014 0 0.0375746834 0.17656095 1
641 756 0 0.0369859267 -0.00427134842 0 0.0372317498 0.17445262 1
645 756 0 0.0366249704 -0.00433998896 0 0.0368812142 0.172215052 1
649 756 0 0.0362588604 -0.00439436732 0 0.0365241758 0.169848362 1
653 756 0 0.0358887831 -0.00443470439 0 0.0361617388 0.167353337 1
657 756 0 0.0355159036 -0.00446129244 0 0.0357950072 0.164731453 1
661 756 0 0.0351413596 -0.00447449079 0 0.035425079 0.161984898 1
665 756 0 0.0347662561 -0.00447472096 0 0.0350530411 0.159116579 1
669 756 0 0.0343916601 -0.00446246154 0 0.0346799632 0.15613012 1
673 756 0 0.0340185967 -0.00443824272 0 0.0343068931 0.153029856 1
677 756 0 0.0336480441 -0.00440264066 0 0.0339348511 0.149820813 1
681 756 0 0.033280931 -0.00435627161 0 0.0335648249 0.146508686 1
685 756 0 0.0329181327 -0.004299786 0 0.0331977653 0.1430998 1
689 756 0 0.0325604687 -0.00423386247 0 0.0328345811 0.139601076 1
693 756 0 0.0322087008 -0.00415920192 0 0.0324761354 0.13601998 1
697 756 0 0.0318635313 -0.00407652161 0 0.0321232417 0.132364472 1
701 756 0 0.0315256018 -0.00398654949 0 0.0317766604 0.128642946 1
705 756 0 0.0311954929 -0.00389001856 0 0.0314370963 0.124864172 1
709 756 0 0.0308737234 -0.00378766163 0 0.0311051953 0.121037227 1
713 756 0 0.0305607511 -0.00368020617 0 0.0307815436 0.117171429 1
717 756 0 0.0302569731 -0.00356836963 0 0.0304666651 0.113276265 1
721 756 0 0.0299627271 -0.00345285497 0 0.0301610216 0.109361328 1
725 756 0 0.0296782925 -0.00333434663 0 0.0298650115 0.105436237 1
729 756 0 0.0294038922 -0.00321350679 0 0.0295789706 0.101510575 1
733 756 0 0.0291396948 -0.00309097214 0 0.0293031726 0.0975938215 1
737 756 0 0.0288858167 -0.00296735095 0 0.0290378301 0.0936952837 1
741 756 0 0.0286423245 -0.00284322057 0 0.0287830967 0.0898240388 1
745 756 0 0.0284092378 -0.0027191254 0 0.0285390686 0.0859888743 1
749 756 0 0.028186532 -0.00259557517 0 0.0283057874 0.0821982351 1
753 756 0 0.0279741414 -0.00247304367 0 0.028083243 0.0784601746 1
757 756 0 0.0277719621 -0.00235196784 0 0.0278713766 0.0747823108 1
761 756 0 0.027579855 -0.00223274721 0 0.0276700842 0.0711717881 1
765 756 0 0.0273976492 -0.00211574374 0 0.0274792204 0.0676352448 1
769 756 0 0.027225145 -0.00200128191 0 0.0272986016 0.0641787854 1
773 756 0 0.0270621171 -0.00188964915 0 0.0271280106 0.0608079597 1
777 756 0 0.0269083177 -0.00178109653 0 0.0269671998 0.0575277473 1
781 756 0 0.0267634793 -0.00167583974 0 0.0268158957 0.0543425473 1
785 756 0 0.0266273179 -0.0015740602 0 0.0266738022 0.0512561736 1
789 756 0 0.0264995355 -0.00147590648 0 0.0265406044 0.0482718559 1
793 756 0 0.0263798232 -0.00138149576 0 0.0264159725 0.0453922451 1
797 756 0 0.0262678635 -0.00129091554 0 0.0262995649 0.042619423 1
801 756 0 0.0261633325 -0.00120422541 0 0.0261910314 0.0399549175 1
805 756 0 0.0260659027 -0.00112145887 0 0.0260900164 0.0373997203 1
809 756 0 0.0259752447 -0.0010426253 0 0.0259961614 0.0349543086 1
813 756 0 0.0258910293 -0.000967711862 0 0.0259091078 0.03261867 1
817 756 0 0.0258129292 -0.000896685541 0 0.025828499 0.0303923298 1
821 756 0 0.0257406206 -0.000829495056 0 0.0257539824 0.0282743803 1
825 756 0 0.0256737847 -0.000766072834 0 0.0256852115 0.0262635122 1
829 756 0 0.0256121092 -0.000706336911 0 0.0256218471 0.0243580465 1
833 756 0 0.0255552889 -0.000650192786 0 0.0255635588 0.0225559685 1
837 756 0 0.0255030271 -0.000597535207 0 0.0255100262 0.020854961 1
841 756 0 0.0254550364 -0.000548249883 0 0.0254609398 0.0192524387 1
845 756 0 0.0254110391 -0.000502215106 0 0.0254160015 0.0177455815 1
849 756 0 0.0253707683 -0.000459303282 0 0.0253749255 0.0163313676 1
853 756 0 0.0253339676 -0.000419382359 0 0.0253374386 0.0150066064 1
857 756 0 0.0253003921 -0.000382317158 0 0.0253032805 0.0137679691 1
861 756 0 0.025269808 -0.000347970592 0 0.0252722037 0.012612019 1
253 760 0 0.0252520588 0.000310945598 0 0.0252539732 0.0118865149 1
257 760 0 0.0252806309 0.000341637598 0 0.0252829392 0.0129893462 1
261 760 0 0.0253119977 0.000374758964 0 0.0253147718 0.0141729015 1
265 760 0 0.0253463775 0.000410432195 0 0.0253497003 0.0154407856 1
269 760 0 0.0253839991 0.000448778087 0 0.0253879659 0.0167965328 1
273 760 0 0.025425102 0.000489914641 0 0.0254298216 0.0182435798 1
277 760 0 0.0254699357 0.000533955875 0 0.025475532 0.019785237 1
281 760 0 0.0255187594 0.000581010548 0 0.0255253728 0.0214246587 1
285 760 0 0.0255718418 0.00063118079 0 0.0255796303 0.023164812 1
289 760 0 0.0256294601 0.000684560652 0 0.0256386007 0.0250084452 1
293 760 0 0.0256918992 0.000741234582 0 0.0257025896 0.026958056 1
297 760 0 0.025759451 0.00080127582 0 0.0257719102 0.0290158582 1
301 760 0 0.0258324133 0.000864744753 0 0.025846883 0.0311837504 1
305 760 0 0.0259110887 0.000931687198 0 0.0259278336 0.0334632834 1
309 760 0 0.0259957828 0.00100213267 0 0.0260150916 0.0358556291 1
313 760 0 0.0260868032 0.00107609263 0 0.0261089884 0.0383615508 1
317 760 0 0.0261844576 0.00115355871 0 0.0262098553 0.0409813746 1
321 760 0 0.0262890521 0.00123450094 0 0.0263180215 0.0437149629 1
325 760 0 0.0264008892 0.00131886611 0 0.0264338109 0.0465616901 1
329 760 0 0.0265202654 0.00140657602 0 0.0265575401 0.0495204212 1
333 760 0 0.0266474695 0.00149752594 0 0.0266895151 0.0525894936 1
337 760 0 0.0267827798 0.00159158313 0 0.0268300285 0.0557667017 1
341 760 0 0.0269264616 0.00168858546 0 0.0269793561 0.0590492865 1
345 760 0 0.0270787647 0.00178834021 0 0.0271377534 0.0624339278 1
349 760 0 0.0272399208 0.001890623 0 0.0273054526 0.0659167425 1
353 760 0 0.0274101403 0.00199517699 0 0.0274826585 0.0694932859 1
357 760 0 0.0275896097 0.00210171222 0 0.0276695457 0.0731585591 1
361 760 0 0.0277784888 0.00220990527 0 0.0278662541 0.0769070209 1
365 760 0 0.0279769073 0.00231939909 0 0.0280728865 0.0807326046 1
369 760 0 0.0281849625 0.00242980325 0 0.0282895043 0.0846287403 1
373 760 0 0.0284027157 0.00254069436 0 0.028516125 0.0885883817 1
377 760 0 0.0286301899 0.00265161694 0 0.0287527189 0.0926040387 1
381 760 0 0.0288673667 0.00276208451 0 0.0289992064 0.0966678138 1
385 760 0 0.0291141839 0.00287158115 0 0.0292554557 0.100771444 1
389 760 0 0.0293705329 0.0029795633 0 0.0295212805 0.104906345 1
393 760 0 0.0296362561 0.00308546204 0 0.0297964386 0.109063662 1
397 760 0 0.0299111453 0.00318868563 0 0.0300806305 0.113234323 1
401 760 0 0.0301949393 0.00328862247 0 0.0303734983 0.117409092 1
405 760 0 0.0304873229 0.00338464438 0 0.0306746259 0.121578628 1
409 760 0 0.0307879249 0.00347611027 0 0.0309835386 0.125733544 1
413 760 0 0.0310963178 0.00356237005 0 0.0312997038 0.129864468 1
417 760 0 0.0314120167 0.0036427689 0 0.0316225324 0.133962103 1
421 760 0 0.0317344794 0.0037166518 0 0.03195138 0.138017288 1
425 760 0 0.0320631064 0.00378336827 0 0.0322855488 0.142021053 1
429 760 0 0.0323972416 0.00384227736 0 0.0326242909 0.145964682 1
433 760 0 0.0327361734 0.00389275275 0 0.0329668102 0.149839762 1
437 760 0 0.0330791361 0.00393418801 0 0.0333122662 0.153638238 1
441 760 0 0.033425312 0.00396600192 0 0.0336597779 0.157352456 1
445 760 0 0.0337738336 0.00398764379 0 0.0340084275 0.160975206 1
449 760 0 0.0341237869 0.00399859878 0 0.0343572645 0.164499762 1
453 760 0 0.0344742144 0.0039983931 0 0.0347053109 0.167919908 1
457 760 0 0.0348241192 0.00398659909 0 0.0350515656 0.171229968 1
461 760 0 0.0351724689 0.00396284007 0 0.0353950092 0.174424819 1
465 760 0 0.0355182008 0.00392679498 0 0.0357346094 0.177499907 1
469 760 0 0.0358602265 0.00387820262 0 0.0360693263 0.18045125 1
473 760 0 0.0361974374 0.00381686562 0 0.0363981172 0.183275436 1
477 760 0 0.0365287107 0.0037426539 0 0.0367199423 0.185969613 1
481 760 0 0.0368529151 0.00365550773 0 0.0370337696 0.188531475 1
485 760 0 0.0371689174 0.00355544022 0 0.0373385803 0.190959237 1
489 760 0 0.0374755888 0.00344253928 0 0.0376333739 0.193251611 1
493 760 0 0.0377718113 0.00331696897 0 0.0379171731 0.195407767 1
497 760 0 0.038056485 0.00317897027 0 0.0381890286 0.197427299 1
501 760 0 0.0383285343 0.00302886112 0 0.0384480239 0.199310179 1
505 760 0 0.0385869146 0.0028670359 0 0.0386932795 0.201056712 1
509 760 0 0.0388306196 0.00269396417 0 0.0389239575 0.202667486 1
513 760 0 0.0390586871 0.00251018877 0 0.0391392653 0.20414332 1
517 760 0 0.0392702056 0.00231632322 0 0.0393384595 0.205485215 1
521 760 0 0.0394643203 0.00211304853 0 0.0395208496 0.206694299 1
525 760 0 0.039640239 0.0019011093 0 0.0396858006 0.207771774 1
529 760 0 0.0397972374 0.0016813093 0 0.0398327366 0.20871887 1
533 760 0 0.0399346639 0.0014545064 0 0.0399611433 0.209536798 1
537 760 0 0.0400519443 0.00122160707 0 0.0400705698 0.2102267 1
541 760 0 0.0401485856 0.000983560343 0 0.0401606315 0.210789617 1
545 760 0 0.0402241799 0.00074135137 0 0.0402310111 0.21122645 1
549 760 0 0.0402784067 0.000495994652 0 0.0402814604 0.21153793 1
553 760 0 0.0403110354 0.000248526951 0 0.0403118015 0.211724597 1
557 760 0 0.0403219271 -0 0 0.0403219271 0.211786783 1
561 760 0 0.0403110354 -0.000248526951 0 0.0403118015 0.211724597 1
565 760 0 0.0402784067 -0.000495994652 0 0.0402814604 0.21153793 1
569 760 0 0.0402241799 -0.00074135137 0 0.0402310111 0.21122645 1
573 760 0 0.0401485856 -0.000983560343 0 0.0401606315 0.210789617 1
577 760 0 0.0400519443 -0.00122160707 0 0.0400705698 0.2102267 1
581 760 0 0.0399346639 -0.0014545064 0 0.0399611433 0.209536798 1
585 760 0 0.0397972374 -0.0016813093 0 0.0398327366 0.20871887 1
589 760 0 0.039640239 -0.0019011093 0 0.0396858006 0.207771774 1
593 760 0 0.0394643203 -0.00211304853 0 0.0395208496 0.206694299 1
597 760 0 0.0392702056 -0.00231632322 0 0.0393384595 0.205485215 1
601 760 0 0.0390586871 -0.00251018877 0 0.0391392653 0.20414332 1
605 760 0 0.0388306196 -0.00269396417 0 0.0389239575 0.202667486 1
609 760 0 0.0385869146 -0.0028670359 0 0.0386932795 0.201056712 1
613 760 0 0.0383285343 -0.00302886112 0 0.0384480239 0.199310179 1
617 760 0 0.038056485 -0.00317897027 0 0.0381890286 0.197427299 1
621 760 0 0.0377718113 -0.00331696897 0 0.0379171731 0.195407767 1
625 760 0 0.0374755888 -0.00344253928 0 0.0376333739 0.193251611 1
629 760 0 0.0371689174 -0.00355544022 0 0.0373385803 0.190959237 1
633 760 0 0.0368529151 -0.00365550773 0 0.0370337696 0.188531475 1
637 760 0 0.0365287107 -0.0037426539 0 0.0367199423 0.185969613 1
641 760 0 0.0361974374 -0.00381686562 0 0.0363981172 0.183275436 1
645 760 0 0.0358602265 -0.00387820262 0 0.0360693263 0.18045125 1
649 760 0 0.0355182008 -0.00392679498 0 0.0357346094 0.177499907 1
653 760 0 0.0351724689 -0.00396284007 0 0.0353950092 0.174424819 1
657 760 0 0.0348241192 -0.00398659909 0 0.0350515656 0.171229968 1
661 760 0 0.0344742144 -0.0039983931 0 0.0347053109 0.167919908 1
665 760 0 0.0341237869 -0.00399859878 0 0.0343572645 0.164499762 1
669 760 0 0.0337738336 -0.00398764379 0 0.0340084275 0.160975206 1
673 760 0 0.033425312 -0.00396600192 0 0.0336597779 0.157352456 1
677 760 0 0.0330791361 -0.00393418801 0 0.0333122662 0.153638238 1
681 760 0 0.0327361734 -0.00389275275 0 0.0329668102 0.149839762 1
685 760 0 0.0323972416 -0.00384227736 0 0.0326242909 0.145964682 1
689 760 0 0.0320631064 -0.00378336827 0 0.0322855488 0.142021053 1
693 760 0 0.0317344794 -0.0037166518 0 0.03195138 0.138017288 1
697 760 0 0.0314120167 -0.0036427689 0 0.0316225324 0.133962103 1
701 760 0 0.0310963178 -0.00356237005 0 0.0312997038 0.129864468 1
705 760 0 0.0307879249 -0.00347611027 0 0.0309835386 0.125733544 1
709 760 0 0.0304873229 -0.00338464438 0 0.0306746259 0.121578628 1
713 760 0 0.0301949393 -0.00328862247 0 0.0303734983 0.117409092 1
717 760 0 0.0299111453 -0.00318868563 0 0.0300806305 0.113234323 1
721 760 0 0.0296362561 -0.00308546204 0 0.0297964386 0.109063662 1
725 760 0 0.0293705329 -0.0029795633 0 0.0295212805 0.104906345 1
729 760 0 0.0291141839 -0.00287158115 0 0.0292554557 0.100771444 1
733 760 0 0.0288673667 -0.00276208451 0 0.0289992064 0.0966678138 1
737 760 0 0.0286301899 -0.00265161694 0 0.0287527189 0.0926040387 1
741 760 0 0.0284027157 -0.00254069436 0 0.028516125 0.0885883817 1
745 760 0 0.0281849625 -0.00242980325 0 0.0282895043 0.0846287403 1
749 760 0 0.0279769073 -0.00231939909 0 0.0280728865 0.0807326046 1
753 760 0 0.0277784888 -0.00220990527 0 0.0278662541 0.0769070209 1
757 760 0 0.0275896097 -0.00210171222 0 0.0276695457 0.0731585591 1
761 760 0 0.0274101403 -0.00199517699 0 0.0274826585 0.0694932859 1
765 760 0 0.0272399208 -0.001890623 0 0.0273054526 0.0659167425 1
769 760 0 0.0270787647 -0.00178834021 0 0.0271377534 0.0624339278 1
773 760 0 0.0269264616 -0.00168858546 0 0.0269793561 0.0590492865 1
777 760 0 0.0267827798 -0.00159158313 0 0.0268300285 0.0557667017 1
781 760 0 0.0266474695 -0.00149752594 0 0.0266895151 0.0525894936 1
785 760 0 0.0265202654 -0.00140657602 0 0.0265575401 0.0495204212 1
789 760 0 0.0264008892 -0.00131886611 0 0.0264338109 0.0465616901 1
793 760 0 0.0262890521 -0.00123450094 0 0.0263180215 0.0437149629 1
797 760 0 0.0261844576 -0.00115355871 0 0.0262098553 0.0409813746 1
801 760 0 0.0260868032 -0.00107609263 0 0.0261089884 0.0383615508 1
805 760 0 0.0259957828 -0.00100213267 0 0.0260150916 0.0358556291 1
809 760 0 0.0259110887 -0.000931687198 0 0.0259278336 0.0334632834 1
813 760 0 0.0258324133 -0.000864744753 0 0.025846883 0.0311837504 1
817 760 0 0.025759451 -0.00080127582 0 0.0257719102 0.0290158582 1
821 760 0 0.0256918992 -0.000741234582 0 0.0257025896 0.026958056 1
825 760 0 0.0256294601 -0.000684560652 0 0.0256386007 0.0250084452 1
829 760 0 0.0255718418 -0.00063118079 0 0.0255796303 0.023164812 1
833 760 0 0.0255187594 -0.000581010548 0 0.0255253728 0.0214246587 1
837 760 0 0.0254699357 -0.000533955875 0 0.025475532 0.019785237 1
841 760 0 0.025425102 -0.000489914641 0 0.0254298216 0.0182435798 1
845 760 0 0.0253839991 -0.000448778087 0 0.0253879659 0.0167965328 1
849 760 0 0.0253463775 -0.000410432195 0 0.0253497003 0.0154407856 1
853 760 0 0.0253119977 -0.000374758964 0 0.0253147718 0.0141729015 1
857 760 0 0.0252806309 -0.000341637598 0 0.0252829392 0.0129893462 1
861 760 0 0.0252520588 -0.000310945598 0 0.0252539732 0.0118865149 1
253 764 0 0.0252338599 0.000276474328 0 0.0252353744 0.0111412514 1
257 764 0 0.025260369 0.000303763829 0 0.0252621954 0.0121867155 1
261 764 0 0.0252894711 0.000333213377 0 0.0252916662 0.013310302 1
265 764 0 0.0253213686 0.000364931891 0 0.0253239982 0.0145157115 1
269 764 0 0.0253562739 0.000399026778 0 0.0253594134 0.0158066066 1
273 764 0 0.0253944091 0.000435602954 0 0.0253981449 0.0171865865 1
277 764 0 0.0254360057 0.0004747618 0 0.0254404361 0.0186591615 1
281 764 0 0.0254813044 0.000516600016 0 0.0254865405 0.020227725 1
285 764 0 0.0255305542 0.000561208411 0 0.0255367216 0.0218955252 1
289 764 0 0.0255840123 0.000608670609 0 0.0255912517 0.0236656353 1
293 764 0 0.0256419432 0.000659061695 0 0.0256504116 0.0255409232 1
297 764 0 0.0257046177 0.000712446793 0 0.0257144891 0.0275240205 1
301 764 0 0.0257723121 0.000768879592 0 0.0257837787 0.0296172915 1
305 764 0 0.025845307 0.000828400832 0 0.0258585796 0.0318228019 1
309 764 0 0.025923886 0.000891036758 0 0.0259391945 0.0341422884 1
313 764 0 0.0260083347 0.000956797554 0 0.0260259281 0.0365771281 1
317 764 0 0.0260989383 0.00102567578 0 0.0261190848 0.0391283099 1
321 764 0 0.026195981 0.0010976448 0 0.0262189673 0.0417964064 1
325 764 0 0.0262997433 0.00117265729 0 0.0263258736 0.0445815483 1
329 764 0 0.0264105004 0.00125064372 0 0.0264400954 0.0474834002 1
333 764 0 0.0265285203 0.00133151098 0 0.0265619146 0.0505011394 1
337 764 0 0.026654061 0.00141514104 0 0.0266916015 0.0536334371 1
341 764 0 0.0267873687 0.00150138974 0 0.026829411 0.0568784425 1
345 764 0 0.0269286754 0.00159008573 0 0.0269755803 0.0602337712 1
349 764 0 0.0270781958 0.0016810295 0 0.0271303253 0.0636964963 1
353 764 0 0.0272361252 0.00177399269 0 0.0272938375 0.067263144 1
357 764 0 0.0274026368 0.00186871748 0 0.0274662813 0.0709296933 1
361 764 0 0.0275778785 0.0019649163 0 0.0276477898 0.0746915798 1
365 764 0 0.027761971 0.00206227169 0 0.0278384626 0.0785437043 1
369 764 0 0.0279550043 0.0021604365 0 0.0280383622 0.0824804458 1
373 764 0 0.0281570355 0.00225903428 0 0.0282475111 0.0864956788 1
377 764 0 0.0283680858 0.00235766004 0 0.0284658893 0.0905827956 1
381 764 0 0.0285881382 0.00245588123 0 0.0286934312 0.0947347326 1
385 764 0 0.0288171349 0.00255323913 0 0.0289300241 0.0989440011 1
389 764 0 0.0290549752 0.00264925044 0 0.0291755053 0.103202722 1
393 764 0 0.0293015128 0.0027434093 0 0.029429661 0.107502665 1
397 764 0 0.0295565547 0.00283518958 0 0.029692225 0.11183529 1
401 764 0 0.0298198585 0.00292404746 0 0.0299628772 0.116191792 1
405 764 0 0.0300911316 0.00300942444 0 0.0302412439 0.12056315 1
409 764 0 0.0303700298 0.00309075046 0 0.0305268971 0.124940173 1
413 764 0 0.0306561563 0.00316744753 0 0.030819355 0.129313559 1
417 764 0 0.0309490614 0.0032389334 0 0.031118083 0.13367394 1
421 764 0 0.0312482418 0.00330462568 0 0.0314224946 0.138011937 1
425 764 0 0.0315531416 0.003363946 0 0.0317319535 0.142318216 1
429 764 0 0.0318631518 0.00341632446 0 0.0320457753 0.146583535 1
433 764 0 0.0321776123 0.00346120417 0 0.0323632302 0.1507988 1
437 764 0 0.0324958127 0.00349804594 0 0.0326835459 0.154955107 1
441 764 0 0.0328169943 0.00352633298 0 0.0330059107 0.159043794 1
445 764 0 0.0331403522 0.00354557564 0 0.0333294772 0.163056481 1
449 764 0 0.0334650385 0.00355531616 0 0.0336533665 0.166985111 1
453 764 0 0.0337901647 0.00355513329 0 0.0339766715 0.170821984 1
457 764 0 0.0341148059 0.00354464675 0 0.0342984621 0.174559787 1
461 764 0 0.0344380044 0.00352352165 0 0.0346177896 0.178191621 1
465 764 0 0.0347587741 0.0034914725 0 0.0349336908 0.181711024 1
469 764 0 0.0350761051 0.00344826706 0 0.0352451939 0.185111982 1
473 764 0 0.0353889689 0.00339372985 0 0.0355513224 0.188388945 1
477 764 0 0.0356963239 0.0033277452 0 0.0358511008 0.191536826 1
481 764 0 0.0359971203 0.00325026001 0 0.0361435591 0.194551006 1
485 764 0 0.0362903069 0.00316128594 0 0.0364277381 0.197427325 1
489 764 0 0.0365748362 0.00306090114 0 0.0367026942 0.200162071 1
493 764 0 0.0368496712 0.00294925149 0 0.036967504 0.20275197 1
497 764 0 0.0371137911 0.00282655125 0 0.0372212692 0.205194161 1
501 764 0 0.037366198 0.00269308312 0 0.0374631212 0.207486177 1
505 764 0 0.037605923 0.00254919777 0 0.0376922254 0.209625917 1
509 764 0 0.0378320322 0.00239531268 0 0.0379077853 0.211611618 1
513 764 0 0.0380436329 0.00223191053 0 0.0381090466 0.213441823 1
517 764 0 0.0382398795 0.00205953681 0 0.038295301 0.215115351 1
521 764 0 0.0384199789 0.00187879705 0 0.0384658896 0.216631264 1
525 764 0 0.0385831961 0.0016903533 0 0.0386202061 0.217988833 1
529 764 0 0.0387288591 0.00149492021 0 0.0387577 0.219187506 1
533 764 0 0.0388563632 0.00129326056 0 0.0388778791 0.220226878 1
537 764 0 0.0389651758 0.00108618034 0 0.0389803118 0.221106662 1
541 764 0 0.0390548395 0.000874523346 0 0.0390646295 0.221826664 1
545 764 0 0.0391249758 0.000659165536 0 0.0391305281 0.222386758 1
549 764 0 0.0391752873 0.000441008938 0 0.0391777695 0.222786865 1
553 764 0 0.0392055602 0.000220975381 0 0.0392061829 0.223026944 1
557 764 0 0.0392156655 -0 0 0.0392156655 0.223106973 1
561 764 0 0.0392055602 -0.000220975381 0 0.0392061829 0.223026944 1
565 764 0 0.0391752873 -0.000441008938 0 0.0391777695 0.222786865 1
569 764 0 0.0391249758 -0.000659165536 0 0.0391305281 0.222386758 1
573 764 0 0.0390548395 -0.000874523346 0 0.0390646295 0.221826664 1
577 764 0 0.0389651758 -0.00108618034 0 0.0389803118 0.221106662 1
581 764 0 0.0388563632 -0.00129326056 0 0.0388778791 0.220226878 1
585 764 0 0.0387288591 -0.00149492021 0 0.0387577 0.219187506 1
589 764 0 0.0385831961 -0.0016903533 0 0.0386202061 0.217988833 1
593 764 0 0.0384199789 -0.00187879705 0 0.0384658896 0.216631264 1
597 764 0 0.0382398795 -0.00205953681 0 0.038295301 0.215115351 1
601 764 0 0.0380436329 -0.00223191053 0 0.0381090466 0.213441823 1
605 764 0 0.0378320322 -0.00239531268 0 0.0379077853 0.211611618 1
609 764 0 0.037605923 -0.00254919777 0 0.0376922254 0.209625917 1
613 764 0 0.037366198 -0.00269308312 0 0.0374631212 0.207486177 1
617 764 0 0.0371137911 -0.00282655125 0 0.0372212692 0.205194161 1
621 764 0 0.0368496712 -0.00294925149 0 0.036967504 0.20275197 1
625 764 0 0.0365748362 -0.00306090114 0 0.0367026942 0.200162071 1
629 764 0 0.0362903069 -0.00316128594 0 0.0364277381 0.197427325 1
633 764 0 0.0359971203 -0.00325026001 0 0.0361435591 0.194551006 1
637 764 0 0.0356963239 -0.0033277452 0 0.0358511008 0.191536826 1
641 764 0 0.0353889689 -0.00339372985 0 0.0355513224 0.188388945 1
645 764 0 0.0350761051 -0.00344826706 0 0.0352451939 0.185111982 1
649 764 0 0.0347587741 -0.0034914725 0 0.0349336908 0.181711024 1
653 764 0 0.0344380044 -0.00352352165 0 0.0346177896 0.178191621 1
657 764 0 0.0341148059 -0.00354464675 0 0.0342984621 0.174559787 1
661 764 0 0.0337901647 -0.00355513329 0 0.0339766715 0.170821984 1
665 764 0 0.0334650385 -0.00355531616 0 0.0336533665 0.166985111 1
669 764 0 0.0331403522 -0.00354557564 0 0.0333294772 0.163056481 1
673 764 0 0.0328169943 -0.00352633298 0 0.0330059107 0.159043794 1
677 764 0 0.0324958127 -0.00349804594 0 0.0326835459 0.154955107 1
681 764 0 0.0321776123 -0.00346120417 0 0.0323632302 0.1507988 1
685 764 0 0.0318631518 -0.00341632446 0 0.0320457753 0.146583535 1
689 764 0 0.0315531416 -0.003363946 0 0.0317319535 0.142318216 1
693 764 0 0.0312482418 -0.00330462568 0 0.0314224946 0.138011937 1
697 764 0 0.0309490614 -0.0032389334 0 0.031118083 0.13367394 1
701 764 0 0.0306561563 -0.00316744753 0 0.030819355 0.129313559 1
705 764 0 0.0303700298 -0.00309075046 0 0.0305268971 0.124940173 1
709 764 0 0.0300911316 -0.00300942444 0 0.0302412439 0.12056315 1
713 764 0 0.0298198585 -0.00292404746 0 0.0299628772 0.116191792 1
717 764 0 0.0295565547 -0.00283518958 0 0.029692225 0.11183529 1
721 764 0 0.0293015128 -0.0027434093 0 0.029429661 0.107502665 1
725 764 0 0.0290549752 -0.00264925044 0 0.0291755053 0.103202722 1
729 764 0 0.0288171349 -0.00255323913 0 0.0289300241 0.0989440011 1
733 764 0 0.0285881382 -0.00245588123 0 0.0286934312 0.0947347326 1
737 764 0 0.0283680858 -0.00235766004 0 0.0284658893 0.0905827956 1
741 764 0 0.0281570355 -0.00225903428 0 0.0282475111 0.0864956788 1
745 764 0 0.0279550043 -0.0021604365 0 0.0280383622 0.0824804458 1
749 764 0 0.027761971 -0.00206227169 0 0.0278384626 0.0785437043 1
753 764 0 0.0275778785 -0.0019649163 0 0.0276477898 0.0746915798 1
757 764 0 0.0274026368 -0.00186871748 0 0.0274662813 0.0709296933 1
761 764 0 0.0272361252 -0.00177399269 0 0.0272938375 0.067263144 1
765 764 0 0.0270781958 -0.0016810295 0 0.0271303253 0.0636964963 1
769 764 0 0.0269286754 -0.00159008573 0 0.0269755803 0.0602337712 1
773 764 0 0.0267873687 -0.00150138974 0 0.026829411 0.0568784425 1
777 764 0 0.026654061 -0.00141514104 0 0.0266916015 0.0536334371 1
781 764 0 0.0265285203 -0.00133151098 0 0.0265619146 0.0505011394 1
785 764 0 0.0264105004 -0.00125064372 0 0.0264400954 0.0474834002 1
789 764 0 0.0262997433 -0.00117265729 0 0.0263258736 0.0445815483 1
793 764 0 0.026195981 -0.0010976448 0 0.0262189673 0.0417964064 1
797 764 0 0.0260989383 -0.00102567578 0 0.0261190848 0.0391283099 1
801 764 0 0.0260083347 -0.000956797554 0 0.0260259281 0.0365771281 1
805 764 0 0.025923886 -0.000891036758 0 0.0259391945 0.0341422884 1
809 764 0 0.025845307 -0.000828400832 0 0.0258585796 0.0318228019 1
813 764 0 0.0257723121 -0.000768879592 0 0.0257837787 0.0296172915 1
817 764 0 0.0257046177 -0.000712446793 0 0.0257144891 0.0275240205 1
821 764 0 0.0256419432 -0.000659061695 0 0.0256504116 0.0255409232 1
825 764 0 0.0255840123 -0.000608670609 0 0.0255912517 0.0236656353 1
829 764 0 0.0255305542 -0.000561208411 0 0.0255367216 0.0218955252 1
833 764 0 0.0254813044 -0.000516600016 0 0.0254865405 0.020227725 1
837 764 0 0.0254360057 -0.0004747618 0 0.0254404361 0.0186591615 1
841 764 0 0.0253944091 -0.000435602954 0 0.0253981449 0.0171865865 1
845 764 0 0.0253562739 -0.000399026778 0 0.0253594134 0.0158066066 1
849 764 0 0.0253213686 -0.000364931891 0 0.0253239982 0.0145157115 1
853 764 0 0.0252894711 -0.000333213377 0 0.0252916662 0.013310302 1
857 764 0 0.025260369 -0.000303763829 0 0.0252621954 0.0121867155 1
861 764 0 0.0252338599 -0.000276474328 0 0.0252353744 0.0111412514 1
253 768 0 0.0252155179 0.00024459847 0 0.0252167042 0.0103847498 1
257 768 0 0.0252399479 0.000268741653 0 0.0252413786 0.0113695315 1
261 768 0 0.0252667675 0.000294795842 0 0.0252684872 0.0124292831 1
265 768 0 0.0252961632 0.000322857399 0 0.0252982235 0.0135677356 1
269 768 0 0.0253283309 0.000353021346 0 0.0253307909 0.0147886088 1
273 768 0 0.0253634751 0.000385380506 0 0.0253664027 0.0160955885 1
277 768 0 0.0254018092 0.000420024568 0 0.0254052816 0.0174923029 1
281 768 0 0.025443555 0.000457039085 0 0.0254476595 0.0189822975 1
285 768 0 0.0254889421 0.000496504395 0 0.0254937774 0.0205690085 1
289 768 0 0.0255382074 0.000538494482 0 0.0255438841 0.0222557355 1
293 768 0 0.0255915947 0.000583075773 0 0.0255982362 0.0240456126 1
297 768 0 0.0256493536 0.000630305885 0 0.025657097 0.0259415797 1
301 768 0 0.0257117386 0.000680232315 0 0.0257207352 0.0279463522 1
305 768 0 0.0257790084 0.000732891108 0 0.0257894243 0.0300623914 1
309 768 0 0.0258514244 0.000788305481 0 0.0258634408 0.032291874 1
313 768 0 0.0259292496 0.000846484446 0 0.0259430631 0.0346366628 1
317 768 0 0.0260127471 0.000907421417 0 0.0260285694 0.0370982772 1
321 768 0 0.0261021786 0.000971092837 0 0.0261202364 0.0396778651 1
325 768 0 0.0261978027 0.00103745683 0 0.0262183368 0.0423761756 1
329 768 0 0.026299873 0.00110645189 0 0.0263231373 0.0451935334 1
333 768 0 0.0264086364 0.00117799563 0 0.0264348964 0.0481298153 1
337 768 0 0.0265243307 0.00125198364 0 0.0265538619 0.0511844288 1
341 768 0 0.026647183 0.00132828837 0 0.0266802682 0.0543562923 1
345 768 0 0.0267774068 0.00140675823 0 0.0268143335 0.0576438197 1
349 768 0 0.0269152001 0.00148721672 0 0.0269562574 0.0610449067 1
353 768 0 0.0270607429 0.00156946181 0 0.0271062173 0.0645569208 1
357 768 0 0.0272141947 0.00165326539 0 0.0272643665 0.0681766955 1
361 768 0 0.027375692 0.00173837305 0 0.0274308304 0.0719005271 1
365 768 0 0.0275453459 0.00182450395 0 0.027605704 0.0757241765 1
369 768 0 0.0277232394 0.00191135093 0 0.0277890493 0.0796428739 1
373 768 0 0.0279094249 0.00199858097 0 0.0279808922 0.0836513289 1
377 768 0 0.0281039223 0.00208583576 0 0.0281812199 0.0877437437 1
381 768 0 0.0283067156 0.00217273263 0 0.0283899792 0.0919138307 1
385 768 0 0.0285177519 0.00225886573 0 0.0286070734 0.0961548341 1
389 768 0 0.028736938 0.00234380751 0 0.028832361 0.100459556 1
393 768 0 0.0289641394 0.00242711041 0 0.0290656539 0.104820384 1
397 768 0 0.0291991779 0.00250830896 0 0.0293067161 0.109229328 1
401 768 0 0.0294418305 0.00258692206 0 0.0295552626 0.113678049 1
405 768 0 0.0296918273 0.00266245557 0 0.029810959 0.118157907 1
409 768 0 0.0299488511 0.00273440519 0 0.030073421 0.122659994 1
413 768 0 0.0302125363 0.00280225953 0 0.030342215 0.127175183 1
417 768 0 0.0304824684 0.00286550351 0 0.030616858 0.131694171 1
421 768 0 0.0307581838 0.00292362185 0 0.0308968192 0.136207526 1
425 768 0 0.0310391698 0.00297610289 0 0.031181521 0.140705732 1
429 768 0 0.0313248656 0.00302244242 0 0.031470341 0.14517924 1
433 768 0 0.0316146625 0.00306214777 0 0.0317626138 0.149618512 1
437 768 0 0.031907906 0.0030947419 0 0.032057634 0.154014068 1
441 768 0 0.0322038969 0.00311976761 0 0.0323546585 0.158356531 1
445 768 0 0.0325018934 0.0031367917 0 0.0326529101 0.162636671 1
449 768 0 0.0328011141 0.0031454092 0 0.0329515809 0.166845444 1
453 768 0 0.0331007402 0.00314524741 0 0.0332498359 0.170974032 1
457 768 0 0.0333999194 0.00313596991 0 0.0335468169 0.175013877 1
461 768 0 0.033697769 0.00311728041 0 0.033841647 0.178956713 1
465 768 0 0.0339933803 0.00308892634 0 0.0341334347 0.182794597 1
469 768 0 0.0342858225 0.00305070223 0 0.0344212785 0.186519929 1
473 768 0 0.0345741481 0.00300245283 0 0.0347042712 0.190125475 1
477 768 0 0.0348573967 0.00294407583 0 0.034981505 0.193604383 1
481 768 0 0.0351346014 0.00287552422 0 0.0352520759 0.196950197 1
485 768 0 0.0354047929 0.00279680833 0 0.0355150883 0.200156862 1
489 768 0 0.0356670062 0.00270799731 0 0.0357696601 0.203218731 1
493 768 0 0.0359202855 0.00260922021 0 0.0360149266 0.206130564 1
497 768 0 0.0361636901 0.00250066658 0 0.0362500457 0.208887527 1
501 768 0 0.0363963004 0.00238258654 0 0.0364742019 0.211485182 1
505 768 0 0.0366172235 0.00225529032 0 0.0366866105 0.213919484 1
509 768 0 0.0368255986 0.00211914727 0 0.0368865219 0.216186764 1
513 768 0 0.0370206032 0.00197458442 0 0.0370732255 0.218283719 1
517 768 0 0.0372014579 0.00182208438 0 0.037246053 0.220207393 1
521 768 0 0.0373674319 0.00166218285 0 0.0374043823 0.221955167 1
525 768 0 0.0375178477 0.00149546554 0 0.0375476406 0.223524735 1
529 768 0 0.0376520861 0.00132256474 0 0.0376753071 0.224914092 1
533 768 0 0.0377695899 0.00114415526 0 0.0377869159 0.226121515 1
537 768 0 0.0378698682 0.000960950157 0 0.0378820583 0.227145547 1
541 768 0 0.0379524995 0.000773695968 0 0.0379603849 0.227984983 1
545 768 0 0.0380171349 0.000583167642 0 0.0380216074 0.228638858 1
549 768 0 0.0380635004 0.000390163212 0 0.0380655 0.229106431 1
553 768 0 0.0380913989 0.000195498224 0 0.0380919006 0.229387182 1
557 768 0 0.0381007117 -0 0 0.0381007117 0.2294808 1
561 768 0 0.0380913989 -0.000195498224 0 0.0380919006 0.229387182 1
565 768 0 0.0380635004 -0.000390163212 0 0.0380655 0.229106431 1
569 768 0 0.0380171349 -0.000583167642 0 0.0380216074 0.228638858 1
573 768 0 0.0379524995 -0.000773695968 0 0.0379603849 0.227984983 1
577 768 0 0.0378698682 -0.000960950157 0 0.0378820583 0.227145547 1
581 768 0 0.0377695899 -0.00114415526 0 0.0377869159 0.226121515 1
585 768 0 0.0376520861 -0.00132256474 0 0.0376753071 0.224914092 1
589 768 0 0.0375178477 -0.00149546554 0 0.0375476406 0.223524735 1
593 768 0 0.0373674319 -0.00166218285 0 0.0374043823 0.221955167 1
597 768 0 0.0372014579 -0.00182208438 0 0.037246053 0.220207393 1
601 768 0 0.0370206032 -0.00197458442 0 0.0370732255 0.218283719 1
605 768 0 0.0368255986 -0.00211914727 0 0.0368865219 0.216186764 1
609 768 0 0.0366172235 -0.00225529032 0 0.0366866105 0.213919484 1
613 768 0 0.0363963004 -0.00238258654 0 0.0364742019 0.211485182 1
617 768 0 0.0361636901 -0.00250066658 0 0.0362500457 0.208887527 1
621 768 0 0.0359202855 -0.00260922021 0 0.0360149266 0.206130564 1
625 768 0 0.0356670062 -0.00270799731 0 0.0357696601 0.203218731 1
629 768 0 0.0354047929 -0.00279680833 0 0.0355150883 0.200156862 1
633 768 0 0.0351346014 -0.00287552422 0 0.0352520759 0.196950197 1
637 768 0 0.0348573967 -0.00294407583 0 0.034981505 0.193604383 1
641 768 0 0.0345741481 -0.00300245283 0 0.0347042712 0.190125475 1
645 768 0 0.0342858225 -0.00305070223 0 0.0344212785 0.186519929 1
649 768 0 0.0339933803 -0.00308892634 0 0.0341334347 0.182794597 1
653 768 0 0.033697769 -0.00311728041 0 0.033841647 0.178956713 1
657 768 0 0.0333999194 -0.00313596991 0 0.0335468169 0.175013877 1
661 768 0 0.0331007402 -0.00314524741 0 0.0332498359 0.170974032 1
665 768 0 0.0328011141 -0.0031454092 0 0.0329515809 0.166845444 1
669 768 0 0.0325018934 -0.0031367917 0 0.0326529101 0.162636671 1
673 768 0 0.0322038969 -0.00311976761 0 0.0323546585 0.158356531 1
677 768 0 0.031907906 -0.0030947419 0 0.032057634 0.154014068 1
681 768 0 0.0316146625 -0.00306214777 0 0.0317626138 0.149618512 1
685 768 0 0.0313248656 -0.00302244242 0 0.031470341 0.14517924 1
689 768 0 0.0310391698 -0.00297610289 0 0.031181521 0.140705732 1
693 768 0 0.0307581838 -0.00292362185 0 0.0308968192 0.136207526 1
697 768 0 0.0304824684 -0.00286550351 0 0.030616858 0.131694171 1
701 768 0 0.0302125363 -0.00280225953 0 0.030342215 0.127175183 1
705 768 0 0.0299488511 -0.00273440519 0 0.030073421 0.122659994 1
709 768 0 0.0296918273 -0.00266245557 0 0.029810959 0.118157907 1
713 768 0 0.0294418305 -0.00258692206 0 0.0295552626 0.113678049 1
717 768 0 0.0291991779 -0.00250830896 0 0.0293067161 0.109229328 1
721 768 0 0.0289641394 -0.00242711041 0 0.0290656539 0.104820384 1
725 768 0 0.028736938 -0.00234380751 0 0.028832361 0.100459556 1
729 768 0 0.0285177519 -0.00225886573 0 0.0286070734 0.0961548341 1
733 768 0 0.0283067156 -0.00217273263 0 0.0283899792 0.0919138307 1
737 768 0 0.0281039223 -0.00208583576 0 0.0281812199 0.0877437437 1
741 768 0 0.0279094249 -0.00199858097 0 0.0279808922 0.0836513289 1
745 768 0 0.0277232394 -0.00191135093 0 0.0277890493 0.0796428739 1
749 768 0 0.0275453459 -0.00182450395 0 0.027605704 0.0757241765 1
753 768 0 0.027375692 -0.00173837305 0 0.0274308304 0.0719005271 1
757 768 0 0.0272141947 -0.00165326539 0 0.0272643665 0.0681766955 1
761 768 0 0.0270607429 -0.00156946181 0 0.0271062173 0.0645569208 1
765 768 0 0.0269152001 -0.00148721672 0 0.0269562574 0.0610449067 1
769 768 0 0.0267774068 -0.00140675823 0 0.0268143335 0.0576438197 1
773 768 0 0.026647183 -0.00132828837 0 0.0266802682 0.0543562923 1
777 768 0 0.0265243307 -0.00125198364 0 0.0265538619 0.0511844288 1
781 768 0 0.0264086364 -0.00117799563 0 0.0264348964 0.0481298153 1
785 768 0 0.026299873 -0.00110645189 0 0.0263231373 0.0451935334 1
789 768 0 0.0261978027 -0.00103745683 0 0.0262183368 0.0423761756 1
793 768 0 0.0261021786 -0.000971092837 0 0.0261202364 0.0396778651 1
797 768 0 0.0260127471 -0.000907421417 0 0.0260285694 0.0370982772 1
801 768 0 0.0259292496 -0.000846484446 0 0.0259430631 0.0346366628 1
805 768 0 0.0258514244 -0.000788305481 0 0.0258634408 0.032291874 1
809 768 0 0.0257790084 -0.000732891108 0 0.0257894243 0.0300623914 1
813 768 0 0.0257117386 -0.000680232315 0 0.0257207352 0.0279463522 1
817 768 0 0.0256493536 -0.000630305885 0 0.025657097 0.0259415797 1
821 768 0 0.0255915947 -0.000583075773 0 0.0255982362 0.0240456126 1
825 768 0 0.0255382074 -0.000538494482 0 0.0255438841 0.0222557355 1
829 768 0 0.0254889421 -0.000496504395 0 0.0254937774 0.0205690085 1
833 768 0 0.025443555 -0.000457039085 0 0.0254476595 0.0189822975 1
837 768 0 0.0254018092 -0.000420024568 0 0.0254052816 0.0174923029 1
841 768 0 0.0253634751 -0.000385380506 0 0.0253664027 0.0160955885 1
845 768 0 0.0253283309 -0.000353021346 0 0.0253307909 0.0147886088 1
849 768 0 0.0252961632 -0.000322857399 0 0.0252982235 0.0135677356 1
853 768 0 0.0252667675 -0.000294795842 0 0.0252684872 0.0124292831 1
857 768 0 0.0252399479 -0.000268741653 0 0.0252413786 0.0113695315 1
861 768 0 0.0252155179 -0.00024459847 0 0.0252167042 0.0103847498 1
253 772 0 0.0251973078 0.000215318423 0 0.0251982277 0.00962541032 1
257 772 0 0.0252196735 0.000236571508 0 0.0252207831 0.0105471464 1
261 772 0 0.025244227 0.000259506839 0 0.0252455608 0.0115402418 1
265 772 0 0.025271139 0.000284209243 0 0.0252727371 0.0126084002 1
269 772 0 0.0253005886 0.000310762367 0 0.025302497 0.0137553351 1
273 772 0 0.0253327633 0.000339247922 0 0.0253350347 0.0149847506 1
277 772 0 0.0253678584 0.000369744862 0 0.0253705528 0.0163003196 1
281 772 0 0.0254060769 0.000402328497 0 0.0254092623 0.0177056608 1
285 772 0 0.025447629 0.00043706955 0 0.0254513821 0.0192043147 1
289 772 0 0.0254927317 0.000474033147 0 0.0254971386 0.0207997176 1
293 772 0 0.025541608 0.000513277764 0 0.0255467649 0.0224951757 1
297 772 0 0.0255944866 0.00055485412 0 0.0256005001 0.0242938371 1
301 772 0 0.0256516004 0.000598804028 0 0.0256585886 0.0261986638 1
305 772 0 0.0257131862 0.000645159217 0 0.0257212787 0.0282124029 1
309 772 0 0.0257794834 0.000693940125 0 0.0257888216 0.0303375575 1
313 772 0 0.0258507328 0.000745154685 0 0.0258614702 0.0325763576 1
317 772 0 0.0259271752 0.000798797099 0 0.0259394775 0.0349307315 1
321 772 0 0.0260090502 0.000854846631 0 0.0260230946 0.0374022769 1
325 772 0 0.0260965945 0.000913266415 0 0.0261125698 0.0399922338 1
329 772 0 0.0261900404 0.00097400231 0 0.0262081456 0.0427014574 1
333 772 0 0.0262896138 0.0010369818 0 0.0263100575 0.0455303935 1
337 772 0 0.0263955326 0.00110211295 0 0.0264185313 0.0484790543 1
341 772 0 0.0265080045 0.00116928351 0 0.0265337809 0.0515469973 1
345 772 0 0.0266272251 0.00123836001 0 0.0266560059 0.0547333057 1
349 772 0 0.0267533756 0.00130918709 0 0.0267853892 0.0580365714 1
353 772 0 0.0268866208 0.00138158689 0 0.0269220942 0.0614548813 1
357 772 0 0.0270271067 0.00145535864 0 0.0270662625 0.0649858058 1
361 772 0 0.0271749583 0.00153027835 0 0.0272180108 0.0686263911 1
365 772 0 0.0273302773 0.00160609881 0 0.0273774288 0.0723731546 1
369 772 0 0.0274931397 0.00168254964 0 0.0275445766 0.0762220842 1
373 772 0 0.0276635935 0.00175933767 0 0.0277194819 0.0801686405 1
377 772 0 0.0278416568 0.00183614748 0 0.0279021378 0.0842077638 1
381 772 0 0.0280273152 0.00191264223 0 0.0280925008 0.088333884 1
385 772 0 0.02822052 0.00198846463 0 0.0282904885 0.0925409346 1
389 772 0 0.028421186 0.00206323832 0 0.0284959781 0.0968223705 1
393 772 0 0.02862919 0.00213656931 0 0.0287088044 0.101171189 1
397 772 0 0.028844369 0.00220804786 0 0.0289287591 0.105579955 1
401 772 0 0.0290665187 0.00227725046 0 0.0291555891 0.110040829 1
405 772 0 0.029295392 0.00234374211 0 0.0293889966 0.114545598 1
409 772 0 0.0295306987 0.00240707888 0 0.029628638 0.11908571 1
413 772 0 0.0297721039 0.00246681061 0 0.0298741246 0.123652308 1
417 772 0 0.0300192281 0.00252248387 0 0.0301250225 0.128236273 1
421 772 0 0.0302716469 0.00257364507 0 0.0303808535 0.132828261 1
425 772 0 0.0305288911 0.00261984378 0 0.0306410961 0.137418745 1
429 772 0 0.030790447 0.00266063616 0 0.0309051875 0.14199806 1
433 772 0 0.0310557576 0.00269558852 0 0.0311725244 0.146556443 1
437 772 0 0.0313242236 0.00272428092 0 0.0314424663 0.151084079 1
441 772 0 0.0315952047 0.00274631088 0 0.0317143372 0.155571146 1
445 772 0 0.0318680221 0.00276129708 0 0.0319874287 0.160007852 1
449 772 0 0.0321419602 0.00276888301 0 0.032261003 0.164384482 1
453 772 0 0.0324162694 0.00276874059 0 0.0325342965 0.168691436 1
457 772 0 0.0326901695 0.00276057367 0 0.032806523 0.172919267 1
461 772 0 0.0329628523 0.00274412142 0 0.0330768777 0.177058718 1
465 772 0 0.033233486 0.00271916152 0 0.0333445412 0.181100755 1
469 772 0 0.0335012184 0.00268551309 0 0.0336086836 0.185036599 1
473 772 0 0.0337651819 0.00264303946 0 0.0338684686 0.188857755 1
477 772 0 0.0340244975 0.00259165057 0 0.0341230579 0.192556038 1
481 772 0 0.0342782798 0.00253130504 0 0.0343716157 0.19612359 1
485 772 0 0.0345256415 0.00246201196 0 0.0346133128 0.199552908 1
489 772 0 0.0347656991 0.0023838322 0 0.0348473312 0.202836854 1
493 772 0 0.0349975776 0.00229687937 0 0.0350728683 0.20596867 1
497 772 0 0.0352204158 0.00220132033 0 0.0352891414 0.208941988 1
501 772 0 0.0354333718 0.00209737525 0 0.0354953915 0.211750838 1
505 772 0 0.0356356279 0.00198531722 0 0.0356908877 0.214389655 1
509 772 0 0.0358263965 0.00186547139 0 0.0358749309 0.216853277 1
513 772 0 0.0360049242 0.00173821367 0 0.0360468577 0.219136948 1
517 772 0 0.0361704976 0.00160396888 0 0.0362060439 0.221236319 1
521 772 0 0.0363224476 0.00146320861 0 0.0363519075 0.223147443 1
525 772 0 0.0364601541 0.00131644847 0 0.0364839125 0.224866769 1
529 772 0 0.03658305 0.00116424503 0 0.0366015712 0.226391142 1
533 772 0 0.0366906254 0.00100719234 0 0.036704447 0.227717795 1
537 772 0 0.0367824306 0.000845918096 0 0.0367921565 0.228844343 1
541 772 0 0.03685808 0.000681079467 0 0.0368643721 0.22976878 1
545 772 0 0.036917254 0.000513358636 0 0.0369208232 0.230489472 1
549 772 0 0.0369597019 0.000343458107 0 0.0369612977 0.231005152 1
553 772 0 0.0369852432 0.0001720958 0 0.0369856436 0.23131492 1
557 772 0 0.0369937691 -0 0 0.0369937691 0.231418236 1
561 772 0 0.0369852432 -0.0001720958 0 0.0369856436 0.23131492 1
565 772 0 0.0369597019 -0.000343458107 0 0.0369612977 0.231005152 1
569 772 0 0.036917254 -0.000513358636 0 0.0369208232 0.230489472 1
573 772 0 0.03685808 -0.000681079467 0 0.0368643721 0.22976878 1
577 772 0 0.0367824306 -0.000845918096 0 0.0367921565 0.228844343 1
581 772 0 0.0366906254 -0.00100719234 0 0.036704447 0.227717795 1
585 772 0 0.03658305 -0.00116424503 0 0.0366015712 0.226391142 1
589 772 0 0.0364601541 -0.00131644847 0 0.0364839125 0.224866769 1
593 772 0 0.0363224476 -0.00146320861 0 0.0363519075 0.223147443 1
597 772 0 0.0361704976 -0.00160396888 0 0.0362060439 0.221236319 1
601 772 0 0.0360049242 -0.00173821367 0 0.0360468577 0.219136948 1
605 772 0 0.0358263965 -0.00186547139 0 0.0358749309 0.216853277 1
609 772 0 0.0356356279 -0.00198531722 0 0.0356908877 0.214389655 1
613 772 0 0.0354333718 -0.00209737525 0 0.0354953915 0.211750838 1
617 772 0 0.0352204158 -0.00220132033 0 0.0352891414 0.208941988 1
621 772 0 0.0349975776 -0.00229687937 0 0.0350728683 0.20596867 1
625 772 0 0.0347656991 -0.0023838322 0 0.0348473312 0.202836854 1
629 772 0 0.0345256415 -0.00246201196 0 0.0346133128 0.199552908 1
633 772 0 0.0342782798 -0.00253130504 0 0.0343716157 0.19612359 1
637 772 0 0.0340244975 -0.00259165057 0 0.0341230579 0.192556038 1
641 772 0 0.0337651819 -0.00264303946 0 0.0338684686 0.188857755 1
645 772 0 0.0335012184 -0.00268551309 0 0.0336086836 0.185036599 1
649 772 0 0.033233486 -0.00271916152 0 0.0333445412 0.181100755 1
653 772 0 0.0329628523 -0.00274412142 0 0.0330768777 0.177058718 1
657 772 0 0.0326901695 -0.00276057367 0 0.032806523 0.172919267 1
661 772 0 0.0324162694 -0.00276874059 0 0.0325342965 0.168691436 1
665 772 0 0.0321419602 -0.00276888301 0 0.032261003 0.164384482 1
669 772 0 0.0318680221 -0.00276129708 0 0.0319874287 0.160007852 1
673 772 0 0.0315952047 -0.00274631088 0 0.0317143372 0.155571146 1
677 772 0 0.0313242236 -0.00272428092 0 0.0314424663 0.151084079 1
681 772 0 0.0310557576 -0.00269558852 0 0.0311725244 0.146556443 1
685 772 0 0.030790447 -0.00266063616 0 0.0309051875 0.14199806 1
689 772 0 0.0305288911 -0.00261984378 0 0.0306410961 0.137418745 1
693 772 0 0.0302716469 -0.00257364507 0 0.0303808535 0.132828261 1
697 772 0 0.0300192281 -0.00252248387 0 0.0301250225 0.128236273 1
701 772 0 0.0297721039 -0.00246681061 0 0.0298741246 0.123652308 1
705 772 0 0.0295306987 -0.00240707888 0 0.029628638 0.11908571 1
709 772 0 0.029295392 -0.00234374211 0 0.0293889966 0.114545598 1
713 772 0 0.0290665187 -0.00227725046 0 0.0291555891 0.110040829 1
717 772 0 0.028844369 -0.00220804786 0 0.0289287591 0.105579955 1
721 772 0 0.02862919 -0.00213656931 0 0.0287088044 0.101171189 1
725 772 0 0.028421186 -0.00206323832 0 0.0284959781 0.0968223705 1
729 772 0 0.02822052 -0.00198846463 0 0.0282904885 0.0925409346 1
733 772 0 0.0280273152 -0.00191264223 0 0.0280925008 0.088333884 1
737 772 0 0.0278416568 -0.00183614748 0 0.0279021378 0.0842077638 1
741 772 0 0.0276635935 -0.00175933767 0 0.0277194819 0.0801686405 1
745 772 0 0.0274931397 -0.00168254964 0 0.0275445766 0.0762220842 1
749 772 0 0.0273302773 -0.00160609881 0 0.0273774288 0.0723731546 1
753 772 0 0.0271749583 -0.00153027835 0 0.0272180108 0.0686263911 1
757 772 0 0.0270271067 -0.00145535864 0 0.0270662625 0.0649858058 1
761 772 0 0.0268866208 -0.00138158689 0 0.0269220942 0.0614548813 1
765 772 0 0.0267533756 -0.00130918709 0 0.0267853892 0.0580365714 1
769 772 0 0.0266272251 -0.00123836001 0 0.0266560059 0.0547333057 1
773 772 0 0.0265080045 -0.00116928351 0 0.0265337809 0.0515469973 1
777 772 0 0.0263955326 -0.00110211295 0 0.0264185313 0.0484790543 1
781 772 0 0.0262896138 -0.0010369818 0 0.0263100575 0.0455303935 1
785 772 0 0.0261900404 -0.00097400231 0 0.0262081456 0.0427014574 1
789 772 0 0.0260965945 -0.000913266415 0 0.0261125698 0.0399922338 1
793 772 0 0.0260090502 -0.000854846631 0 0.0260230946 0.0374022769 1
797 772 0 0.0259271752 -0.000798797099 0 0.0259394775 0.0349307315 1
801 772 0 0.0258507328 -0.000745154685 0 0.0258614702 0.0325763576 1
805 772 0 0.0257794834 -0.000693940125 0 0.0257888216 0.0303375575 1
809 772 0 0.0257131862 -0.000645159217 0 0.0257212787 0.0282124029 1
813 772 0 0.0256516004 -0.000598804028 0 0.0256585886 0.0261986638 1
817 772 0 0.0255944866 -0.00055485412 0 0.0256005001 0.0242938371 1
821 772 0 0.025541608 -0.000513277764 0 0.0255467649 0.0224951757 1
825 772 0 0.0254927317 -0.000474033147 0 0.0254971386 0.0207997176 1
829 772 0 0.025447629 -0.00043706955 0 0.0254513821 0.0192043147 1
833 772 0 0.0254060769 -0.000402328497 0 0.0254092623 0.0177056608 1
837 772 0 0.0253678584 -0.000369744862 0 0.0253705528 0.0163003196 1
841 772 0 0.0253327633 -0.000339247922 0 0.0253350347 0.0149847506 1
845 772 0 0.0253005886 -0.000310762367 0 0.025302497 0.0137553351 1
849 772 0 0.025271139 -0.000284209243 0 0.0252727371 0.0126084002 1
853 772 0 0.025244227 -0.000259506839 0 0.0252455608 0.0115402418 1
857 772 0 0.0252196735 -0.000236571508 0 0.0252207831 0.0105471464 1
861 772 0 0.0251973078 -0.000215318423 0 0.0251982277 0.00962541032 1
253 776 0 0.0251794695 0.000188598039 0 0.0251801758 0.00887129004 1
257 776 0 0.0251998132 0.000207213678 0 0.0252006651 0.00972855883 1
261 776 0 0.0252221468 0.000227302802 0 0.025223171 0.0106532141 1
265 776 0 0.0252466257 0.00024893971 0 0.025247853 0.0116488811 1
269 776 0 0.0252734128 0.000272197669 0 0.0252748786 0.0127192124 1
273 776 0 0.0253026787 0.00029714825 0 0.0253044234 0.0138678708 1
277 776 0 0.0253346009 0.000323860609 0 0.0253366708 0.0150985092 1
281 776 0 0.0253693641 0.000352400711 0 0.0253718115 0.0164147503 1
285 776 0 0.0254071595 0.000382830501 0 0.0254100436 0.0178201644 1
289 776 0 0.0254481846 0.000415207024 0 0.0254515715 0.0193182458 1
293 776 0 0.0254926421 0.0004495815 0 0.0254966061 0.0209123881 1
297 776 0 0.0255407399 0.000485998352 0 0.0255453634 0.0226058588 1
301 776 0 0.0255926902 0.000524494205 0 0.0255980641 0.0244017726 1
305 776 0 0.0256487081 0.000565096851 0 0.0256549325 0.026303064 1
309 776 0 0.0257090115 0.000607824191 0 0.0257161957 0.0283124598 1
313 776 0 0.0257738193 0.000652683175 0 0.0257820821 0.0304324506 1
317 776 0 0.0258433507 0.000699668723 0 0.0258528202 0.0326652629 1
321 776 0 0.0259178235 0.000748762672 0 0.0259286371 0.035012831 1
325 776 0 0.0259974531 0.000799932733 0 0.026009757 0.0374767692 1
329 776 0 0.0260824507 0.000853131481 0 0.0260963995 0.040058345 1
333 776 0 0.0261730218 0.000908295398 0 0.0261887776 0.0427584532 1
337 776 0 0.0262693646 0.000965343968 0 0.0262870958 0.0455775906 1
341 776 0 0.0263716681 0.00102417886 0 0.0263915483 0.0485158333 1
345 776 0 0.0264801101 0.00108468317 0 0.0265023163 0.0515728147 1
349 776 0 0.0265948555 0.00114672081 0 0.0266195663 0.0547477061 1
353 776 0 0.0267160542 0.00121013601 0 0.0267434475 0.0580391995 1
357 776 0 0.026843839 0.0012747529 0 0.0268740895 0.0614454926 1
361 776 0 0.0269783236 0.0013403753 0 0.0270116003 0.0649642773 1
365 776 0 0.0271196004 0.00140678666 0 0.0271560633 0.0685927299 1
369 776 0 0.0272677387 0.00147375017 0 0.0273075358 0.0723275059 1
373 776 0 0.027422782 0.00154100903 0 0.027466046 0.0761647367 1
377 776 0 0.0275847469 0.00160828697 0 0.0276315915 0.0801000305 1
381 776 0 0.0277536202 0.00167528894 0 0.0278041369 0.0841284763 1
385 776 0 0.0279293576 0.00174170201 0 0.027983612 0.0882446518 1
389 776 0 0.0281118817 0.0018071965 0 0.0281699104 0.0924426341 1
393 776 0 0.0283010804 0.00187142733 0 0.0283628876 0.0967160146 1
397 776 0 0.0284968054 0.0019340356 0 0.0285623601 0.101057917 1
401 776 0 0.0286988709 0.00199465036 0 0.0287681042 0.105461018 1
405 776 0 0.0289070521 0.00205289059 0 0.0289798554 0.109917574 1
409 776 0 0.029121085 0.00210836746 0 0.0291973082 0.114419444 1
413 776 0 0.0293406652 0.00216068665 0 0.0294201155 0.118958126 1
417 776 0 0.0295654473 0.00220945102 0 0.0296478894 0.123524783 1
421 776 0 0.0297950453 0.00225426327 0 0.0298802012 0.128110284 1
425 776 0 0.0300290324 0.00229472885 0 0.0301165829 0.132705238 1
429 776 0 0.0302669414 0.00233045902 0 0.0303565278 0.137300031 1
433 776 0 0.0305082657 0.00236107389 0 0.0305994926 0.14188487 1
437 776 0 0.03075246 0.00238620565 0 0.0308448987 0.146449821 1
441 776 0 0.0309989422 0.00240550176 0 0.031092135 0.15098485 1
445 776 0 0.0312470946 0.00241862822 0 0.0313405597 0.155479866 1
449 776 0 0.0314962663 0.00242527276 0 0.0315895036 0.159924763 1
453 776 0 0.0317457757 0.002425148 0 0.0318382728 0.164309459 1
457 776 0 0.0319949129 0.00241799458 0 0.032086152 0.168623937 1
461 776 0 0.0322429429 0.00240358401 0 0.0323324076 0.172858286 1
465 776 0 0.0324891089 0.00238172155 0 0.0325762919 0.177002737 1
469 776 0 0.0327326361 0.00235224879 0 0.0328170464 0.181047698 1
473 776 0 0.032972735 0.00231504602 0 0.0330539059 0.184983792 1
477 776 0 0.0332086063 0.00227003434 0 0.033286102 0.188801886 1
481 776 0 0.0334394445 0.00221717751 0 0.033512868 0.192493124 1
485 776 0 0.0336644426 0.0021564835 0 0.0337334422 0.196048953 1
489 776 0 0.033882797 0.00208800562 0 0.0339470721 0.199461148 1
493 776 0 0.0340937117 0.00201184338 0 0.0341530188 0.202721836 1
497 776 0 0.0342964034 0.00192814293 0 0.0343505607 0.20582352 1
501 776 0 0.0344901064 0.00183709713 0 0.0345389977 0.20875909 1
505 776 0 0.0346740769 0.00173894518 0 0.0347176545 0.211521846 1
509 776 0 0.0348475983 0.00163397187 0 0.034885885 0.21410551 1
513 776 0 0.0350099856 0.00152250645 0 0.0350430752 0.216504234 1
517 776 0 0.0351605898 0.00140492105 0 0.035188647 0.218712618 1
521 776 0 0.0352988022 0.00128162872 0 0.0353220612 0.220725709 1
525 776 0 0.0354240589 0.00115308108 0 0.0354428207 0.222539014 1
529 776 0 0.035535844 0.00101976564 0 0.035550473 0.224148505 1
533 776 0 0.0356336936 0.000882202725 0 0.0356446125 0.225550618 1
537 776 0 0.0357171988 0.000740942143 0 0.0357248833 0.226742262 1
541 776 0 0.0357860089 0.000596559503 0 0.0357909809 0.227720818 1
545 776 0 0.0358398331 0.000449652335 0 0.0358426537 0.228484143 1
549 776 0 0.0358784433 0.000300835963 0 0.0358797045 0.229030567 1
553 776 0 0.0359016754 0.000150739216 0 0.0359019919 0.229358899 1
557 776 0 0.0359094305 -0 0 0.0359094305 0.229468422 1
561 776 0 0.0359016754 -0.000150739216 0 0.0359019919 0.229358899 1
565 776 0 0.0358784433 -0.000300835963 0 0.0358797045 0.229030567 1
569 776 0 0.0358398331 -0.000449652335 0 0.0358426537 0.228484143 1
573 776 0 0.0357860089 -0.000596559503 0 0.0357909809 0.227720818 1
577 776 0 0.0357171988 -0.000740942143 0 0.0357248833 0.226742262 1
581 776 0 0.0356336936 -0.000882202725 0 0.0356446125 0.225550618 1
585 776 0 0.035535844 -0.00101976564 0 0.035550473 0.224148505 1
589 776 0 0.0354240589 -0.00115308108 0 0.0354428207 0.222539014 1
593 776 0 0.0352988022 -0.00128162872 0 0.0353220612 0.220725709 1
597 776 0 0.0351605898 -0.00140492105 0 0.035188647 0.218712618 1
601 776 0 0.0350099856 -0.00152250645 0 0.0350430752 0.216504234 1
605 776 0 0.0348475983 -0.00163397187 0 0.034885885 0.21410551 1
609 776 0 0.0346740769 -0.00173894518 0 0.0347176545 0.211521846 1
613 776 0 0.0344901064 -0.00183709713 0 0.0345389977 0.20875909 1
617 776 0 0.0342964034 -0.00192814293 0 0.0343505607 0.20582352 1
621 776 0 0.0340937117 -0.00201184338 0 0.0341530188 0.202721836 1
625 776 0 0.033882797 -0.00208800562 0 0.0339470721 0.199461148 1
629 776 0 0.0336644426 -0.0021564835 0 0.0337334422 0.196048953 1
633 776 0 0.0334394445 -0.00221717751 0 0.033512868 0.192493124 1
637 776 0 0.0332086063 -0.00227003434 0 0.033286102 0.188801886 1
641 776 0 0.032972735 -0.00231504602 0 0.0330539059 0.184983792 1
645 776 0 0.0327326361 -0.00235224879 0 0.0328170464 0.181047698 1
649 776 0 0.0324891089 -0.00238172155 0 0.0325762919 0.177002737 1
653 776 0 0.0322429429 -0.00240358401 0 0.0323324076 0.172858286 1
657 776 0 0.0319949129 -0.00241799458 0 0.032086152 0.168623937 1
661 776 0 0.0317457757 -0.002425148 0 0.0318382728 0.164309459 1
665 776 0 0.0314962663 -0.00242527276 0 0.0315895036 0.159924763 1
669 776 0 0.0312470946 -0.00241862822 0 0.0313405597 0.155479866 1
673 776 0 0.0309989422 -0.00240550176 0 0.031092135 0.15098485 1
677 776 0 0.03075246 -0.00238620565 0 0.0308448987 0.146449821 1
681 776 0 0.0305082657 -0.00236107389 0 0.0305994926 0.14188487 1
685 776 0 0.0302669414 -0.00233045902 0 0.0303565278 0.137300031 1
689 776 0 0.0300290324 -0.00229472885 0 0.0301165829 0.132705238 1
693 776 0 0.0297950453 -0.00225426327 0 0.0298802012 0.128110284 1
697 776 0 0.0295654473 -0.00220945102 0 0.0296478894 0.123524783 1
701 776 0 0.0293406652 -0.00216068665 0 0.0294201155 0.118958126 1
705 776 0 0.029121085 -0.00210836746 0 0.0291973082 0.114419444 1
709 776 0 0.0289070521 -0.00205289059 0 0.0289798554 0.109917574 1
713 776 0 0.0286988709 -0.00199465036 0 0.0287681042 0.105461018 1
717 776 0 0.0284968054 -0.0019340356 0 0.0285623601 0.101057917 1
721 776 0 0.0283010804 -0.00187142733 0 0.0283628876 0.0967160146 1
725 776 0 0.0281118817 -0.0018071965 0 0.0281699104 0.0924426341 1
729 776 0 0.0279293576 -0.00174170201 0 0.027983612 0.0882446518 1
733 776 0 0.0277536202 -0.00167528894 0 0.0278041369 0.0841284763 1
737 776 0 0.0275847469 -0.00160828697 0 0.0276315915 0.0801000305 1
741 776 0 0.027422782 -0.00154100903 0 0.027466046 0.0761647367 1
745 776 0 0.0272677387 -0.00147375017 0 0.0273075358 0.0723275059 1
749 776 0 0.0271196004 -0.00140678666 0 0.0271560633 0.0685927299 1
753 776 0 0.0269783236 -0.0013403753 0 0.0270116003 0.0649642773 1
757 776 0 0.026843839 -0.0012747529 0 0.0268740895 0.0614454926 1
761 776 0 0.0267160542 -0.00121013601 0 0.0267434475 0.0580391995 1
765 776 0 0.0265948555 -0.00114672081 0 0.0266195663 0.0547477061 1
769 776 0 0.0264801101 -0.00108468317 0 0.0265023163 0.0515728147 1
773 776 0 0.0263716681 -0.00102417886 0 0.0263915483 0.0485158333 1
777 776 0 0.0262693646 -0.000965343968 0 0.0262870958 0.0455775906 1
781 776 0 0.0261730218 -0.000908295398 0 0.0261887776 0.0427584532 1
785 776 0 0.0260824507 -0.000853131481 0 0.0260963995 0.040058345 1
789 776 0 0.0259974531 -0.000799932733 0 0.026009757 0.0374767692 1
793 776 0 0.0259178235 -0.000748762672 0 0.0259286371 0.035012831 1
797 776 0 0.0258433507 -0.000699668723 0 0.0258528202 0.0326652629 1
801 776 0 0.0257738193 -0.000652683175 0 0.0257820821 0.0304324506 1
805 776 0 0.0257090115 -0.000607824191 0 0.0257161957 0.0283124598 1
809 776 0 0.0256487081 -0.000565096851 0 0.0256549325 0.026303064 1
813 776 0 0.0255926902 -0.000524494205 0 0.0255980641 0.0244017726 1
817 776 0 0.0255407399 -0.000485998352 0 0.0255453634 0.0226058588 1
821 776 0 0.0254926421 -0.0004495815 0 0.0254966061 0.0209123881 1
825 776 0 0.0254481846 -0.000415207024 0 0.0254515715 0.0193182458 1
829 776 0 0.0254071595 -0.000382830501 0 0.0254100436 0.0178201644 1
833 776 0 0.0253693641 -0.000352400711 0 0.0253718115 0.0164147503 1
837 776 0 0.0253346009 -0.000323860609 0 0.0253366708 0.0150985092 1
841 776 0 0.0253026787 -0.00029714825 0 0.0253044234 0.0138678708 1
845 776 0 0.0252734128 -0.000272197669 0 0.0252748786 0.0127192124 1
849 776 0 0.0252466257 -0.00024893971 0 0.025247853 0.0116488811 1
853 776 0 0.0252221468 -0.000227302802 0 0.025223171 0.0106532141 1
857 776 0 0.0251998132 -0.000207213678 0 0.0252006651 0.00972855883 1
861 776 0 0.0251794695 -0.000188598039 0 0.0251801758 0.00887129004 1
253 780 0 0.0251622069 0.000164369669 0 0.0251627438 0.00812990989 1
257 780 0 0.0251805938 0.000180593838 0 0.0251812414 0.00892219557 1
261 780 0 0.0252007793 0.000198102199 0 0.0252015579 0.00977762683 1
265 780 0 0.0252229036 0.000216959508 0 0.0252238367 0.0106997079 1
269 780 0 0.0252471142 0.000237229618 0 0.0252482287 0.0116919841 1
273 780 0 0.025273565 0.000258974907 0 0.0252748918 0.0127580257 1
277 780 0 0.0253024168 0.000282255646 0 0.025303991 0.0139014106 1
281 780 0 0.0253338362 0.000307129325 0 0.0253356979 0.0151257059 1
285 780 0 0.0253679962 0.000333649932 0 0.0253701903 0.0164344476 1
289 780 0 0.0254050752 0.000361867184 0 0.0254076523 0.0178311191 1
293 780 0 0.0254452565 0.00039182572 0 0.0254482731 0.0193191283 1
297 780 0 0.025488728 0.000423564258 0 0.0254922471 0.0209017842 1
301 780 0 0.0255356813 0.000457114716 0 0.0255397724 0.0225822719 1
305 780 0 0.0255863111 0.000492501317 0 0.0255910506 0.0243636269 1
309 780 0 0.0256408141 0.000529739662 0 0.0256462857 0.0262487087 1
313 780 0 0.0256993883 0.000568835806 0 0.0257056829 0.0282401741 1
317 780 0 0.0257622317 0.000609785325 0 0.0257694474 0.0303404496 1
321 780 0 0.0258295412 0.000652572389 0 0.0258377833 0.0325517047 1
325 780 0 0.0259015114 0.000697168854 0 0.0259108923 0.0348758242 1
329 780 0 0.0259783334 0.000743533391 0 0.0259889717 0.0373143816 1
333 780 0 0.0260601928 0.000791610639 0 0.0260722131 0.0398686127 1
337 780 0 0.0261472688 0.000841330428 0 0.0261608008 0.0425393904 1
341 780 0 0.026239732 0.000892607053 0 0.0262549097 0.0453272001 1
345 780 0 0.0263377434 0.000945338638 0 0.0263547034 0.0482321172 1
349 780 0 0.0264414518 0.000999406579 0 0.0264603323 0.0512537854 1
353 780 0 0.0265509928 0.0010546751 0 0.0265719318 0.0543913972 1
357 780 0 0.0266664864 0.00111099094 0 0.0266896197 0.0576436768 1
361 780 0 0.0267880354 0.00116818312 0 0.0268134946 0.0610088646 1
365 780 0 0.0269157233 0.0012260629 0 0.0269436336 0.0644847051 1
369 780 0 0.0270496126 0.00128442389 0 0.0270800902 0.0680684368 1
373 780 0 0.0271897429 0.0013430423 0 0.0272228926 0.0717567851 1
377 780 0 0.0273361289 0.00140167734 0 0.0273720413 0.0755459588 1
381 780 0 0.0274887588 0.00146007186 0 0.0275275076 0.0794316487 1
385 780 0 0.0276475927 0.00151795313 0 0.0276892319 0.0834090308 1
389 780 0 0.0278125604 0.00157503382 0 0.027857122 0.0874727713 1
393 780 0 0.0279835607 0.0016310132 0 0.028031052 0.0916170361 1
397 780 0 0.0281604596 0.00168557846 0 0.0282108607 0.0958355031 1
401 780 0 0.028343089 0.0017384063 0 0.028396351 0.100121378 1
405 780 0 0.0285312461 0.00178916467 0 0.0285872893 0.104467412 1
409 780 0 0.0287246919 0.00183751466 0 0.0287834047 0.108865925 1
413 780 0 0.0289231513 0.00188311264 0 0.0289843888 0.11330883 1
417 780 0 0.0291263124 0.00192561246 0 0.0291898965 0.117787662 1
421 780 0 0.0293338262 0.00196466787 0 0.0293995456 0.122293604 1
425 780 0 0.0295453069 0.00199993502 0 0.0296129178 0.126817525 1
429 780 0 0.0297603322 0.00203107509 0 0.0298295599 0.131350009 1
433 780 0 0.0299784444 0.002057757 0 0.0300489848 0.135881397 1
437 780 0 0.0301991505 0.00207966019 0 0.0302706735 0.140401821 1
441 780 0 0.0304219243 0.00209647741 0 0.0304940764 0.144901244 1
445 780 0 0.0306462078 0.00210791757 0 0.030718616 0.149369501 1
449 780 0 0.0308714125 0.00211370851 0 0.0309436888 0.153796339 1
453 780 0 0.0310969225 0.00211359979 0 0.0311686684 0.15817146 1
457 780 0 0.031322096 0.00210736533 0 0.0313929082 0.162484557 1
461 780 0 0.0315462688 0.00209480602 0 0.0316157443 0.166725362 1
465 780 0 0.031768757 0.00207575214 0 0.031836499 0.170883681 1
469 780 0 0.0319888601 0.00205006562 0 0.0320544839 0.174949435 1
473 780 0 0.0322058647 0.00201764213 0 0.0322690038 0.1789127 1
477 780 0 0.0324190484 0.0019784129 0 0.0324793598 0.182763742 1
481 780 0 0.032627683 0.00193234636 0 0.0326848537 0.186493056 1
485 780 0 0.0328310394 0.00187944945 0 0.0328847909 0.190091395 1
489 780 0 0.033028391 0.00181976862 0 0.033078485 0.193549809 1
493 780 0 0.0332190185 0.00175339061 0 0.0332652607 0.19685967 1
497 780 0 0.033402214 0.0016804428 0 0.0334444583 0.200012704 1
501 780 0 0.0335772853 0.00160109326 0 0.0336154367 0.203001016 1
505 780 0 0.0337435603 0.00151555045 0 0.0337775777 0.205817118 1
509 780 0 0.0339003913 0.00142406261 0 0.0339302886 0.208453945 1
513 780 0 0.0340471591 0.00132691667 0 0.0340730062 0.210904884 1
517 780 0 0.0341832772 0.00122443696 0 0.0342051997 0.213163784 1
521 780 0 0.0343081954 0.00111698345 0 0.0343263736 0.215224981 1
525 780 0 0.0344214041 0.00100494977 0 0.034436071 0.217083307 1
529 780 0 0.0345224369 0.000888760781 0 0.0345338754 0.218734105 1
533 780 0 0.0346108747 0.000768869979 0 0.0346194138 0.220173241 1
537 780 0 0.0346863479 0.000645756529 0 0.0346923584 0.221397113 1
541 780 0 0.0347485394 0.000519922099 0 0.0347524288 0.222402661 1
545 780 0 0.0347971864 0.000391887456 0 0.0347993931 0.223187371 1
549 780 0 0.0348320828 0.000262188876 0 0.0348330696 0.223749281 1
553 780 0 0.0348530803 0.000131374405 0 0.0348533279 0.22408699 1
557 780 0 0.0348600895 -0 0 0.0348600895 0.224199653 1
561 780 0 0.0348530803 -0.000131374405 0 0.0348533279 0.22408699 1
565 780 0 0.0348320828 -0.000262188876 0 0.0348330696 0.223749281 1
569 780 0 0.0347971864 -0.000391887456 0 0.0347993931 0.223187371 1
573 780 0 0.0347485394 -0.000519922099 0 0.0347524288 0.222402661 1
577 780 0 0.0346863479 -0.000645756529 0 0.0346923584 0.221397113 1
581 780 0 0.0346108747 -0.000768869979 0 0.0346194138 0.220173241 1
585 780 0 0.0345224369 -0.000888760781 0 0.0345338754 0.218734105 1
589 780 0 0.0344214041 -0.00100494977 0 0.034436071 0.217083307 1
593 780 0 0.0343081954 -0.00111698345 0 0.0343263736 0.215224981 1
597 780 0 0.0341832772 -0.00122443696 0 0.0342051997 0.213163784 1
601 780 0 0.0340471591 -0.00132691667 0 0.0340730062 0.210904884 1
605 780 0 0.0339003913 -0.00142406261 0 0.0339302886 0.208453945 1
609 780 0 0.0337435603 -0.00151555045 0 0.0337775777 0.205817118 1
613 780 0 0.0335772853 -0.00160109326 0 0.0336154367 0.203001016 1
617 780 0 0.033402214 -0.0016804428 0 0.0334444583 0.200012704 1
621 780 0 0.0332190185 -0.00175339061 0 0.0332652607 0.19685967 1
625 780 0 0.033028391 -0.00181976862 0 0.033078485 0.193549809 1
629 780 0 0.0328310394 -0.00187944945 0 0.0328847909 0.190091395 1
633 780 0 0.032627683 -0.00193234636 0 0.0326848537 0.186493056 1
637 780 0 0.0324190484 -0.0019784129 0 0.0324793598 0.182763742 1
641 780 0 0.0322058647 -0.00201764213 0 0.0322690038 0.1789127 1
645 780 0 0.0319888601 -0.00205006562 0 0.0320544839 0.174949435 1
649 780 0 0.031768757 -0.00207575214 0 0.031836499 0.170883681 1
653 780 0 0.0315462688 -0.00209480602 0 0.0316157443 0.166725362 1
657 780 0 0.031322096 -0.00210736533 0 0.0313929082 0.162484557 1
661 780 0 0.0310969225 -0.00211359979 0 0.0311686684 0.15817146 1
665 780 0 0.0308714125 -0.00211370851 0 0.0309436888 0.153796339 1
669 780 0 0.0306462078 -0.00210791757 0 0.030718616 0.149369501 1
673 780 0 0.0304219243 -0.00209647741 0 0.0304940764 0.144901244 1
677 780 0 0.0301991505 -0.00207966019 0 0.0302706735 0.140401821 1
681 780 0 0.0299784444 -0.002057757 0 0.0300489848 0.135881397 1
685 780 0 0.0297603322 -0.00203107509 0 0.0298295599 0.131350009 1
689 780 0 0.0295453069 -0.00199993502 0 0.0296129178 0.126817525 1
693 780 0 0.0293338262 -0.00196466787 0 0.0293995456 0.122293604 1
697 780 0 0.0291263124 -0.00192561246 0 0.0291898965 0.117787662 1
701 780 0 0.0289231513 -0.00188311264 0 0.0289843888 0.11330883 1
705 780 0 0.0287246919 -0.00183751466 0 0.0287834047 0.108865925 1
709 780 0 0.0285312461 -0.00178916467 0 0.0285872893 0.104467412 1
713 780 0 0.028343089 -0.0017384063 0 0.028396351 0.100121378 1
717 780 0 0.0281604596 -0.00168557846 0 0.0282108607 0.0958355031 1
721 780 0 0.0279835607 -0.0016310132 0 0.028031052 0.0916170361 1
725 780 0 0.0278125604 -0.00157503382 0 0.027857122 0.0874727713 1
729 780 0 0.0276475927 -0.00151795313 0 0.0276892319 0.0834090308 1
733 780 0 0.0274887588 -0.00146007186 0 0.0275275076 0.0794316487 1
737 780 0 0.0273361289 -0.00140167734 0 0.0273720413 0.0755459588 1
741 780 0 0.0271897429 -0.0013430423 0 0.0272228926 0.0717567851 1
745 780 0 0.0270496126 -0.00128442389 0 0.0270800902 0.0680684368 1
749 780 0 0.0269157233 -0.0012260629 0 0.0269436336 0.0644847051 1
753 780 0 0.0267880354 -0.00116818312 0 0.0268134946 0.0610088646 1
757 780 0 0.0266664864 -0.00111099094 0 0.0266896197 0.0576436768 1
761 780 0 0.0265509928 -0.0010546751 0 0.0265719318 0.0543913972 1
765 780 0 0.0264414518 -0.000999406579 0 0.0264603323 0.0512537854 1
769 780 0 0.0263377434 -0.000945338638 0 0.0263547034 0.0482321172 1
773 780 0 0.026239732 -0.000892607053 0 0.0262549097 0.0453272001 1
777 780 0 0.0261472688 -0.000841330428 0 0.0261608008 0.0425393904 1
781 780 0 0.0260601928 -0.000791610639 0 0.0260722131 0.0398686127 1
785 780 0 0.0259783334 -0.000743533391 0 0.0259889717 0.0373143816 1
789 780 0 0.0259015114 -0.000697168854 0 0.0259108923 0.0348758242 1
793 780 0 0.0258295412 -0.000652572389 0 0.0258377833 0.0325517047 1
797 780 0 0.0257622317 -0.000609785325 0 0.0257694474 0.0303404496 1
801 780 0 0.0256993883 -0.000568835806 0 0.0257056829 0.0282401741 1
805 780 0 0.0256408141 -0.000529739662 0 0.0256462857 0.0262487087 1
809 780 0 0.0255863111 -0.000492501317 0 0.0255910506 0.0243636269 1
813 780 0 0.0255356813 -0.000457114716 0 0.0255397724 0.0225822719 1
817 780 0 0.025488728 -0.000423564258 0 0.0254922471 0.0209017842 1
821 780 0 0.0254452565 -0.00039182572 0 0.0254482731 0.0193191283 1
825 780 0 0.0254050752 -0.000361867184 0 0.0254076523 0.0178311191 1
829 780 0 0.0253679962 -0.000333649932 0 0.0253701903 0.0164344476 1
833 780 0 0.0253338362 -0.000307129325 0 0.0253356979 0.0151257059 1
837 780 0 0.0253024168 -0.000282255646 0 0.025303991 0.0139014106 1
841 780 0 0.025273565 -0.000258974907 0 0.0252748918 0.0127580257 1
845 780 0 0.0252471142 -0.000237229618 0 0.0252482287 0.0116919841 1
849 780 0 0.0252229036 -0.000216959508 0 0.0252238367 0.0106997079 1
853 780 0 0.0252007793 -0.000198102199 0 0.0252015579 0.00977762683 1
857 780 0 0.0251805938 -0.000180593838 0 0.0251812414 0.00892219557 1
861 780 0 0.0251622069 -0.000164369669 0 0.0251627438 0.00812990989 1
253 784 0 0.0251456875 0.000142539331 0 0.0251460915 0.00740809584 1
257 784 0 0.0251622019 0.000156608729 0 0.0251626893 0.00813573024 1
261 784 0 0.0251803316 0.000171791762 0 0.0251809176 0.00892209239 1
265 784 0 0.0252002028 0.000188144585 0 0.0252009051 0.00977053108 1
269 784 0 0.0252219477 0.000205722573 0 0.0252227867 0.0106844457 1
273 784 0 0.0252457048 0.000224579816 0 0.0252467037 0.0116672723 1
277 784 0 0.0252716182 0.000244768583 0 0.0252728035 0.012722468 1
281 784 0 0.0252998379 0.000266338728 0 0.0253012397 0.0138534945 1
285 784 0 0.025330519 0.000289337068 0 0.0253321714 0.0150637994 1
289 784 0 0.0253638218 0.000313806718 0 0.0253657629 0.016356797 1
293 784 0 0.0253999109 0.000339786388 0 0.0254021836 0.0177358474 1
297 784 0 0.0254389552 0.000367309653 0 0.0254416068 0.0192042347 1
301 784 0 0.0254811267 0.000396404193 0 0.0254842099 0.0207651438 1
305 784 0 0.0255266003 0.000427091012 0 0.0255301729 0.0224216365 1
309 784 0 0.0255755527 0.000459383642 0 0.025579678 0.0241766269 1
313 784 0 0.0256281616 0.000493287332 0 0.0256329085 0.0260328555 1
317 784 0 0.0256846049 0.000528798245 0 0.0256900478 0.0279928636 1
321 784 0 0.0257450595 0.000565902654 0 0.0257512783 0.0300589673 1
325 784 0 0.0258097002 0.000604576154 0 0.0258167801 0.0322332304 1
329 784 0 0.0258786985 0.000644782903 0 0.0258867298 0.0345174387 1
333 784 0 0.0259522212 0.000686474894 0 0.0259612988 0.0369130738 1
337 784 0 0.0260304292 0.000729591276 0 0.0260406519 0.0394212879 1
341 784 0 0.0261134759 0.000774057727 0 0.0261249457 0.0420428789 1
345 784 0 0.0262015056 0.000819785901 0 0.0262143271 0.0447782668 1
349 784 0 0.0262946522 0.000866672947 0 0.0263089312 0.0476274714 1
353 784 0 0.0263930374 0.000914601124 0 0.0264088796 0.0505900916 1
357 784 0 0.026496769 0.000963437516 0 0.0265142788 0.0536652857 1
361 784 0 0.0266059392 0.00101303386 0 0.0266252181 0.0568517547 1
365 784 0 0.0267206232 0.00106322649 0 0.026741768 0.060147727 1
369 784 0 0.0268408771 0.00111383641 0 0.026863978 0.0635509457 1
373 784 0 0.0269667363 0.00116466957 0 0.0269918751 0.0670586585 1
377 784 0 0.0270982141 0.00121551714 0 0.027125462 0.0706676102 1
381 784 0 0.0272353 0.00126615614 0 0.0272647156 0.0743740381 1
385 784 0 0.027377958 0.00131635006 0 0.0274095852 0.0781736701 1
389 784 0 0.0275261251 0.00136584973 0 0.0275599911 0.0820617267 1
393 784 0 0.0276797105 0.00141439435 0 0.0277158238 0.0860329251 1
397 784 0 0.0278385938 0.00146171266 0 0.0278769422 0.0900814869 1
401 784 0 0.028002624 0.00150752431 0 0.0280431735 0.0942011491 1
405 784 0 0.0281716188 0.00155154133 0 0.0282143117 0.0983851785 1
409 784 0 0.0283453638 0.00159346984 0 0.0283901179 0.102626388 1
413 784 0 0.0285236119 0.00163301184 0 0.0285703196 0.106917157 1
417 784 0 0.0287060827 0.00166986716 0 0.0287546108 0.111249456 1
421 784 0 0.028892463 0.00170373553 0 0.0289426525 0.11561487 1
425 784 0 0.0290824062 0.00173431876 0 0.029134073 0.120004629 1
429 784 0 0.029275533 0.00176132304 0 0.029328469 0.124409635 1
433 784 0 0.0294714323 0.00178446126 0 0.0295254064 0.128820503 1
437 784 0 0.0296696614 0.00180345543 0 0.0297244219 0.133227586 1
441 784 0 0.0298697476 0.00181803912 0 0.0299250245 0.137621021 1
445 784 0 0.0300711897 0.00182795988 0 0.0301266973 0.141990761 1
449 784 0 0.0302734593 0.00183298172 0 0.0303288998 0.146326615 1
453 784 0 0.030476003 0.00183288743 0 0.03053107 0.150618294 1
457 784 0 0.0306782445 0.00182748099 0 0.0307326272 0.154855445 1
461 784 0 0.0308795872 0.00181658971 0 0.0309329744 0.159027697 1
465 784 0 0.0310794169 0.00180006642 0 0.0311315016 0.1631247 1
469 784 0 0.0312771044 0.00177779139 0 0.0313275885 0.167136169 1
473 784 0 0.0314720089 0.00174967414 0 0.0315206077 0.171051923 1
477 784 0 0.0316634816 0.00171565504 0 0.0317099281 0.174861928 1
481 784 0 0.0318508686 0.00167570672 0 0.0318949185 0.178556333 1
485 784 0 0.0320335149 0.00162983517 0 0.0320749503 0.182125511 1
489 784 0 0.0322107679 0.0015780807 0 0.0322494017 0.185560096 1
493 784 0 0.0323819816 0.00152051852 0 0.0324176605 0.188851021 1
497 784 0 0.0325465202 0.00145725908 0 0.032579128 0.191989547 1
501 784 0 0.032703762 0.00138844814 0 0.0327332222 0.194967301 1
505 784 0 0.0328531033 0.00131426649 0 0.032879381 0.197776306 1
509 784 0 0.0329939624 0.00123492937 0 0.0330170654 0.200409006 1
513 784 0 0.0331257832 0.00115068562 0 0.0331457628 0.202858299 1
517 784 0 0.0332480388 0.00106181649 0 0.0332649897 0.205117559 1
521 784 0 0.0333602352 0.000968634148 0 0.0333742947 0.207180658 1
525 784 0 0.0334619145 0.000871479932 0 0.033473261 0.209041991 1
529 784 0 0.033552658 0.000770722288 0 0.0335615088 0.21069649 1
533 784 0 0.0336320892 0.000666754476 0 0.0336386977 0.212139645 1
537 784 0 0.0336998761 0.000559992025 0 0.0337045285 0.213367517 1
541 784 0 0.0337557339 0.000450869973 0 0.0337587448 0.214376752 1
545 784 0 0.0337994266 0.000339839924 0 0.033801135 0.215164591 1
549 784 0 0.0338307692 0.00022736693 0 0.0338315332 0.215728878 1
553 784 0 0.0338496282 0.000113926249 0 0.03384982 0.21606807 1
557 784 0 0.0338559235 -0 0 0.0338559235 0.216181237 1
561 784 0 0.0338496282 -0.000113926249 0 0.03384982 0.21606807 1
565 784 0 0.0338307692 -0.00022736693 0 0.0338315332 0.215728878 1
569 784 0 0.0337994266 -0.000339839924 0 0.033801135 0.215164591 1
573 784 0 0.0337557339 -0.000450869973 0 0.0337587448 0.214376752 1
577 784 0 0.0336998761 -0.000559992025 0 0.0337045285 0.213367517 1
581 784 0 0.0336320892 -0.000666754476 0 0.0336386977 0.212139645 1
585 784 0 0.033552658 -0.000770722288 0 0.0335615088 0.21069649 1
589 784 0 0.0334619145 -0.000871479932 0 0.033473261 0.209041991 1
593 784 0 0.0333602352 -0.000968634148 0 0.0333742947 0.207180658 1
597 784 0 0.0332480388 -0.00106181649 0 0.0332649897 0.205117559 1
601 784 0 0.0331257832 -0.00115068562 0 0.0331457628 0.202858299 1
605 784 0 0.0329939624 -0.00123492937 0 0.0330170654 0.200409006 1
609 784 0 0.0328531033 -0.00131426649 0 0.032879381 0.197776306 1
613 784 0 0.032703762 -0.00138844814 0 0.0327332222 0.194967301 1
617 784 0 0.0325465202 -0.00145725908 0 0.032579128 0.191989547 1
621 784 0 0.0323819816 -0.00152051852 0 0.0324176605 0.188851021 1
625 784 0 0.0322107679 -0.0015780807 0 0.0322494017 0.185560096 1
629 784 0 0.0320335149 -0.00162983517 0 0.0320749503 0.182125511 1
633 784 0 0.0318508686 -0.00167570672 0 0.0318949185 0.178556333 1
637 784 0 0.0316634816 -0.00171565504 0 0.0317099281 0.174861928 1
641 784 0 0.0314720089 -0.00174967414 0 0.0315206077 0.171051923 1
645 784 0 0.0312771044 -0.00177779139 0 0.0313275885 0.167136169 1
649 784 0 0.0310794169 -0.00180006642 0 0.0311315016 0.1631247 1
653 784 0 0.0308795872 -0.00181658971 0 0.0309329744 0.159027697 1
657 784 0 0.0306782445 -0.00182748099 0 0.0307326272 0.154855445 1
661 784 0 0.030476003 -0.00183288743 0 0.03053107 0.150618294 1
665 784 0 0.0302734593 -0.00183298172 0 0.0303288998 0.146326615 1
669 784 0 0.0300711897 -0.00182795988 0 0.0301266973 0.141990761 1
673 784 0 0.0298697476 -0.00181803912 0 0.0299250245 0.137621021 1
677 784 0 0.0296696614 -0.00180345543 0 0.0297244219 0.133227586 1
681 784 0 0.0294714323 -0.00178446126 0 0.0295254064 0.128820503 1
685 784 0 0.029275533 -0.00176132304 0 0.029328469 0.124409635 1
689 784 0 0.0290824062 -0.00173431876 0 0.029134073 0.120004629 1
693 784 0 0.028892463 -0.00170373553 0 0.0289426525 0.11561487 1
697 784 0 0.0287060827 -0.00166986716 0 0.0287546108 0.111249456 1
701 784 0 0.0285236119 -0.00163301184 0 0.0285703196 0.106917157 1
705 784 0 0.0283453638 -0.00159346984 0 0.0283901179 0.102626388 1
709 784 0 0.0281716188 -0.00155154133 0 0.0282143117 0.0983851785 1
713 784 0 0.028002624 -0.00150752431 0 0.0280431735 0.0942011491 1
717 784 0 0.0278385938 -0.00146171266 0 0.0278769422 0.0900814869 1
721 784 0 0.0276797105 -0.00141439435 0 0.0277158238 0.0860329251 1
725 784 0 0.0275261251 -0.00136584973 0 0.0275599911 0.0820617267 1
729 784 0 0.027377958 -0.00131635006 0 0.0274095852 0.0781736701 1
733 784 0 0.0272353 -0.00126615614 0 0.0272647156 0.0743740381 1
737 784 0 0.0270982141 -0.00121551714 0 0.027125462 0.0706676102 1
741 784 0 0.0269667363 -0.00116466957 0 0.0269918751 0.0670586585 1
745 784 0 0.0268408771 -0.00111383641 0 0.026863978 0.0635509457 1
749 784 0 0.0267206232 -0.00106322649 0 0.026741768 0.060147727 1
753 784 0 0.0266059392 -0.00101303386 0 0.0266252181 0.0568517547 1
757 784 0 0.026496769 -0.000963437516 0 0.0265142788 0.0536652857 1
761 784 0 0.0263930374 -0.000914601124 0 0.0264088796 0.0505900916 1
765 784 0 0.0262946522 -0.000866672947 0 0.0263089312 0.0476274714 1
769 784 0 0.0262015056 -0.000819785901 0 0.0262143271 0.0447782668 1
773 784 0 0.0261134759 -0.000774057727 0 0.0261249457 0.0420428789 1
777 784 0 0.0260304292 -0.000729591276 0 0.0260406519 0.0394212879 1
781 784 0 0.0259522212 -0.000686474894 0 0.0259612988 0.0369130738 1
785 784 0 0.0258786985 -0.000644782903 0 0.0258867298 0.0345174387 1
789 784 0 0.0258097002 -0.000604576154 0 0.0258167801 0.0322332304 1
793 784 0 0.0257450595 -0.000565902654 0 0.0257512783 0.0300589673 1
797 784 0 0.0256846049 -0.000528798245 0 0.0256900478 0.0279928636 1
801 784 0 0.0256281616 -0.000493287332 0 0.0256329085 0.0260328555 1
805 784 0 0.0255755527 -0.000459383642 0 0.025579678 0.0241766269 1
809 784 0 0.0255266003 -0.000427091012 0 0.0255301729 0.0224216365 1
813 784 0 0.0254811267 -0.000396404193 0 0.0254842099 0.0207651438 1
817 784 0 0.0254389552 -0.000367309653 0 0.0254416068 0.0192042347 1
821 784 0 0.0253999109 -0.000339786388 0 0.0254021836 0.0177358474 1
825 784 0 0.0253638218 -0.000313806718 0 0.0253657629 0.016356797 1
829 784 0 0.025330519 -0.000289337068 0 0.0253321714 0.0150637994 1
833 784 0 0.0252998379 -0.000266338728 0 0.0253012397 0.0138534945 1
837 784 0 0.0252716182 -0.000244768583 0 0.0252728035 0.012722468 1
841 784 0 0.0252457048 -0.000224579816 0 0.0252467037 0.0116672723 1
845 784 0 0.0252219477 -0.000205722573 0 0.0252227867 0.0106844457 1
849 784 0 0.0252002028 -0.000188144585 0 0.0252009051 0.00977053108 1
853 784 0 0.0251803316 -0.000171791762 0 0.0251809176 0.00892209239 1
857 784 0 0.0251622019 -0.000156608729 0 0.0251626893 0.00813573024 1
861 784 0 0.0251456875 -0.000142539331 0 0.0251460915 0.00740809584 1
253 788 0 0.0251300431 0.000122991835 0 0.025130344 0.00671185683 1
257 788 0 0.0251447841 0.00013513179 0 0.0251451472 0.00737594351 1
261 788 0 0.0251609669 0.000148232658 0 0.0251614036 0.00809424877 1
265 788 0 0.0251787043 0.000162342896 0 0.0251792276 0.00886993892 1
269 788 0 0.0251981142 0.000177510281 0 0.0251987394 0.00970623749 1
273 788 0 0.0252193201 0.000193781488 0 0.0252200646 0.0106064129 1
277 788 0 0.0252424508 0.000211201616 0 0.0252433344 0.0115737648 1
281 788 0 0.0252676402 0.000229813684 0 0.0252686852 0.0126116088 1
285 788 0 0.0252950266 0.000249658088 0 0.0252962586 0.0137232605 1
289 788 0 0.0253247532 0.00027077203 0 0.0253262007 0.0149120174 1
293 788 0 0.025356967 0.000293188911 0 0.025358662 0.0161811404 1
297 788 0 0.0253918186 0.000316937703 0 0.0253937965 0.0175338335 1
301 788 0 0.0254294616 0.000342042288 0 0.0254317618 0.0189732223 1
305 788 0 0.025470052 0.000368520792 0 0.0254727179 0.0205023325 1
309 788 0 0.0255137477 0.000396384889 0 0.0255168267 0.0221240663 1
313 788 0 0.0255607073 0.00042563911 0 0.0255642509 0.0238411785 1
317 788 0 0.0256110895 0.000456280143 0 0.0256151536 0.0256562522 1
321 788 0 0.0256650523 0.000488296144 0 0.0256696969 0.0275716739 1
325 788 0 0.0257227516 0.000521666054 0 0.0257280409 0.0295896081 1
329 788 0 0.0257843406 0.000556358948 0 0.0257903423 0.031711972 1
333 788 0 0.0258499682 0.000592333401 0 0.0258567538 0.0339404101 1
337 788 0 0.0259197779 0.000629536907 0 0.0259274219 0.0362762694 1
341 788 0 0.0259939068 0.000667905338 0 0.0260024861 0.0387205751 1
345 788 0 0.0260724835 0.000707362462 0 0.0260820773 0.0412740065 1
349 788 0 0.0261556277 0.000747819532 0 0.026166316 0.0439368743 1
353 788 0 0.0262434479 0.000789174956 0 0.026255311 0.0467090993 1
357 788 0 0.0263360404 0.000831314045 0 0.0263491576 0.049590192 1
361 788 0 0.0264334876 0.000874108865 0 0.0264479362 0.0525792339 1
365 788 0 0.0265358564 0.000917418198 0 0.0265517105 0.0556748612 1
369 788 0 0.0266431969 0.000961087605 0 0.0266605257 0.0588752497 1
373 788 0 0.0267555409 0.00100494962 0 0.0267744074 0.0621781023 1
377 788 0 0.0268729002 0.00104882409 0 0.0268933597 0.0655806394 1
381 788 0 0.0269952653 0.00109251858 0 0.0270173637 0.0690795909 1
385 788 0 0.0271226041 0.00113582902 0 0.0271463765 0.0726711919 1
389 788 0 0.0272548605 0.00117854043 0 0.0272803295 0.0763511804 1
393 788 0 0.0273919534 0.00122042776 0 0.0274191275 0.0801147982 1
397 788 0 0.0275337751 0.00126125695 0 0.0275626476 0.0839567952 1
401 788 0 0.0276801911 0.0013007861 0 0.0277107385 0.0878714365 1
405 788 0 0.0278310387 0.00133876674 0 0.0278632197 0.0918525117 1
409 788 0 0.0279861263 0.00137494527 0 0.0280198812 0.0958933492 1
413 788 0 0.0281452334 0.00140906458 0 0.0281804831 0.0999868313 1
417 788 0 0.0283081099 0.00144086565 0 0.0283447558 0.104125414 1
421 788 0 0.028474476 0.00147008939 0 0.0285123998 0.108301149 1
425 788 0 0.0286440224 0.00149647851 0 0.0286830867 0.112505708 1
429 788 0 0.0288164106 0.00151977949 0 0.0288564594 0.116730411 1
433 788 0 0.0289912734 0.00153974459 0 0.029032133 0.120966254 1
437 788 0 0.0291682159 0.00155613395 0 0.0292096966 0.125203944 1
441 788 0 0.0293468162 0.00156871767 0 0.0293887138 0.129433933 1
445 788 0 0.0295266267 0.00157727792 0 0.0295687249 0.133646451 1
449 788 0 0.0297071758 0.00158161107 0 0.0297492485 0.137831547 1
453 788 0 0.0298879696 0.00158152972 0 0.0299297839 0.141979127 1
457 788 0 0.0300684937 0.0015768647 0 0.0301098126 0.146078994 1
461 788 0 0.0302482155 0.00156746703 0 0.0302888015 0.150120889 1
465 788 0 0.0304265867 0.0015532097 0 0.0304662049 0.154094535 1
469 788 0 0.0306030458 0.00153398942 0 0.0306414675 0.157989676 1
473 788 0 0.0307770208 0.0015097281 0 0.0308140274 0.161796122 1
477 788 0 0.0309479324 0.00148037429 0 0.0309833186 0.16550379 1
481 788 0 0.0311151971 0.00144590438 0 0.0311487741 0.169102745 1
485 788 0 0.0312782301 0.00140632355 0 0.0313098295 0.172583245 1
489 788 0 0.0314364491 0.00136166656 0 0.0314659255 0.175935774 1
493 788 0 0.0315892773 0.00131199832 0 0.0316165111 0.179151092 1
497 788 0 0.0317361471 0.00125741412 0 0.0317610473 0.182220263 1
501 788 0 0.0318765037 0.00119803975 0 0.0318990092 0.185134699 1
505 788 0 0.0320098082 0.00113403119 0 0.0320298899 0.18788619 1
509 788 0 0.0321355413 0.00106557417 0 0.032153203 0.190466943 1
513 788 0 0.0322532067 0.000992883401 0 0.0322684855 0.192869606 1
517 788 0 0.032362334 0.000916201565 0 0.0323753006 0.195087308 1
521 788 0 0.0324624823 0.000835798023 0 0.03247324 0.197113677 1
525 788 0 0.032553243 0.000751967299 0 0.0325619269 0.198942871 1
529 788 0 0.0326342421 0.000665027313 0 0.0326410174 0.200569599 1
533 788 0 0.0327051437 0.000575317393 0 0.0327102035 0.201989142 1
537 788 0 0.0327656513 0.000483196084 0 0.032769214 0.203197375 1
541 788 0 0.0328155109 0.000389038765 0 0.0328178169 0.204190778 1
545 788 0 0.0328545118 0.000293235106 0 0.0328558203 0.204966452 1
549 788 0 0.0328824886 0.000196186384 0 0.0328830739 0.205522131 1
553 788 0 0.0328993225 9.83026806e-05 0 0.0328994694 0.20585619 1
557 788 0 0.0329049418 -0 0 0.0329049418 0.205967651 1
561 788 0 0.0328993225 -9.83026806e-05 0 0.0328994694 0.20585619 1
565 788 0 0.0328824886 -0.000196186384 0 0.0328830739 0.205522131 1
569 788 0 0.0328545118 -0.000293235106 0 0.0328558203 0.204966452 1
573 788 0 0.0328155109 -0.000389038765 0 0.0328178169 0.204190778 1
577 788 0 0.0327656513 -0.000483196084 0 0.032769214 0.203197375 1
581 788 0 0.0327051437 -0.000575317393 0 0.0327102035 0.201989142 1
585 788 0 0.0326342421 -0.000665027313 0 0.0326410174 0.200569599 1
589 788 0 0.032553243 -0.000751967299 0 0.0325619269 0.198942871 1
593 788 0 0.0324624823 -0.000835798023 0 0.03247324 0.197113677 1
597 788 0 0.032362334 -0.000916201565 0 0.0323753006 0.195087308 1
601 788 0 0.0322532067 -0.000992883401 0 0.0322684855 0.192869606 1
605 788 0 0.0321355413 -0.00106557417 0 0.032153203 0.190466943 1
609 788 0 0.0320098082 -0.00113403119 0 0.0320298899 0.18788619 1
613 788 0 0.0318765037 -0.00119803975 0 0.0318990092 0.185134699 1
617 788 0 0.0317361471 -0.00125741412 0 0.0317610473 0.182220263 1
621 788 0 0.0315892773 -0.00131199832 0 0.0316165111 0.179151092 1
625 788 0 0.0314364491 -0.00136166656 0 0.0314659255 0.175935774 1
629 788 0 0.0312782301 -0.00140632355 0 0.0313098295 0.172583245 1
633 788 0 0.0311151971 -0.00144590438 0 0.0311487741 0.169102745 1
637 788 0 0.0309479324 -0.00148037429 0 0.0309833186 0.16550379 1
641 788 0 0.0307770208 -0.0015097281 0 0.0308140274 0.161796122 1
645 788 0 0.0306030458 -0.00153398942 0 0.0306414675 0.157989676 1
649 788 0 0.0304265867 -0.0015532097 0 0.0304662049 0.154094535 1
653 788 0 0.0302482155 -0.00156746703 0 0.0302888015 0.150120889 1
657 788 0 0.0300684937 -0.0015768647 0 0.0301098126 0.146078994 1
661 788 0 0.0298879696 -0.00158152972 0 0.0299297839 0.141979127 1
665 788 0 0.0297071758 -0.00158161107 0 0.0297492485 0.137831547 1
669 788 0 0.0295266267 -0.00157727792 0 0.0295687249 0.133646451 1
673 788 0 0.0293468162 -0.00156871767 0 0.0293887138 0.129433933 1
677 788 0 0.0291682159 -0.00155613395 0 0.0292096966 0.125203944 1
681 788 0 0.0289912734 -0.00153974459 0 0.029032133 0.120966254 1
685 788 0 0.0288164106 -0.00151977949 0 0.0288564594 0.116730411 1
689 788 0 0.0286440224 -0.00149647851 0 0.0286830867 0.112505708 1
693 788 0 0.028474476 -0.00147008939 0 0.0285123998 0.108301149 1
697 788 0 0.0283081099 -0.00144086565 0 0.0283447558 0.104125414 1
701 788 0 0.0281452334 -0.00140906458 0 0.0281804831 0.0999868313 1
705 788 0 0.0279861263 -0.00137494527 0 0.0280198812 0.0958933492 1
709 788 0 0.0278310387 -0.00133876674 0 0.0278632197 0.0918525117 1
713 788 0 0.0276801911 -0.0013007861 0 0.0277107385 0.0878714365 1
717 788 0 0.0275337751 -0.00126125695 0 0.0275626476 0.0839567952 1
721 788 0 0.0273919534 -0.00122042776 0 0.0274191275 0.0801147982 1
725 788 0 0.0272548605 -0.00117854043 0 0.0272803295 0.0763511804 1
729 788 0 0.0271226041 -0.00113582902 0 0.0271463765 0.0726711919 1
733 788 0 0.0269952653 -0.00109251858 0 0.0270173637 0.0690795909 1
737 788 0 0.0268729002 -0.00104882409 0 0.0268933597 0.0655806394 1
741 788 0 0.0267555409 -0.00100494962 0 0.0267744074 0.0621781023 1
745 788 0 0.0266431969 -0.000961087605 0 0.0266605257 0.0588752497 1
749 788 0 0.0265358564 -0.000917418198 0 0.0265517105 0.0556748612 1
753 788 0 0.0264334876 -0.000874108865 0 0.0264479362 0.0525792339 1
757 788 0 0.0263360404 -0.000831314045 0 0.0263491576 0.049590192 1
761 788 0 0.0262434479 -0.000789174956 0 0.026255311 0.0467090993 1
765 788 0 0.0261556277 -0.000747819532 0 0.026166316 0.0439368743 1
769 788 0 0.0260724835 -0.000707362462 0 0.0260820773 0.0412740065 1
773 788 0 0.0259939068 -0.000667905338 0 0.0260024861 0.0387205751 1
777 788 0 0.0259197779 -0.000629536907 0 0.0259274219 0.0362762694 1
781 788 0 0.0258499682 -0.000592333401 0 0.0258567538 0.0339404101 1
785 788 0 0.0257843406 -0.000556358948 0 0.0257903423 0.031711972 1
789 788 0 0.0257227516 -0.000521666054 0 0.0257280409 0.0295896081 1
793 788 0 0.0256650523 -0.000488296144 0 0.0256696969 0.0275716739 1
797 788 0 0.0256110895 -0.000456280143 0 0.0256151536 0.0256562522 1
801 788 0 0.0255607073 -0.00042563911 0 0.0255642509 0.0238411785 1
805 788 0 0.0255137477 -0.000396384889 0 0.0255168267 0.0221240663 1
809 788 0 0.025470052 -0.000368520792 0 0.0254727179 0.0205023325 1
813 788 0 0.0254294616 -0.000342042288 0 0.0254317618 0.0189732223 1
817 788 0 0.0253918186 -0.000316937703 0 0.0253937965 0.0175338335 1
821 788 0 0.025356967 -0.000293188911 0 0.025358662 0.0161811404 1
825 788 0 0.0253247532 -0.00027077203 0 0.0253262007 0.0149120174 1
829 788 0 0.0252950266 -0.000249658088 0 0.0252962586 0.0137232605 1
833 788 0 0.0252676402 -0.000229813684 0 0.0252686852 0.0126116088 1
837 788 0 0.0252424508 -0.000211201616 0 0.0252433344 0.0115737648 1
841 788 0 0.0252193201 -0.000193781488 0 0.0252200646 0.0106064129 1
845 788 0 0.0251981142 -0.000177510281 0 0.0251987394 0.00970623749 1
849 788 0 0.0251787043 -0.000162342896 0 0.0251792276 0.00886993892 1
853 788 0 0.0251609669 -0.000148232658 0 0.0251614036 0.00809424877 1
857 788 0 0.0251447841 -0.00013513179 0 0.0251451472 0.00737594351 1
861 788 0 0.0251300431 -0.000122991835 0 0.025130344 0.00671185683 1
253 792 0 0.0251153713 0.000105595734 0 0.0251155933 0.0060463005 1
257 792 0 0.0251284492 0.0001160186 0 0.025128717 0.00664862541 1
261 792 0 0.0251428062 0.000127266467 0 0.0251431283 0.00730064656 1
265 792 0 0.0251585424 0.000139380937 0 0.0251589285 0.00800532812 1
269 792 0 0.0251757624 0.00015240303 0 0.0251762237 0.00876569539 1
273 792 0 0.0251945759 0.00016637282 0 0.0251951252 0.00958482398 1
277 792 0 0.0252150969 0.000181329026 0 0.0252157489 0.0104658277 1
281 792 0 0.0252374443 0.000197308583 0 0.0252382156 0.0114118454 1
285 792 0 0.025261741 0.000214346172 0 0.0252626503 0.0124260257 1
289 792 0 0.0252881138 0.000232473735 0 0.0252891823 0.0135115121 1
293 792 0 0.0253166931 0.000251719947 0 0.0253179445 0.0146714249 1
297 792 0 0.0253476126 0.000272109683 0 0.0253490732 0.0159088436 1
301 792 0 0.0253810087 0.000293663449 0 0.0253827075 0.0172267872 1
305 792 0 0.0254170196 0.000316396804 0 0.0254189888 0.0186281936 1
309 792 0 0.0254557854 0.000340319772 0 0.0254580602 0.020115899 1
313 792 0 0.0254974469 0.000365436243 0 0.0255000655 0.0216926147 1
317 792 0 0.0255421448 0.000391743375 0 0.0255451488 0.023360905 1
321 792 0 0.0255900194 0.000419230997 0 0.0255934532 0.0251231633 1
325 792 0 0.025641209 0.000447881031 0 0.0256451203 0.0269815885 1
329 792 0 0.0256958494 0.000477666923 0 0.0257002887 0.0289381606 1
333 792 0 0.0257540727 0.00050855311 0 0.0257590933 0.0309946165 1
337 792 0 0.0258160063 0.000540494511 0 0.0258216637 0.0331524261 1
341 792 0 0.0258817717 0.000573436068 0 0.0258881235 0.0354127682 1
345 792 0 0.0259514833 0.000607312333 0 0.0259585884 0.0377765072 1
349 792 0 0.0260252469 0.00064204711 0 0.0260331654 0.0402441709 1
353 792 0 0.0261031591 0.000677553177 0 0.0261119511 0.042815928 1
357 792 0 0.026185305 0.000713732067 0 0.0261950303 0.0454915684 1
361 792 0 0.026271758 0.000750473941 0 0.0262824747 0.0482704833 1
365 792 0 0.0263625772 0.000787657553 0 0.0263743414 0.0511516478 1
369 792 0 0.0264578074 0.000825150311 0 0.0264706714 0.0541336051 1
373 792 0 0.0265574764 0.000862808437 0 0.0265714883 0.0572144523 1
377 792 0 0.0266615949 0.000900477247 0 0.0266767971 0.0603918287 1
381 792 0 0.0267701545 0.00093799154 0 0.0267865825 0.0636629062 1
385 792 0 0.0268831266 0.000975176108 0 0.0269008079 0.0670243822 1
389 792 0 0.0270004616 0.00101184637 0 0.0270194145 0.0704724751 1
393 792 0 0.0271220873 0.0010478091 0 0.0271423197 0.0740029226 1
397 792 0 0.0272479083 0.00108286337 0 0.027269417 0.0776109827 1
401 792 0 0.0273778053 0.00111680148 0 0.0274005743 0.0812914374 1
405 792 0 0.0275116339 0.00114941009 0 0.0275356341 0.0850386 1
409 792 0 0.0276492242 0.00118047149 0 0.0276744125 0.0888463246 1
413 792 0 0.0277903804 0.00120976493 0 0.0278166996 0.092708019 1
417 792 0 0.0279348808 0.00123706802 0 0.0279622585 0.0966166603 1
421 792 0 0.028082477 0.00126215832 0 0.0281108263 0.100564814 1
425 792 0 0.0282328947 0.00128481494 0 0.0282621141 0.104544654 1
429 792 0 0.0283858337 0.0013048202 0 0.0284158074 0.108547991 1
433 792 0 0.0285409681 0.00132196142 0 0.028571567 0.112566292 1
437 792 0 0.0286979475 0.00133603265 0 0.0287290302 0.116590718 1
441 792 0 0.0288563976 0.00134683651 0 0.0288878115 0.120612149 1
445 792 0 0.0290159215 0.00135418599 0 0.0290475045 0.124621221 1
449 792 0 0.0291761006 0.00135790625 0 0.0292076831 0.128608361 1
453 792 0 0.0293364968 0.00135783641 0 0.0293679036 0.132563825 1
457 792 0 0.0294966537 0.00135383121 0 0.0295277063 0.136477737 1
461 792 0 0.0296560988 0.00134576276 0 0.0296866178 0.140340126 1
465 792 0 0.0298143458 0.00133352201 0 0.0298441534 0.144140971 1
469 792 0 0.0299708963 0.00131702026 0 0.0299998194 0.147870243 1
473 792 0 0.030125243 0.00129619048 0 0.0301531155 0.151517944 1
477 792 0 0.030276872 0.00127098852 0 0.0303035375 0.155074154 1
481 792 0 0.0304252654 0.00124139407 0 0.0304505802 0.158529069 1
485 792 0 0.0305699047 0.00120741159 0 0.0305937398 0.161873048 1
489 792 0 0.030710273 0.00116907094 0 0.0307325168 0.165096653 1
493 792 0 0.0308458587 0.00112642782 0 0.0308664192 0.16819069 1
497 792 0 0.0309761583 0.00107956408 0 0.0309949648 0.171146249 1
501 792 0 0.0311006795 0.00102858768 0 0.031117684 0.173954746 1
505 792 0 0.0312189443 0.000973632563 0 0.031234123 0.176607957 1
509 792 0 0.0313304919 0.000914858179 0 0.0313438461 0.179098055 1
513 792 0 0.0314348819 0.000852448874 0 0.0314464381 0.18141765 1
517 792 0 0.0315316972 0.000786613002 0 0.0315415074 0.183559812 1
521 792 0 0.0316205466 0.000717581826 0 0.0316286878 0.18551811 1
525 792 0 0.0317010674 0.000645608213 0 0.0317076408 0.187286635 1
529 792 0 0.031772928 0.000570965114 0 0.0317780578 0.188860031 1
533 792 0 0.0318358303 0.000493943865 0 0.0318396619 0.190233512 1
537 792 0 0.0318895113 0.000414852295 0 0.0318922096 0.191402889 1
541 792 0 0.0319337456 0.000334012692 0 0.0319354924 0.192364586 1
545 792 0 0.0319683463 0.000251759608 0 0.0319693376 0.193115654 1
549 792 0 0.0319931667 0.000168437564 0 0.0319936101 0.193653787 1
553 792 0 0.0320081014 8.43986407e-05 0 0.0320082127 0.193977331 1
557 792 0 0.0320130867 -0 0 0.0320130867 0.19408529 1
561 792 0 0.0320081014 -8.43986407e-05 0 0.0320082127 0.193977331 1
565 792 0 0.0319931667 -0.000168437564 0 0.0319936101 0.193653787 1
569 792 0 0.0319683463 -0.000251759608 0 0.0319693376 0.193115654 1
573 792 0 0.0319337456 -0.000334012692 0 0.0319354924 0.192364586 1
577 792 0 0.0318895113 -0.000414852295 0 0.0318922096 0.191402889 1
581 792 0 0.0318358303 -0.000493943865 0 0.0318396619 0.190233512 1
585 792 0 0.031772928 -0.000570965114 0 0.0317780578 0.188860031 1
589 792 0 0.0317010674 -0.000645608213 0 0.0317076408 0.187286635 1
593 792 0 0.0316205466 -0.000717581826 0 0.0316286878 0.18551811 1
597 792 0 0.0315316972 -0.000786613002 0 0.0315415074 0.183559812 1
601 792 0 0.0314348819 -0.000852448874 0 0.0314464381 0.18141765 1
605 792 0 0.0313304919 -0.000914858179 0 0.0313438461 0.179098055 1
609 792 0 0.0312189443 -0.000973632563 0 0.031234123 0.176607957 1
613 792 0 0.0311006795 -0.00102858768 0 0.031117684 0.173954746 1
617 792 0 0.0309761583 -0.00107956408 0 0.0309949648 0.171146249 1
621 792 0 0.0308458587 -0.00112642782 0 0.0308664192 0.16819069 1
625 792 0 0.030710273 -0.00116907094 0 0.0307325168 0.165096653 1
629 792 0 0.0305699047 -0.00120741159 0 0.0305937398 0.161873048 1
633 792 0 0.0304252654 -0.00124139407 0 0.0304505802 0.158529069 1
637 792 0 0.030276872 -0.00127098852 0 0.0303035375 0.155074154 1
641 792 0 0.030125243 -0.00129619048 0 0.0301531155 0.151517944 1
645 792 0 0.0299708963 -0.00131702026 0 0.0299998194 0.147870243 1
649 792 0 0.0298143458 -0.00133352201 0 0.0298441534 0.144140971 1
653 792 0 0.0296560988 -0.00134576276 0 0.0296866178 0.140340126 1
657 792 0 0.0294966537 -0.00135383121 0 0.0295277063 0.136477737 1
661 792 0 0.0293364968 -0.00135783641 0 0.0293679036 0.132563825 1
665 792 0 0.0291761006 -0.00135790625 0 0.0292076831 0.128608361 1
669 792 0 0.0290159215 -0.00135418599 0 0.0290475045 0.124621221 1
673 792 0 0.0288563976 -0.00134683651 0 0.0288878115 0.120612149 1
677 792 0 0.0286979475 -0.00133603265 0 0.0287290302 0.116590718 1
681 792 0 0.0285409681 -0.00132196142 0 0.028571567 0.112566292 1
685 792 0 0.0283858337 -0.0013048202 0 0.0284158074 0.108547991 1
689 792 0 0.0282328947 -0.00128481494 0 0.0282621141 0.104544654 1
693 792 0 0.028082477 -0.00126215832 0 0.0281108263 0.100564814 1
697 792 0 0.0279348808 -0.00123706802 0 0.0279622585 0.0966166603 1
701 792 0 0.0277903804 -0.00120976493 0 0.0278166996 0.092708019 1
705 792 0 0.0276492242 -0.00118047149 0 0.0276744125 0.0888463246 1
709 792 0 0.0275116339 -0.00114941009 0 0.0275356341 0.0850386 1
713 792 0 0.0273778053 -0.00111680148 0 0.0274005743 0.0812914374 1
717 792 0 0.0272479083 -0.00108286337 0 0.027269417 0.0776109827 1
721 792 0 0.0271220873 -0.0010478091 0 0.0271423197 0.0740029226 1
725 792 0 0.0270004616 -0.00101184637 0 0.0270194145 0.0704724751 1
729 792 0 0.0268831266 -0.000975176108 0 0.0269008079 0.0670243822 1
733 792 0 0.0267701545 -0.00093799154 0 0.0267865825 0.0636629062 1
737 792 0 0.0266615949 -0.000900477247 0 0.0266767971 0.0603918287 1
741 792 0 0.0265574764 -0.000862808437 0 0.0265714883 0.0572144523 1
745 792 0 0.0264578074 -0.000825150311 0 0.0264706714 0.0541336051 1
749 792 0 0.0263625772 -0.000787657553 0 0.0263743414 0.0511516478 1
753 792 0 0.026271758 -0.000750473941 0 0.0262824747 0.0482704833 1
757 792 0 0.026185305 -0.000713732067 0 0.0261950303 0.0454915684 1
761 792 0 0.0261031591 -0.000677553177 0 0.0261119511 0.042815928 1
765 792 0 0.0260252469 -0.00064204711 0 0.0260331654 0.0402441709 1
769 792 0 0.0259514833 -0.000607312333 0 0.0259585884 0.0377765072 1
773 792 0 0.0258817717 -0.000573436068 0 0.0258881235 0.0354127682 1
777 792 0 0.0258160063 -0.000540494511 0 0.0258216637 0.0331524261 1
781 792 0 0.0257540727 -0.00050855311 0 0.0257590933 0.0309946165 1
785 792 0 0.0256958494 -0.000477666923 0 0.0257002887 0.0289381606 1
789 792 0 0.025641209 -0.000447881031 0 0.0256451203 0.0269815885 1
793 792 0 0.0255900194 -0.000419230997 0 0.0255934532 0.0251231633 1
797 792 0 0.0255421448 -0.000391743375 0 0.0255451488 0.023360905 1
801 792 0 0.0254974469 -0.000365436243 0 0.0255000655 0.0216926147 1
805 792 0 0.0254557854 -0.000340319772 0 0.0254580602 0.020115899 1
809 792 0 0.0254170196 -0.000316396804 0 0.0254189888 0.0186281936 1
813 792 0 0.0253810087 -0.000293663449 0 0.0253827075 0.0172267872 1
817 792 0 0.0253476126 -0.000272109683 0 0.0253490732 0.0159088436 1
821 792 0 0.0253166931 -0.000251719947 0 0.0253179445 0.0146714249 1
825 792 0 0.0252881138 -0.000232473735 0 0.0252891823 0.0135115121 1
829 792 0 0.025261741 -0.000214346172 0 0.0252626503 0.0124260257 1
833 792 0 0.0252374443 -0.000197308583 0 0.0252382156 0.0114118454 1
837 792 0 0.0252150969 -0.000181329026 0 0.0252157489 0.0104658277 1
841 792 0 0.0251945759 -0.00016637282 0 0.0251951252 0.00958482398 1
845 792 0 0.0251757624 -0.00015240303 0 0.0251762237 0.00876569539 1
849 792 0 0.0251585424 -0.000139380937 0 0.0251589285 0.00800532812 1
853 792 0 0.0251428062 -0.000127266467 0 0.0251431283 0.00730064656 1
857 792 0 0.0251284492 -0.0001160186 0 0.025128717 0.00664862541 1
861 792 0 0.0251153713 -0.000105595734 0 0.0251155933 0.0060463005 1
253 796 0 0.0251017383 9.02079869e-05 0 0.0251019004 0.005415586 1
257 796 0 0.0251132709 9.91119997e-05 0 0.0251134664 0.00595851903 1
261 796 0 0.0251259314 0.000108720792 0 0.0251261666 0.00654668244 1
265 796 0 0.0251398081 0.000119069903 0 0.0251400901 0.00718282521 1
269 796 0 0.0251549933 0.000130194375 0 0.0251553302 0.00786975916 1
273 796 0 0.0251715836 0.000142128443 0 0.0251719849 0.00861034949 1
277 796 0 0.0251896798 0.000154905183 0 0.0251901561 0.00940750415 1
281 796 0 0.0252093865 0.000168556147 0 0.02520995 0.010264162 1
285 796 0 0.0252308121 0.000183110965 0 0.0252314766 0.0111832799 1
289 796 0 0.0252540686 0.000198596921 0 0.0252548494 0.0121678183 1
293 796 0 0.0252792708 0.000215038515 0 0.0252801854 0.0132207261 1
297 796 0 0.0253065367 0.000232456993 0 0.0253076043 0.0143449239 1
301 796 0 0.0253359864 0.000250869875 0 0.0253372284 0.0155432865 1
305 796 0 0.0253677421 0.000270290453 0 0.025369182 0.0168186243 1
309 796 0 0.0254019271 0.00029072729 0 0.0254035908 0.0181736636 1
313 796 0 0.0254386656 0.00031218371 0 0.0254405811 0.0196110265 1
317 796 0 0.0254780818 0.000334657282 0 0.0254802796 0.021133209 1
321 796 0 0.0255202993 0.00035813932 0 0.0255228121 0.0227425598 1
325 796 0 0.02556544 0.00038261438 0 0.0255683029 0.0244412579 1
329 796 0 0.0256136237 0.000408059777 0 0.025616874 0.0262312892 1
333 796 0 0.025664967 0.00043444513 0 0.0256686438 0.0281144245 1
337 796 0 0.0257195822 0.000461731929 0 0.0257237265 0.0300921958 1
341 796 0 0.0257775764 0.000489873137 0 0.0257822307 0.0321658737 1
345 796 0 0.0258390504 0.000518812844 0 0.0258442584 0.0343364449 1
349 796 0 0.0259040977 0.00054848596 0 0.0259099038 0.0366045901 1
353 796 0 0.0259728033 0.000578817969 0 0.0259792521 0.0389706627 1
357 796 0 0.0260452424 0.000609724756 0 0.0260523784 0.0414346684 1
361 796 0 0.0261214796 0.000641112487 0 0.026129346 0.0439962458 1
365 796 0 0.0262015671 0.000672877585 0 0.0262102057 0.0466546482 1
369 796 0 0.0262855443 0.000704906778 0 0.0262949944 0.0494087278 1
373 796 0 0.0263734359 0.000737077242 0 0.0263837337 0.0522569198 1
377 796 0 0.0264652511 0.000769256833 0 0.0264764286 0.0551972304 1
381 796 0 0.0265609826 0.000801304424 0 0.026573067 0.0582272254 1
385 796 0 0.0266606053 0.000833070339 0 0.0266736177 0.0613440216 1
389 796 0 0.0267640753 0.000864396889 0 0.0267780303 0.0645442805 1
393 796 0 0.026871329 0.000895119023 0 0.0268862336 0.0678242046 1
397 796 0 0.0269822823 0.000925065073 0 0.0269981352 0.0711795358 1
401 796 0 0.0270968299 0.000954057606 0 0.0271136205 0.0746055575 1
405 796 0 0.0272148445 0.000981914387 0 0.0272325525 0.0780970981 1
409 796 0 0.0273361763 0.00100844943 0 0.0273547711 0.0816485389 1
413 796 0 0.0274606527 0.00103347413 0 0.0274800931 0.0852538235 1
417 796 0 0.027588078 0.00105679853 0 0.0276083116 0.088906471 1
421 796 0 0.0277182334 0.00107823259 0 0.027739197 0.0925995913 1
425 796 0 0.0278508769 0.00109758761 0 0.0278724962 0.0963259042 1
429 796 0 0.0279857437 0.00111467764 0 0.0280079338 0.10007776 1
433 796 0 0.0281225465 0.00112932099 0 0.0281452125 0.103847165 1
437 796 0 0.0282609763 0.00114134171 0 0.0282840139 0.107625806 1
441 796 0 0.0284007031 0.0011505712 0 0.0284239995 0.11140508 1
445 796 0 0.0285413766 0.00115684969 0 0.0285648119 0.115176126 1
449 796 0 0.028682628 0.00116002783 0 0.0287060763 0.118929858 1
453 796 0 0.0288240709 0.00115996816 0 0.0288474017 0.122657002 1
457 796 0 0.0289653027 0.00115654662 0 0.0289883832 0.126348128 1
461 796 0 0.0291059069 0.00114965392 0 0.0291286031 0.129993696 1
465 796 0 0.0292454544 0.00113919693 0 0.0292676335 0.133584087 1
469 796 0 0.029383506 0.00112509987 0 0.0294050382 0.137109654 1
473 796 0 0.0295196142 0.00110730548 0 0.0295403749 0.140560755 1
477 796 0 0.0296533258 0.00108577602 0 0.0296731973 0.143927798 1
481 796 0 0.0297841842 0.00106049417 0 0.0298030582 0.147201286 1
485 796 0 0.029911732 0.00103146373 0 0.029929511 0.150371857 1
489 796 0 0.0300355136 0.000998710194 0 0.030052113 0.153430327 1
493 796 0 0.0301550777 0.000962281171 0 0.0301704275 0.156367731 1
497 796 0 0.0302699804 0.000922246562 0 0.0302840263 0.159175365 1
501 796 0 0.0303797874 0.000878698609 0 0.0303924924 0.161844827 1
505 796 0 0.0304840773 0.000831751724 0 0.0304954223 0.164368054 1
509 796 0 0.0305824438 0.00078154213 0 0.0305924284 0.166737361 1
513 796 0 0.0306744985 0.000728227308 0 0.0306831415 0.168945478 1
517 796 0 0.0307598736 0.000671985249 0 0.0307672128 0.17098558 1
521 796 0 0.030838224 0.000613013516 0 0.0308443162 0.172851324 1
525 796 0 0.0309092299 0.000551528127 0 0.0309141501 0.174536876 1
529 796 0 0.0309725991 0.000487762259 0 0.0309764395 0.176036938 1
533 796 0 0.0310280684 0.000421964791 0 0.0310309376 0.177346778 1
537 796 0 0.0310754062 0.000354398697 0 0.031077427 0.178462245 1
541 796 0 0.0311144135 0.000285339298 0 0.0311157219 0.179379795 1
545 796 0 0.0311449256 0.000215072396 0 0.0311456682 0.180096503 1
549 796 0 0.0311668131 0.000143892306 0 0.0311671453 0.180610082 1
553 796 0 0.031179983 7.20998019e-05 0 0.0311800664 0.180918888 1
557 796 0 0.0311843792 -0 0 0.0311843792 0.181021934 1
561 796 0 0.031179983 -7.20998019e-05 0 0.0311800664 0.180918888 1
565 796 0 0.0311668131 -0.000143892306 0 0.0311671453 0.180610082 1
569 796 0 0.0311449256 -0.000215072396 0 0.0311456682 0.180096503 1
573 796 0 0.0311144135 -0.000285339298 0 0.0311157219 0.179379795 1
577 796 0 0.0310754062 -0.000354398697 0 0.031077427 0.178462245 1
581 796 0 0.0310280684 -0.000421964791 0 0.0310309376 0.177346778 1
585 796 0 0.0309725991 -0.000487762259 0 0.0309764395 0.176036938 1
589 796 0 0.0309092299 -0.000551528127 0 0.0309141501 0.174536876 1
593 796 0 0.030838224 -0.000613013516 0 0.0308443162 0.172851324 1
597 796 0 0.0307598736 -0.000671985249 0 0.0307672128 0.17098558 1
601 796 0 0.0306744985 -0.000728227308 0 0.0306831415 0.168945478 1
605 796 0 0.0305824438 -0.00078154213 0 0.0305924284 0.166737361 1
609 796 0 0.0304840773 -0.000831751724 0 0.0304954223 0.164368054 1
613 796 0 0.0303797874 -0.000878698609 0 0.0303924924 0.161844827 1
617 796 0 0.0302699804 -0.000922246562 0 0.0302840263 0.159175365 1
621 796 0 0.0301550777 -0.000962281171 0 0.0301704275 0.156367731 1
625 796 0 0.0300355136 -0.000998710194 0 0.030052113 0.153430327 1
629 796 0 0.029911732 -0.00103146373 0 0.029929511 0.150371857 1
633 796 0 0.0297841842 -0.00106049417 0 0.0298030582 0.147201286 1
637 796 0 0.0296533258 -0.00108577602 0 0.0296731973 0.143927798 1
641 796 0 0.0295196142 -0.00110730548 0 0.0295403749 0.140560755 1
645 796 0 0.029383506 -0.00112509987 0 0.0294050382 0.137109654 1
649 796 0 0.0292454544 -0.00113919693 0 0.0292676335 0.133584087 1
653 796 0 0.0291059069 -0.00114965392 0 0.0291286031 0.129993696 1
657 796 0 0.0289653027 -0.00115654662 0 0.0289883832 0.126348128 1
661 796 0 0.0288240709 -0.00115996816 0 0.0288474017 0.122657002 1
665 796 0 0.028682628 -0.00116002783 0 0.0287060763 0.118929858 1
669 796 0 0.0285413766 -0.00115684969 0 0.0285648119 0.115176126 1
673 796 0 0.0284007031 -0.0011505712 0 0.0284239995 0.11140508 1
677 796 0 0.0282609763 -0.00114134171 0 0.0282840139 0.107625806 1
681 796 0 0.0281225465 -0.00112932099 0 0.0281452125 0.103847165 1
685 796 0 0.0279857437 -0.00111467764 0 0.0280079338 0.10007776 1
689 796 0 0.0278508769 -0.00109758761 0 0.0278724962 0.0963259042 1
693 796 0 0.0277182334 -0.00107823259 0 0.027739197 0.0925995913 1
697 796 0 0.027588078 -0.00105679853 0 0.0276083116 0.088906471 1
701 796 0 0.0274606527 -0.00103347413 0 0.0274800931 0.0852538235 1
705 796 0 0.0273361763 -0.00100844943 0 0.0273547711 0.0816485389 1
709 796 0 0.0272148445 -0.000981914387 0 0.0272325525 0.0780970981 1
713 796 0 0.0270968299 -0.000954057606 0 0.0271136205 0.0746055575 1
717 796 0 0.0269822823 -0.000925065073 0 0.0269981352 0.0711795358 1
721 796 0 0.026871329 -0.000895119023 0 0.0268862336 0.0678242046 1
725 796 0 0.0267640753 -0.000864396889 0 0.0267780303 0.0645442805 1
729 796 0 0.0266606053 -0.000833070339 0 0.0266736177 0.0613440216 1
733 796 0 0.0265609826 -0.000801304424 0 0.026573067 0.0582272254 1
737 796 0 0.0264652511 -0.000769256833 0 0.0264764286 0.0551972304 1
741 796 0 0.0263734359 -0.000737077242 0 0.0263837337 0.0522569198 1
745 796 0 0.0262855443 -0.000704906778 0 0.0262949944 0.0494087278 1
749 796 0 0.0262015671 -0.000672877585 0 0.0262102057 0.0466546482 1
753 796 0 0.0261214796 -0.000641112487 0 0.026129346 0.0439962458 1
757 796 0 0.0260452424 -0.000609724756 0 0.0260523784 0.0414346684 1
761 796 0 0.0259728033 -0.000578817969 0 0.0259792521 0.0389706627 1
765 796 0 0.0259040977 -0.00054848596 0 0.0259099038 0.0366045901 1
769 796 0 0.0258390504 -0.000518812844 0 0.0258442584 0.0343364449 1
773 796 0 0.0257775764 -0.000489873137 0 0.0257822307 0.0321658737 1
777 796 0 0.0257195822 -0.000461731929 0 0.0257237265 0.0300921958 1
781 796 0 0.025664967 -0.00043444513 0 0.0256686438 0.0281144245 1
785 796 0 0.0256136237 -0.000408059777 0 0.025616874 0.0262312892 1
789 796 0 0.02556544 -0.00038261438 0 0.0255683029 0.0244412579 1
793 796 0 0.0255202993 -0.00035813932 0 0.0255228121 0.0227425598 1
797 796 0 0.0254780818 -0.000334657282 0 0.0254802796 0.021133209 1
801 796 0 0.0254386656 -0.00031218371 0 0.0254405811 0.0196110265 1
805 796 0 0.0254019271 -0.00029072729 0 0.0254035908 0.0181736636 1
809 796 0 0.0253677421 -0.000270290453 0 0.025369182 0.0168186243 1
813 796 0 0.0253359864 -0.000250869875 0 0.0253372284 0.0155432865 1
817 796 0 0.0253065367 -0.000232456993 0 0.0253076043 0.0143449239 1
821 796 0 0.0252792708 -0.000215038515 0 0.0252801854 0.0132207261 1
825 796 0 0.0252540686 -0.000198596921 0 0.0252548494 0.0121678183 1
829 796 0 0.0252308121 -0.000183110965 0 0.0252314766 0.0111832799 1
833 796 0 0.0252093865 -0.000168556147 0 0.02520995 0.010264162 1
837 796 0 0.0251896798 -0.000154905183 0 0.0251901561 0.00940750415 1
841 796 0 0.0251715836 -0.000142128443 0 0.0251719849 0.00861034949 1
845 796 0 0.0251549933 -0.000130194375 0 0.0251553302 0.00786975916 1
849 796 0 0.0251398081 -0.000119069903 0 0.0251400901 0.00718282521 1
853 796 0 0.0251259314 -0.000108720792 0 0.0251261666 0.00654668244 1
857 796 0 0.0251132709 -9.91119997e-05 0 0.0251134664 0.00595851903 1
861 796 0 0.0251017383 -9.02079869e-05 0 0.0251019004 0.005415586 1
253 800 0 0.0250891817 7.66782404e-05 0 0.0250892989 0.00482291138 1
257 800 0 0.0250992909 8.42467945e-05 0 0.0250994323 0.0053093032 1
261 800 0 0.0251103888 9.24144227e-05 0 0.0251105589 0.00583657614 1
265 800 0 0.0251225529 0.000101211333 0 0.0251227567 0.006407257 1
269 800 0 0.0251358639 0.000110667314 0 0.0251361075 0.00702393528 1
273 800 0 0.0251504066 0.000120811463 0 0.0251506968 0.00768925495 1
277 800 0 0.0251662694 0.000131671898 0 0.0251666138 0.00840590521 1
281 800 0 0.0251835438 0.000143275437 0 0.0251839514 0.00917661006 1
285 800 0 0.0252023251 0.000155647266 0 0.0252028057 0.0100041168 1
289 800 0 0.0252227112 0.000168810579 0 0.0252232761 0.0108911833 1
293 800 0 0.0252448029 0.000182786197 0 0.0252454647 0.0118405645 1
297 800 0 0.0252687037 0.000197592185 0 0.0252694762 0.0128549971 1
301 800 0 0.0252945187 0.000213243431 0 0.0252954175 0.0139371843 1
305 800 0 0.025322355 0.000229751234 0 0.0253233973 0.0150897784 1
309 800 0 0.0253523209 0.000247122875 0 0.0253535253 0.0163153633 1
313 800 0 0.0253845251 0.000265361176 0 0.0253859121 0.0176164355 1
317 800 0 0.0254190765 0.000284464075 0 0.0254206682 0.0189953849 1
321 800 0 0.0254560834 0.000304424185 0 0.0254579037 0.0204544745 1
325 800 0 0.0254956529 0.000325228379 0 0.0254977271 0.0219958199 1
329 800 0 0.0255378897 0.000346857376 0 0.0255402451 0.0236213676 1
333 800 0 0.0255828962 0.000369285351 0 0.0255855614 0.0253328743 1
337 800 0 0.0256307707 0.000392479569 0 0.0256337755 0.0271318846 1
341 800 0 0.0256816072 0.000416400049 0 0.0256849827 0.0290197098 1
345 800 0 0.0257354941 0.000440999266 0 0.0257392722 0.0309974062 1
349 800 0 0.0257925132 0.000466221891 0 0.0257967265 0.0330657541 1
353 800 0 0.025852739 0.000492004587 0 0.0258574203 0.0352252373 1
357 800 0 0.0259162377 0.000518275853 0 0.0259214194 0.037476023 1
361 800 0 0.0259830655 0.000544955929 0 0.0259887797 0.0398179433 1
365 800 0 0.0260532686 0.000571956774 0 0.026059546 0.0422504767 1
369 800 0 0.0261268812 0.000599182104 0 0.026133751 0.0447727318 1
373 800 0 0.0262039252 0.000626527516 0 0.0262114141 0.0473834323 1
377 800 0 0.0262844085 0.000653880686 0 0.0262925406 0.0500809034 1
381 800 0 0.0263683248 0.000681121654 0 0.0263771203 0.0528630599 1
385 800 0 0.0264556519 0.000708123192 0 0.0264651272 0.0557273968 1
389 800 0 0.0265463515 0.000734751264 0 0.0265565178 0.0586709818 1
393 800 0 0.0266403679 0.000760865573 0 0.026651231 0.0616904497 1
397 800 0 0.0267376272 0.000786320196 0 0.0267491871 0.0647819996 1
401 800 0 0.0268380373 0.000810964316 0 0.0268502869 0.0679413948 1
405 800 0 0.0269414864 0.000834643029 0 0.0269544118 0.0711639648 1
409 800 0 0.0270478433 0.000857198239 0 0.027061423 0.0744446102 1
413 800 0 0.0271569567 0.000878469638 0 0.0271711613 0.0777778106 1
417 800 0 0.0272686551 0.000898295751 0 0.0272834471 0.0811576346 1
421 800 0 0.0273827466 0.000916515049 0 0.0273980804 0.0845777534 1
425 800 0 0.0274990191 0.000932967129 0 0.0275148411 0.0880314564 1
429 800 0 0.0276172405 0.000947493932 0 0.0276334891 0.0915116699 1
433 800 0 0.027737159 0.00095994101 0 0.0277537651 0.0950109786 1
437 800 0 0.0278585037 0.000970158819 0 0.0278753912 0.0985216492 1
441 800 0 0.0279809852 0.000978004032 0 0.0279980718 0.102035657 1
445 800 0 0.0281042967 0.000983340852 0 0.0281214945 0.105544715 1
449 800 0 0.0282281147 0.000986042319 0 0.0282453313 0.109040303 1
453 800 0 0.0283521006 0.000985991599 0 0.0283692401 0.112513703 1
457 800 0 0.0284759014 0.000983083232 0 0.028492866 0.115956033 1
461 800 0 0.0285991521 0.000977224331 0 0.028615843 0.119358282 1
465 800 0 0.0287214766 0.00096833572 0 0.0287377955 0.12271135 1
469 800 0 0.0288424897 0.000956352992 0 0.0288583406 0.126006088 1
473 800 0 0.0289617993 0.000941227472 0 0.0289770897 0.129233333 1
477 800 0 0.0290790081 0.000922927088 0 0.0290936506 0.132383956 1
481 800 0 0.0291937159 0.000901437107 0 0.0292076297 0.135448899 1
485 800 0 0.0293055216 0.000876760763 0 0.0293186341 0.138419214 1
489 800 0 0.0294140259 0.000848919734 0 0.0294262737 0.141286114 1
493 800 0 0.0295188333 0.000817954478 0 0.0295301637 0.144041003 1
497 800 0 0.0296195546 0.000783924417 0 0.0296299266 0.146675525 1
501 800 0 0.0297158092 0.000746907956 0 0.0297251945 0.149181601 1
505 800 0 0.0298072275 0.000707002348 0 0.0298156111 0.151551467 1
509 800 0 0.0298934535 0.000664323386 0 0.0299008342 0.153777716 1
513 800 0 0.0299741468 0.000619004929 0 0.0299805377 0.155853327 1
517 800 0 0.0300489847 0.000571198274 0 0.0300544132 0.157771707 1
521 800 0 0.0301176651 0.000521071352 0 0.0301221723 0.159526718 1
525 800 0 0.0301799074 0.000468807782 0 0.0301835484 0.161112712 1
529 800 0 0.0302354555 0.000414605768 0 0.030238298 0.162524556 1
533 800 0 0.0302840788 0.000358676862 0 0.0302862027 0.163757657 1
537 800 0 0.0303255741 0.000301244595 0 0.0303270703 0.164807989 1
541 800 0 0.0303597671 0.000242542994 0 0.0303607359 0.165672108 1
545 800 0 0.0303865133 0.000182814997 0 0.0303870632 0.166347174 1
549 800 0 0.0304056994 0.000122310775 0 0.0304059454 0.166830963 1
553 800 0 0.0304172439 6.12859917e-05 0 0.0304173056 0.167121877 1
557 800 0 0.0304210975 -0 0 0.0304210975 0.167218956 1
561 800 0 0.0304172439 -6.12859917e-05 0 0.0304173056 0.167121877 1
565 800 0 0.0304056994 -0.000122310775 0 0.0304059454 0.166830963 1
569 800 0 0.0303865133 -0.000182814997 0 0.0303870632 0.166347174 1
573 800 0 0.0303597671 -0.000242542994 0 0.0303607359 0.165672108 1
577 800 0 0.0303255741 -0.000301244595 0 0.0303270703 0.164807989 1
581 800 0 0.0302840788 -0.000358676862 0 0.0302862027 0.163757657 1
585 800 0 0.0302354555 -0.000414605768 0 0.030238298 0.162524556 1
589 800 0 0.0301799074 -0.000468807782 0 0.0301835484 0.161112712 1
593 800 0 0.0301176651 -0.000521071352 0 0.0301221723 0.159526718 1
597 800 0 0.0300489847 -0.000571198274 0 0.0300544132 0.157771707 1
601 800 0 0.0299741468 -0.000619004929 0 0.0299805377 0.155853327 1
605 800 0 0.0298934535 -0.000664323386 0 0.0299008342 0.153777716 1
609 800 0 0.0298072275 -0.000707002348 0 0.0298156111 0.151551467 1
613 800 0 0.0297158092 -0.000746907956 0 0.0297251945 0.149181601 1
617 800 0 0.0296195546 -0.000783924417 0 0.0296299266 0.146675525 1
621 800 0 0.0295188333 -0.000817954478 0 0.0295301637 0.144041003 1
625 800 0 0.0294140259 -0.000848919734 0 0.0294262737 0.141286114 1
629 800 0 0.0293055216 -0.000876760763 0 0.0293186341 0.138419214 1
633 800 0 0.0291937159 -0.000901437107 0 0.0292076297 0.135448899 1
637 800 0 0.0290790081 -0.000922927088 0 0.0290936506 0.132383956 1
641 800 0 0.0289617993 -0.000941227472 0 0.0289770897 0.129233333 1
645 800 0 0.0288424897 -0.000956352992 0 0.0288583406 0.126006088 1
649 800 0 0.0287214766 -0.00096833572 0 0.0287377955 0.12271135 1
653 800 0 0.0285991521 -0.000977224331 0 0.028615843 0.119358282 1
657 800 0 0.0284759014 -0.000983083232 0 0.028492866 0.115956033 1
661 800 0 0.0283521006 -0.000985991599 0 0.0283692401 0.112513703 1
665 800 0 0.0282281147 -0.000986042319 0 0.0282453313 0.109040303 1
669 800 0 0.0281042967 -0.000983340852 0 0.0281214945 0.105544715 1
673 800 0 0.0279809852 -0.000978004032 0 0.0279980718 0.102035657 1
677 800 0 0.0278585037 -0.000970158819 0 0.0278753912 0.0985216492 1
681 800 0 0.027737159 -0.00095994101 0 0.0277537651 0.0950109786 1
685 800 0 0.0276172405 -0.000947493932 0 0.0276334891 0.0915116699 1
689 800 0 0.0274990191 -0.000932967129 0 0.0275148411 0.0880314564 1
693 800 0 0.0273827466 -0.000916515049 0 0.0273980804 0.0845777534 1
697 800 0 0.0272686551 -0.000898295751 0 0.0272834471 0.0811576346 1
701 800 0 0.0271569567 -0.000878469638 0 0.0271711613 0.0777778106 1
705 800 0 0.0270478433 -0.000857198239 0 0.027061423 0.0744446102 1
709 800 0 0.0269414864 -0.000834643029 0 0.0269544118 0.0711639648 1
713 800 0 0.0268380373 -0.000810964316 0 0.0268502869 0.0679413948 1
717 800 0 0.0267376272 -0.000786320196 0 0.0267491871 0.0647819996 1
721 800 0 0.0266403679 -0.000760865573 0 0.026651231 0.0616904497 1
725 800 0 0.0265463515 -0.000734751264 0 0.0265565178 0.0586709818 1
729 800 0 0.0264556519 -0.000708123192 0 0.0264651272 0.0557273968 1
733 800 0 0.0263683248 -0.000681121654 0 0.0263771203 0.0528630599 1
737 800 0 0.0262844085 -0.000653880686 0 0.0262925406 0.0500809034 1
741 800 0 0.0262039252 -0.000626527516 0 0.0262114141 0.0473834323 1
745 800 0 0.0261268812 -0.000599182104 0 0.026133751 0.0447727318 1
749 800 0 0.0260532686 -0.000571956774 0 0.026059546 0.0422504767 1
753 800 0 0.0259830655 -0.000544955929 0 0.0259887797 0.0398179433 1
757 800 0 0.0259162377 -0.000518275853 0 0.0259214194 0.037476023 1
761 800 0 0.025852739 -0.000492004587 0 0.0258574203 0.0352252373 1
765 800 0 0.0257925132 -0.000466221891 0 0.0257967265 0.0330657541 1
769 800 0 0.0257354941 -0.000440999266 0 0.0257392722 0.0309974062 1
773 800 0 0.0256816072 -0.000416400049 0 0.0256849827 0.0290197098 1
777 800 0 0.0256307707 -0.000392479569 0 0.0256337755 0.0271318846 1
781 800 0 0.0255828962 -0.000369285351 0 0.0255855614 0.0253328743 1
785 800 0 0.0255378897 -0.000346857376 0 0.0255402451 0.0236213676 1
789 800 0 0.0254956529 -0.000325228379 0 0.0254977271 0.0219958199 1
793 800 0 0.0254560834 -0.000304424185 0 0.0254579037 0.0204544745 1
797 800 0 0.0254190765 -0.000284464075 0 0.0254206682 0.0189953849 1
801 800 0 0.0253845251 -0.000265361176 0 0.0253859121 0.0176164355 1
805 800 0 0.0253523209 -0.000247122875 0 0.0253535253 0.0163153633 1
809 800 0 0.025322355 -0.000229751234 0 0.0253233973 0.0150897784 1
813 800 0 0.0252945187 -0.000213243431 0 0.0252954175 0.0139371843 1
817 800 0 0.0252687037 -0.000197592185 0 0.0252694762 0.0128549971 1
821 800 0 0.0252448029 -0.000182786197 0 0.0252454647 0.0118405645 1
825 800 0 0.0252227112 -0.000168810579 0 0.0252232761 0.0108911833 1
829 800 0 0.0252023251 -0.000155647266 0 0.0252028057 0.0100041168 1
833 800 0 0.0251835438 -0.000143275437 0 0.0251839514 0.00917661006 1
837 800 0 0.0251662694 -0.000131671898 0 0.0251666138 0.00840590521 1
841 800 0 0.0251504066 -0.000120811463 0 0.0251506968 0.00768925495 1
845 800 0 0.0251358639 -0.000110667314 0 0.0251361075 0.00702393528 1
849 800 0 0.0251225529 -0.000101211333 0 0.0251227567 0.006407257 1
853 800 0 0.0251103888 -9.24144227e-05 0 0.0251105589 0.00583657614 1
857 800 0 0.0250992909 -8.42467945e-05 0 0.0250994323 0.0053093032 1
861 800 0 0.0250891817 -7.66782404e-05 0 0.0250892989 0.00482291138 1
253 804 0 0.0250777135 6.48526627e-05 0 0.0250777973 0.00427053227 1
257 804 0 0.0250865227 7.12539689e-05 0 0.0250866239 0.00470361021 1
261 804 0 0.0250961935 7.81619578e-05 0 0.0250963152 0.00517338692 1
265 804 0 0.0251067933 8.56021789e-05 0 0.0251069393 0.00568216524 1
269 804 0 0.0251183926 9.35998262e-05 0 0.025118567 0.00623230914 1
273 804 0 0.0251310653 0.000102179511 0 0.025131273 0.00682623663 1
277 804 0 0.0251448882 0.000111365012 0 0.0251451348 0.00746641169 1
281 804 0 0.0251599412 0.000121179015 0 0.0251602331 0.00815533514 1
285 804 0 0.0251763073 0.000131642819 0 0.0251766515 0.00889553453 1
289 804 0 0.0251940719 0.00014277604 0 0.0251944765 0.00968955295 1
293 804 0 0.0252133228 0.000154596292 0 0.0252137968 0.0105399368 1
297 804 0 0.02523415 0.000167118849 0 0.0252347034 0.0114492226 1
301 804 0 0.0252566454 0.000180356307 0 0.0252572894 0.0124199226 1
305 804 0 0.0252809022 0.000194318222 0 0.025281649 0.01345451 1
309 804 0 0.0253070146 0.000209010749 0 0.0253078777 0.0145554021 1
313 804 0 0.0253350776 0.000224436278 0 0.0253360717 0.0157249441 1
317 804 0 0.0253651859 0.000240593063 0 0.0253663269 0.0169653912 1
321 804 0 0.025397434 0.000257474857 0 0.025398739 0.0182788896 1
325 804 0 0.025431915 0.000275070558 0 0.0254334025 0.0196674583 1
329 804 0 0.0254687205 0.000293363858 0 0.02547041 0.0211329692 1
333 804 0 0.0255079394 0.000312332915 0 0.0255098515 0.0226771269 1
337 804 0 0.0255496575 0.000331950042 0 0.0255518139 0.0243014494 1
341 804 0 0.0255939568 0.000352181425 0 0.0255963797 0.0260072473 1
345 804 0 0.0256409141 0.000372986867 0 0.0256436268 0.0277956035 1
349 804 0 0.0256906009 0.000394319574 0 0.0256936269 0.0296673541 1
353 804 0 0.0257430821 0.000416125976 0 0.0257464451 0.0316230681 1
357 804 0 0.0257984152 0.000438345598 0 0.0258021389 0.0336630285 1
361 804 0 0.0258566494 0.000460910983 0 0.0258607571 0.0357872145 1
365 804 0 0.0259178248 0.000483747665 0 0.0259223389 0.0379952837 1
369 804 0 0.0259819713 0.000506774213 0 0.0259869131 0.040286556 1
373 804 0 0.0260491079 0.000529902323 0 0.0260544971 0.0426599986 1
377 804 0 0.0261192415 0.000553036995 0 0.0261250958 0.0451142123 1
381 804 0 0.0261923667 0.000576076768 0 0.0261987011 0.0476474197 1
385 804 0 0.0262684641 0.000598914038 0 0.0262752908 0.0502574548 1
389 804 0 0.0263475003 0.000621435439 0 0.0263548279 0.0529417549 1
393 804 0 0.0264294267 0.00064352231 0 0.02643726 0.0556973542 1
397 804 0 0.0265141792 0.000665051236 0 0.0265225185 0.05852088 1
401 804 0 0.0266016771 0.000685894656 0 0.0266105181 0.0614085506 1
405 804 0 0.0266918233 0.000705921557 0 0.0267011564 0.0643561762 1
409 804 0 0.0267845034 0.000724998227 0 0.0267943136 0.0673591623 1
413 804 0 0.0268795855 0.000742989079 0 0.0268898521 0.0704125148 1
417 804 0 0.0269769201 0.000759757541 0 0.0269876166 0.0735108491 1
421 804 0 0.0270763402 0.000775166998 0 0.027087434 0.0766484006 1
425 804 0 0.0271776608 0.000789081783 0 0.0271891135 0.0798190382 1
429 804 0 0.0272806796 0.000801368213 0 0.0272924472 0.0830162811 1
433 804 0 0.0273851773 0.00081189566 0 0.0273972099 0.0862333171 1
437 804 0 0.0274909178 0.000820537644 0 0.0275031607 0.089463024 1
441 804 0 0.027597649 0.000827172942 0 0.0276100425 0.0926979937 1
445 804 0 0.0277051034 0.000831686699 0 0.0277175839 0.0959305582 1
449 804 0 0.0278129992 0.000833971537 0 0.0278254997 0.0991528176 1
453 804 0 0.0279210413 0.000833928639 0 0.0279334921 0.102356671 1
457 804 0 0.0280289221 0.00083146881 0 0.028041252 0.105533849 1
461 804 0 0.0281363235 0.000826513489 0 0.0281484604 0.108675946 1
465 804 0 0.0282429178 0.00081899571 0 0.02825479 0.11177446 1
469 804 0 0.0283483694 0.000808860998 0 0.0283599066 0.114820824 1
473 804 0 0.0284523365 0.000796068188 0 0.0284634709 0.117806449 1
477 804 0 0.028554473 0.00078059015 0 0.0285651405 0.120722758 1
481 804 0 0.0286544301 0.000762414427 0 0.0286645711 0.123561232 1
485 804 0 0.0287518583 0.000741543753 0 0.0287614193 0.126313445 1
489 804 0 0.0288464096 0.000717996461 0 0.0288553438 0.128971103 1
493 804 0 0.0289377394 0.000691806772 0 0.0289460077 0.131526091 1
497 804 0 0.0290255086 0.000663024941 0 0.0290330803 0.133970504 1
501 804 0 0.0291093854 0.000631717284 0 0.0291162392 0.136296693 1
505 804 0 0.0291890479 0.000597966054 0 0.0291951722 0.138497298 1
509 804 0 0.0292641858 0.000561869186 0 0.0292695792 0.140565289 1
513 804 0 0.0293345024 0.000523539895 0 0.0293391739 0.142493999 1
517 804 0 0.0293997167 0.000483106144 0 0.0294036857 0.144277158 1
521 804 0 0.0294595651 0.000440709966 0 0.0294628614 0.145908926 1
525 804 0 0.0295138035 0.00039650666 0 0.0295164668 0.147383925 1
529 804 0 0.0295622084 0.000350663864 0 0.0295642881 0.148697262 1
533 804 0 0.0296045791 0.000303360503 0 0.0296061333 0.149844559 1
537 804 0 0.0296407383 0.000254785634 0 0.0296418334 0.150821974 1
541 804 0 0.0296705343 0.000205137193 0 0.0296712434 0.15162622 1
545 804 0 0.0296938412 0.00015462065 0 0.0296942437 0.152254586 1
549 804 0 0.0297105601 0.000103447594 0 0.0297107402 0.152704945 1
553 804 0 0.02972062 5.18342587e-05 0 0.0297206652 0.152975774 1
557 804 0 0.0297239781 -0 0 0.0297239781 0.153066152 1
561 804 0 0.02972062 -5.18342587e-05 0 0.0297206652 0.152975774 1
565 804 0 0.0297105601 -0.000103447594 0 0.0297107402 0.152704945 1
569 804 0 0.0296938412 -0.00015462065 0 0.0296942437 0.152254586 1
573 804 0 0.0296705343 -0.000205137193 0 0.0296712434 0.15162622 1
577 804 0 0.0296407383 -0.000254785634 0 0.0296418334 0.150821974 1
581 804 0 0.0296045791 -0.000303360503 0 0.0296061333 0.149844559 1
585 804 0 0.0295622084 -0.000350663864 0 0.0295642881 0.148697262 1
589 804 0 0.0295138035 -0.00039650666 0 0.0295164668 0.147383925 1
593 804 0 0.0294595651 -0.000440709966 0 0.0294628614 0.145908926 1
597 804 0 0.0293997167 -0.000483106144 0 0.0294036857 0.144277158 1
601 804 0 0.0293345024 -0.000523539895 0 0.0293391739 0.142493999 1
605 804 0 0.0292641858 -0.000561869186 0 0.0292695792 0.140565289 1
609 804 0 0.0291890479 -0.000597966054 0 0.0291951722 0.138497298 1
613 804 0 0.0291093854 -0.000631717284 0 0.0291162392 0.136296693 1
617 804 0 0.0290255086 -0.000663024941 0 0.0290330803 0.133970504 1
621 804 0 0.0289377394 -0.000691806772 0 0.0289460077 0.131526091 1
625 804 0 0.0288464096 -0.000717996461 0 0.0288553438 0.128971103 1
629 804 0 0.0287518583 -0.000741543753 0 0.0287614193 0.126313445 1
633 804 0 0.0286544301 -0.000762414427 0 0.0286645711 0.123561232 1
637 804 0 0.028554473 -0.00078059015 0 0.0285651405 0.120722758 1
641 804 0 0.0284523365 -0.000796068188 0 0.0284634709 0.117806449 1
645 804 0 0.0283483694 -0.000808860998 0 0.0283599066 0.114820824 1
649 804 0 0.0282429178 -0.00081899571 0 0.02825479 0.11177446 1
653 804 0 0.0281363235 -0.000826513489 0 0.0281484604 0.108675946 1
657 804 0 0.0280289221 -0.00083146881 0 0.028041252 0.105533849 1
661 804 0 0.0279210413 -0.000833928639 0 0.0279334921 0.102356671 1
665 804 0 0.0278129992 -0.000833971537 0 0.0278254997 0.0991528176 1
669 804 0 0.0277051034 -0.000831686699 0 0.0277175839 0.0959305582 1
673 804 0 0.027597649 -0.000827172942 0 0.0276100425 0.0926979937 1
677 804 0 0.0274909178 -0.000820537644 0 0.0275031607 0.089463024 1
681 804 0 0.0273851773 -0.00081189566 0 0.0273972099 0.0862333171 1
685 804 0 0.0272806796 -0.000801368213 0 0.0272924472 0.0830162811 1
689 804 0 0.0271776608 -0.000789081783 0 0.0271891135 0.0798190382 1
693 804 0 0.0270763402 -0.000775166998 0 0.027087434 0.0766484006 1
697 804 0 0.0269769201 -0.000759757541 0 0.0269876166 0.0735108491 1
701 804 0 0.0268795855 -0.000742989079 0 0.0268898521 0.0704125148 1
705 804 0 0.0267845034 -0.000724998227 0 0.0267943136 0.0673591623 1
709 804 0 0.0266918233 -0.000705921557 0 0.0267011564 0.0643561762 1
713 804 0 0.0266016771 -0.000685894656 0 0.0266105181 0.0614085506 1
717 804 0 0.0265141792 -0.000665051236 0 0.0265225185 0.05852088 1
721 804 0 0.0264294267 -0.00064352231 0 0.02643726 0.0556973542 1
725 804 0 0.0263475003 -0.000621435439 0 0.0263548279 0.0529417549 1
729 804 0 0.0262684641 -0.000598914038 0 0.0262752908 0.0502574548 1
733 804 0 0.0261923667 -0.000576076768 0 0.0261987011 0.0476474197 1
737 804 0 0.0261192415 -0.000553036995 0 0.0261250958 0.0451142123 1
741 804 0 0.0260491079 -0.000529902323 0 0.0260544971 0.0426599986 1
745 804 0 0.0259819713 -0.000506774213 0 0.0259869131 0.040286556 1
749 804 0 0.0259178248 -0.000483747665 0 0.0259223389 0.0379952837 1
753 804 0 0.0258566494 -0.000460910983 0 0.0258607571 0.0357872145 1
757 804 0 0.0257984152 -0.000438345598 0 0.0258021389 0.0336630285 1
761 804 0 0.0257430821 -0.000416125976 0 0.0257464451 0.0316230681 1
765 804 0 0.0256906009 -0.000394319574 0 0.0256936269 0.0296673541 1
769 804 0 0.0256409141 -0.000372986867 0 0.0256436268 0.0277956035 1
773 804 0 0.0255939568 -0.000352181425 0 0.0255963797 0.0260072473 1
777 804 0 0.0255496575 -0.000331950042 0 0.0255518139 0.0243014494 1
781 804 0 0.0255079394 -0.000312332915 0 0.0255098515 0.0226771269 1
785 804 0 0.0254687205 -0.000293363858 0 0.02547041 0.0211329692 1
789 804 0 0.025431915 -0.000275070558 0 0.0254334025 0.0196674583 1
793 804 0 0.025397434 -0.000257474857 0 0.025398739 0.0182788896 1
797 804 0 0.0253651859 -0.000240593063 0 0.0253663269 0.0169653912 1
801 804 0 0.0253350776 -0.000224436278 0 0.0253360717 0.0157249441 1
805 804 0 0.0253070146 -0.000209010749 0 0.0253078777 0.0145554021 1
809 804 0 0.0252809022 -0.000194318222 0 0.025281649 0.01345451 1
813 804 0 0.0252566454 -0.000180356307 0 0.0252572894 0.0124199226 1
817 804 0 0.02523415 -0.000167118849 0 0.0252347034 0.0114492226 1
821 804 0 0.0252133228 -0.000154596292 0 0.0252137968 0.0105399368 1
825 804 0 0.0251940719 -0.00014277604 0 0.0251944765 0.00968955295 1
829 804 0 0.0251763073 -0.000131642819 0 0.0251766515 0.00889553453 1
833 804 0 0.0251599412 -0.000121179015 0 0.0251602331 0.00815533514 1
837 804 0 0.0251448882 -0.000111365012 0 0.0251451348 0.00746641169 1
841 804 0 0.0251310653 -0.000102179511 0 0.025131273 0.00682623663 1
845 804 0 0.0251183926 -9.35998262e-05 0 0.025118567 0.00623230914 1
849 804 0 0.0251067933 -8.56021789e-05 0 0.0251069393 0.00568216524 1
853 804 0 0.0250961935 -7.81619578e-05 0 0.0250963152 0.00517338692 1
857 804 0 0.0250865227 -7.12539689e-05 0 0.0250866239 0.00470361021 1
861 804 0 0.0250777135 -6.48526627e-05 0 0.0250777973 0.00427053227 1
253 808 0 0.025067324 5.45772959e-05 0 0.0250673834 0.00375980732 1
257 808 0 0.0250749555 5.99643681e-05 0 0.0250750272 0.00414307383 1
261 808 0 0.0250833334 6.57778435e-05 0 0.0250834197 0.00455906399 1
265 808 0 0.0250925161 7.20392232e-05 0 0.0250926195 0.00500985942 1
269 808 0 0.0251025647 7.87697096e-05 0 0.0251026883 0.00549760021 1
273 808 0 0.0251135432 8.5990014e-05 0 0.0251136904 0.00602447879 1
277 808 0 0.0251255181 9.37201492e-05 0 0.0251256928 0.006592733 1
281 808 0 0.0251385587 0.000101979204 0 0.0251387655 0.00720463811 1
285 808 0 0.0251527368 0.000110785105 0 0.0251529808 0.00786249798 1
289 808 0 0.0251681264 0.00012015436 0 0.0251684132 0.00856863518 1
293 808 0 0.0251848037 0.000130101791 0 0.0251851397 0.00932538026 1
297 808 0 0.0252028465 0.000140640253 0 0.0252032389 0.01013506 1
301 808 0 0.0252223345 0.000151780345 0 0.0252227912 0.0109999846 1
305 808 0 0.0252433484 0.00016353011 0 0.0252438781 0.0119224343 1
309 808 0 0.0252659699 0.000175894728 0 0.0252665821 0.012904645 1
313 808 0 0.0252902811 0.00018887621 0 0.0252909863 0.0139487926 1
317 808 0 0.0253163642 0.000202473086 0 0.0253171738 0.0150569773 1
321 808 0 0.025344301 0.0002166801 0 0.0253452272 0.0162312071 1
325 808 0 0.0253741723 0.000231487908 0 0.0253752282 0.01747338 1
329 808 0 0.0254060572 0.000246882786 0 0.0254072567 0.0187852664 1
333 808 0 0.025440033 0.000262846353 0 0.0254413908 0.0201684911 1
337 808 0 0.0254761738 0.000279355309 0 0.0254777054 0.0216245146 1
341 808 0 0.0255145507 0.000296381197 0 0.025516272 0.0231546144 1
345 808 0 0.0255552303 0.00031389019 0 0.0255571579 0.0247598666 1
349 808 0 0.0255982745 0.000331842906 0 0.0256004253 0.026441127 1
353 808 0 0.0256437395 0.000350194264 0 0.0256461305 0.028199013 1
357 808 0 0.0256916751 0.000368893371 0 0.0256943233 0.0300338856 1
361 808 0 0.025742124 0.000387883458 0 0.0257450461 0.0319458325 1
365 808 0 0.0257951208 0.000407101858 0 0.0257983331 0.0339346508 1
369 808 0 0.0258506916 0.000426480039 0 0.0258542093 0.0359998322 1
373 808 0 0.0259088526 0.000445943692 0 0.0259126901 0.038140548 1
377 808 0 0.0259696101 0.000465412867 0 0.0259737802 0.0403556357 1
381 808 0 0.0260329592 0.000484802179 0 0.0260374729 0.0426435875 1
385 808 0 0.0260988832 0.000504021073 0 0.0261037495 0.0450025397 1
389 808 0 0.026167353 0.000522974144 0 0.0261725785 0.047430264 1
393 808 0 0.0262383267 0.000541561534 0 0.026243915 0.0499241609 1
397 808 0 0.0263117485 0.00055967938 0 0.0263177004 0.0524812548 1
401 808 0 0.0263875489 0.000577220333 0 0.0263938614 0.0550981916 1
405 808 0 0.0264656434 0.000594074138 0 0.0264723102 0.0577712377 1
409 808 0 0.0265459331 0.000610128267 0 0.0265529437 0.0604962822 1
413 808 0 0.0266283037 0.000625268618 0 0.0266356438 0.063268841 1
417 808 0 0.0267126257 0.000639380256 0 0.0267202765 0.0660840634 1
421 808 0 0.0267987543 0.000652348213 0 0.026806693 0.0689367413 1
425 808 0 0.0268865293 0.000664058315 0 0.0268947287 0.0718213205 1
429 808 0 0.0269757756 0.000674398062 0 0.0269842043 0.074731915 1
433 808 0 0.027066303 0.000683257522 0 0.0270749256 0.0776623237 1
437 808 0 0.027157907 0.000690530256 0 0.0271666845 0.0806060489 1
441 808 0 0.0272503693 0.000696114246 0 0.027259259 0.083556318 1
445 808 0 0.0273434582 0.000699912835 0 0.0273524146 0.0865061068 1
449 808 0 0.0274369294 0.00070183566 0 0.0274459044 0.0894481657 1
453 808 0 0.0275305273 0.000701799559 0 0.0275394708 0.0923750471 1
457 808 0 0.0276239855 0.000699729469 0 0.0276328463 0.0952791352 1
461 808 0 0.0277170284 0.000695559278 0 0.0277257546 0.0981526778 1
465 808 0 0.0278093721 0.000689232628 0 0.0278179118 0.100987819 1
469 808 0 0.0279007259 0.000680703678 0 0.0279090283 0.103776634 1
473 808 0 0.0279907937 0.000669937782 0 0.0279988097 0.106511163 1
477 808 0 0.0280792755 0.000656912111 0 0.0280869587 0.109183453 1
481 808 0 0.0281658693 0.000641616181 0 0.0281731763 0.111785586 1
485 808 0 0.0282502724 0.000624052292 0 0.0282571642 0.114309726 1
489 808 0 0.0283321831 0.000604235873 0 0.0283386256 0.116748152 1
493 808 0 0.0284113031 0.000582195723 0 0.0284172675 0.119093297 1
497 808 0 0.0284873383 0.000557974135 0 0.0284928023 0.121337786 1
501 808 0 0.0285600017 0.000531626917 0 0.0285649492 0.123474473 1
505 808 0 0.0286290141 0.00050322329 0 0.0286334364 0.125496477 1
509 808 0 0.0286941068 0.000472845671 0 0.0286980025 0.127397219 1
513 808 0 0.0287550228 0.000440589338 0 0.028758398 0.129170455 1
517 808 0 0.0288115186 0.00040656198 0 0.0288143869 0.130810309 1
521 808 0 0.0288633659 0.000370883125 0 0.0288657486 0.132311304 1
525 808 0 0.0289103531 0.000333683466 0 0.0289122787 0.133668391 1
529 808 0 0.0289522868 0.000295104081 0 0.0289537907 0.134876977 1
533 808 0 0.0289889929 0.000255295546 0 0.028990117 0.135932949 1
537 808 0 0.029020318 0.000214416962 0 0.0290211101 0.136832695 1
541 808 0 0.0290461306 0.000172634905 0 0.0290466436 0.137573124 1
545 808 0 0.0290663215 0.000130122289 0 0.0290666128 0.138151687 1
549 808 0 0.0290808053 8.705718e-05 0 0.0290809356 0.138566383 1
553 808 0 0.0290895203 4.36215501e-05 0 0.029089553 0.138815777 1
557 808 0 0.0290924295 -0 0 0.0290924295 0.138899005 1
561 808 0 0.0290895203 -4.36215501e-05 0 0.029089553 0.138815777 1
565 808 0 0.0290808053 -8.705718e-05 0 0.0290809356 0.138566383 1
569 808 0 0.0290663215 -0.000130122289 0 0.0290666128 0.138151687 1
573 808 0 0.0290461306 -0.000172634905 0 0.0290466436 0.137573124 1
577 808 0 0.029020318 -0.000214416962 0 0.0290211101 0.136832695 1
581 808 0 0.0289889929 -0.000255295546 0 0.028990117 0.135932949 1
585 808 0 0.0289522868 -0.000295104081 0 0.0289537907 0.134876977 1
589 808 0 0.0289103531 -0.000333683466 0 0.0289122787 0.133668391 1
593 808 0 0.0288633659 -0.000370883125 0 0.0288657486 0.132311304 1
597 808 0 0.0288115186 -0.00040656198 0 0.0288143869 0.130810309 1
601 808 0 0.0287550228 -0.000440589338 0 0.028758398 0.129170455 1
605 808 0 0.0286941068 -0.000472845671 0 0.0286980025 0.127397219 1
609 808 0 0.0286290141 -0.00050322329 0 0.0286334364 0.125496477 1
613 808 0 0.0285600017 -0.000531626917 0 0.0285649492 0.123474473 1
617 808 0 0.0284873383 -0.000557974135 0 0.0284928023 0.121337786 1
621 808 0 0.0284113031 -0.000582195723 0 0.0284172675 0.119093297 1
625 808 0 0.0283321831 -0.000604235873 0 0.0283386256 0.116748152 1
629 808 0 0.0282502724 -0.000624052292 0 0.0282571642 0.114309726 1
633 808 0 0.0281658693 -0.000641616181 0 0.0281731763 0.111785586 1
637 808 0 0.0280792755 -0.000656912111 0 0.0280869587 0.109183453 1
641 808 0 0.0279907937 -0.000669937782 0 0.0279988097 0.106511163 1
645 808 0 0.0279007259 -0.000680703678 0 0.0279090283 0.103776634 1
649 808 0 0.0278093721 -0.000689232628 0 0.0278179118 0.100987819 1
653 808 0 0.0277170284 -0.000695559278 0 0.0277257546 0.0981526778 1
657 808 0 0.0276239855 -0.000699729469 0 0.0276328463 0.0952791352 1
661 808 0 0.0275305273 -0.000701799559 0 0.0275394708 0.0923750471 1
665 808 0 0.0274369294 -0.00070183566 0 0.0274459044 0.0894481657 1
669 808 0 0.0273434582 -0.000699912835 0 0.0273524146 0.0865061068 1
673 808 0 0.0272503693 -0.000696114246 0 0.027259259 0.083556318 1
677 808 0 0.027157907 -0.000690530256 0 0.0271666845 0.0806060489 1
681 808 0 0.027066303 -0.000683257522 0 0.0270749256 0.0776623237 1
685 808 0 0.0269757756 -0.000674398062 0 0.0269842043 0.074731915 1
689 808 0 0.0268865293 -0.000664058315 0 0.0268947287 0.0718213205 1
693 808 0 0.0267987543 -0.000652348213 0 0.026806693 0.0689367413 1
697 808 0 0.0267126257 -0.000639380256 0 0.0267202765 0.0660840634 1
701 808 0 0.0266283037 -0.000625268618 0 0.0266356438 0.063268841 1
705 808 0 0.0265459331 -0.000610128267 0 0.0265529437 0.0604962822 1
709 808 0 0.0264656434 -0.000594074138 0 0.0264723102 0.0577712377 1
713 808 0 0.0263875489 -0.000577220333 0 0.0263938614 0.0550981916 1
717 808 0 0.0263117485 -0.00055967938 0 0.0263177004 0.0524812548 1
721 808 0 0.0262383267 -0.000541561534 0 0.026243915 0.0499241609 1
725 808 0 0.026167353 -0.000522974144 0 0.0261725785 0.047430264 1
729 808 0 0.0260988832 -0.000504021073 0 0.0261037495 0.0450025397 1
733 808 0 0.0260329592 -0.000484802179 0 0.0260374729 0.0426435875 1
737 808 0 0.0259696101 -0.000465412867 0 0.0259737802 0.0403556357 1
741 808 0 0.0259088526 -0.000445943692 0 0.0259126901 0.038140548 1
745 808 0 0.0258506916 -0.000426480039 0 0.0258542093 0.0359998322 1
749 808 0 0.0257951208 -0.000407101858 0 0.0257983331 0.0339346508 1
753 808 0 0.025742124 -0.000387883458 0 0.0257450461 0.0319458325 1
757 808 0 0.0256916751 -0.000368893371 0 0.0256943233 0.0300338856 1
761 808 0 0.0256437395 -0.000350194264 0 0.0256461305 0.028199013 1
765 808 0 0.0255982745 -0.000331842906 0 0.0256004253 0.026441127 1
769 808 0 0.0255552303 -0.00031389019 0 0.0255571579 0.0247598666 1
773 808 0 0.0255145507 -0.000296381197 0 0.025516272 0.0231546144 1
777 808 0 0.0254761738 -0.000279355309 0 0.0254777054 0.0216245146 1
781 808 0 0.025440033 -0.000262846353 0 0.0254413908 0.0201684911 1
785 808 0 0.0254060572 -0.000246882786 0 0.0254072567 0.0187852664 1
789 808 0 0.0253741723 -0.000231487908 0 0.0253752282 0.01747338 1
793 808 0 0.025344301 -0.0002166801 0 0.0253452272 0.0162312071 1
797 808 0 0.0253163642 -0.000202473086 0 0.0253171738 0.0150569773 1
801 808 0 0.0252902811 -0.00018887621 0 0.0252909863 0.0139487926 1
805 808 0 0.0252659699 -0.000175894728 0 0.0252665821 0.012904645 1
809 808 0 0.0252433484 -0.00016353011 0 0.0252438781 0.0119224343 1
813 808 0 0.0252223345 -0.000151780345 0 0.0252227912 0.0109999846 1
817 808 0 0.0252028465 -0.000140640253 0 0.0252032389 0.01013506 1
821 808 0 0.0251848037 -0.000130101791 0 0.0251851397 0.00932538026 1
825 808 0 0.0251681264 -0.00012015436 0 0.0251684132 0.00856863518 1
829 808 0 0.0251527368 -0.000110785105 0 0.0251529808 0.00786249798 1
833 808 0 0.0251385587 -0.000101979204 0 0.0251387655 0.00720463811 1
837 808 0 0.0251255181 -9.37201492e-05 0 0.0251256928 0.006592733 1
841 808 0 0.0251135432 -8.5990014e-05 0 0.0251136904 0.00602447879 1
845 808 0 0.0251025647 -7.87697096e-05 0 0.0251026883 0.00549760021 1
849 808 0 0.0250925161 -7.20392232e-05 0 0.0250926195 0.00500985942 1
853 808 0 0.0250833334 -6.57778435e-05 0 0.0250834197 0.00455906399 1
857 808 0 0.0250749555 -5.99643681e-05 0 0.0250750272 0.00414307383 1
861 808 0 0.025067324 -5.45772959e-05 0 0.0250673834 0.00375980732 1
253 812 0 0.0250579852 4.5700899e-05 0 0.0250580268 0.00329126555 1
257 812 0 0.0250645581 5.02118232e-05 0 0.0250646084 0.00362840199 1
261 812 0 0.0250717739 5.50798007e-05 0 0.0250718344 0.00399452491 1
265 812 0 0.0250796828 6.03228359e-05 0 0.0250797554 0.00439150114 1
269 812 0 0.0250883375 6.59586827e-05 0 0.0250884242 0.00482125253 1
273 812 0 0.0250977931 7.20046841e-05 0 0.0250978964 0.00528575069 1
277 812 0 0.0251081069 7.84775978e-05 0 0.0251082295 0.00578701102 1
281 812 0 0.0251193386 8.53934083e-05 0 0.0251194838 0.0063270858 1
285 812 0 0.02513155 9.27671263e-05 0 0.0251317212 0.00690805651 1
289 812 0 0.0251448049 0.000100612575 0 0.0251450062 0.00753202517 1
293 812 0 0.0251591687 0.000108942165 0 0.0251594046 0.00820110491 1
297 812 0 0.0251747088 0.000117766663 0 0.0251749842 0.00891740962 1
301 812 0 0.0251914935 0.000127094942 0 0.0251918141 0.00968304272 1
305 812 0 0.0252095925 0.000136933737 0 0.0252099644 0.0105000851 1
309 812 0 0.025229076 0.000147287385 0 0.0252295059 0.0113705824 1
313 812 0 0.0252500149 0.000158157572 0 0.0252505102 0.012296531 1
317 812 0 0.0252724799 0.000169543066 0 0.0252730486 0.0132798643 1
321 812 0 0.0252965415 0.000181439465 0 0.0252971922 0.014322437 1
325 812 0 0.0253222692 0.000193838946 0 0.0253230111 0.01542601 1
329 812 0 0.0253497312 0.000206730017 0 0.0253505742 0.016592234 1
333 812 0 0.025378994 0.000220097285 0 0.0253799484 0.0178226334 1
337 812 0 0.0254101217 0.000233921241 0 0.0254111984 0.0191185889 1
341 812 0 0.0254431751 0.000248178055 0 0.0254443855 0.0204813208 1
345 812 0 0.0254782119 0.000262839403 0 0.0254795676 0.0219118717 1
349 812 0 0.0255152852 0.000277872307 0 0.0255167982 0.0234110896 1
353 812 0 0.0255544435 0.000293239019 0 0.0255561259 0.024979611 1
357 812 0 0.0255957298 0.000308896922 0 0.0255975936 0.0266178439 1
361 812 0 0.0256391807 0.00032479848 0 0.0256412379 0.0283259521 1
365 812 0 0.0256848261 0.000340891218 0 0.0256870882 0.0301038397 1
369 812 0 0.0257326884 0.000357117752 0 0.0257351663 0.0319511359 1
373 812 0 0.0257827817 0.000373415856 0 0.0257854857 0.0338671817 1
377 812 0 0.0258351112 0.000389718583 0 0.0258380505 0.0358510167 1
381 812 0 0.0258896729 0.000405954437 0 0.0258928554 0.0379013678 1
385 812 0 0.0259464522 0.000422047589 0 0.0259498845 0.0400166393 1
389 812 0 0.0260054243 0.000437918152 0 0.0260091112 0.0421949035 1
393 812 0 0.0260665529 0.000453482507 0 0.0260704973 0.0444338945 1
397 812 0 0.0261297901 0.000468653685 0 0.0261339926 0.0467310025 1
401 812 0 0.0261950759 0.000483341795 0 0.0261995347 0.0490832708 1
405 812 0 0.0262623376 0.000497454514 0 0.0262670485 0.0514873941 1
409 812 0 0.0263314899 0.000510897615 0 0.0263364458 0.0539397198 1
413 812 0 0.0264024345 0.000523575555 0 0.0264076254 0.0564362506 1
417 812 0 0.0264750598 0.00053539209 0 0.0264804728 0.0589726496 1
421 812 0 0.0265492411 0.000546250951 0 0.0265548601 0.0615442483 1
425 812 0 0.0266248405 0.000556056534 0 0.0266306465 0.0641460559 1
429 812 0 0.026701707 0.000564714635 0 0.026707678 0.0667727716 1
433 812 0 0.026779677 0.000572133202 0 0.026785788 0.0694187992 1
437 812 0 0.0268585743 0.000578223105 0 0.0268647977 0.0720782635 1
441 812 0 0.0269382107 0.00058289892 0 0.0269445164 0.0747450297 1
445 812 0 0.0270183868 0.000586079711 0 0.0270247426 0.0774127241 1
449 812 0 0.0270988922 0.000587689809 0 0.027105264 0.0800747577 1
453 812 0 0.0271795067 0.00058765958 0 0.027185859 0.0827243511 1
457 812 0 0.0272600009 0.000585926168 0 0.0272662972 0.085354562 1
461 812 0 0.0273401375 0.000582434212 0 0.0273463406 0.0879583133 1
465 812 0 0.0274196718 0.000577136522 0 0.0274257449 0.0905284241 1
469 812 0 0.0274983534 0.000569994712 0 0.0275042603 0.093057641 1
473 812 0 0.0275759275 0.000560979771 0 0.027581633 0.0955386711 1
477 812 0 0.0276521357 0.000550072582 0 0.0276576063 0.097964216 1
481 812 0 0.0277267176 0.000537264366 0 0.0277319225 0.100327006 1
485 812 0 0.0277994128 0.00052255705 0 0.0278043237 0.102619837 1
489 812 0 0.0278699613 0.000505963555 0 0.0278745537 0.104835601 1
493 812 0 0.0279381062 0.000487507993 0 0.0279423593 0.10696733 1
497 812 0 0.0280035943 0.000467225779 0 0.0280074917 0.109008224 1
501 812 0 0.0280661782 0.000445163646 0 0.0280697084 0.110951689 1
505 812 0 0.0281256176 0.000421379557 0 0.028128774 0.112791371 1
509 812 0 0.028181681 0.000395942523 0 0.0281844623 0.11452119 1
513 812 0 0.028234147 0.000368932329 0 0.0282365573 0.116135372 1
517 812 0 0.028282806 0.000340439146 0 0.0282848549 0.11762848 1
521 812 0 0.0283274614 0.000310563064 0 0.0283291637 0.118995442 1
525 812 0 0.0283679308 0.000279413521 0 0.0283693069 0.120231583 1
529 812 0 0.0284040477 0.000247108648 0 0.0284051226 0.121332644 1
533 812 0 0.0284356621 0.000213774533 0 0.0284364657 0.122294812 1
537 812 0 0.028462642 0.000179544402 0 0.0284632083 0.123114736 1
541 812 0 0.028484874 0.000144557737 0 0.0284852408 0.123789551 1
545 812 0 0.0285022642 0.00010895933 0 0.0285024725 0.124316888 1
549 812 0 0.0285147388 7.28982872e-05 0 0.028514832 0.124694892 1
553 812 0 0.028522245 3.65269848e-05 0 0.0285222683 0.12492223 1
557 812 0 0.0285247506 -0 0 0.0285247506 0.124998099 1
561 812 0 0.028522245 -3.65269848e-05 0 0.0285222683 0.12492223 1
565 812 0 0.0285147388 -7.28982872e-05 0 0.028514832 0.124694892 1
569 812 0 0.0285022642 -0.00010895933 0 0.0285024725 0.124316888 1
573 812 0 0.028484874 -0.000144557737 0 0.0284852408 0.123789551 1
577 812 0 0.028462642 -0.000179544402 0 0.0284632083 0.123114736 1
581 812 0 0.0284356621 -0.000213774533 0 0.0284364657 0.122294812 1
585 812 0 0.0284040477 -0.000247108648 0 0.0284051226 0.121332644 1
589 812 0 0.0283679308 -0.000279413521 0 0.0283693069 0.120231583 1
593 812 0 0.0283274614 -0.000310563064 0 0.0283291637 0.118995442 1
597 812 0 0.028282806 -0.000340439146 0 0.0282848549 0.11762848 1
601 812 0 0.028234147 -0.000368932329 0 0.0282365573 0.116135372 1
605 812 0 0.028181681 -0.000395942523 0 0.0281844623 0.11452119 1
609 812 0 0.0281256176 -0.000421379557 0 0.028128774 0.112791371 1
613 812 0 0.0280661782 -0.000445163646 0 0.0280697084 0.110951689 1
617 812 0 0.0280035943 -0.000467225779 0 0.0280074917 0.109008224 1
621 812 0 0.0279381062 -0.000487507993 0 0.0279423593 0.10696733 1
625 812 0 0.0278699613 -0.000505963555 0 0.0278745537 0.104835601 1
629 812 0 0.0277994128 -0.00052255705 0 0.0278043237 0.102619837 1
633 812 0 0.0277267176 -0.000537264366 0 0.0277319225 0.100327006 1
637 812 0 0.0276521357 -0.000550072582 0 0.0276576063 0.097964216 1
641 812 0 0.0275759275 -0.000560979771 0 0.027581633 0.0955386711 1
645 812 0 0.0274983534 -0.000569994712 0 0.0275042603 0.093057641 1
649 812 0 0.0274196718 -0.000577136522 0 0.0274257449 0.0905284241 1
653 812 0 0.0273401375 -0.000582434212 0 0.0273463406 0.0879583133 1
657 812 0 0.0272600009 -0.000585926168 0 0.0272662972 0.085354562 1
661 812 0 0.0271795067 -0.00058765958 0 0.027185859 0.0827243511 1
665 812 0 0.0270988922 -0.000587689809 0 0.027105264 0.0800747577 1
669 812 0 0.0270183868 -0.000586079711 0 0.0270247426 0.0774127241 1
673 812 0 0.0269382107 -0.00058289892 0 0.0269445164 0.0747450297 1
677 812 0 0.0268585743 -0.000578223105 0 0.0268647977 0.0720782635 1
681 812 0 0.026779677 -0.000572133202 0 0.026785788 0.0694187992 1
685 812 0 0.026701707 -0.000564714635 0 0.026707678 0.0667727716 1
689 812 0 0.0266248405 -0.000556056534 0 0.0266306465 0.0641460559 1
693 812 0 0.0265492411 -0.000546250951 0 0.0265548601 0.0615442483 1
697 812 0 0.0264750598 -0.00053539209 0 0.0264804728 0.0589726496 1
701 812 0 0.0264024345 -0.000523575555 0 0.0264076254 0.0564362506 1
705 812 0 0.0263314899 -0.000510897615 0 0.0263364458 0.0539397198 1
709 812 0 0.0262623376 -0.000497454514 0 0.0262670485 0.0514873941 1
713 812 0 0.0261950759 -0.000483341795 0 0.0261995347 0.0490832708 1
717 812 0 0.0261297901 -0.000468653685 0 0.0261339926 0.0467310025 1
721 812 0 0.0260665529 -0.000453482507 0 0.0260704973 0.0444338945 1
725 812 0 0.0260054243 -0.000437918152 0 0.0260091112 0.0421949035 1
729 812 0 0.0259464522 -0.000422047589 0 0.0259498845 0.0400166393 1
733 812 0 0.0258896729 -0.000405954437 0 0.0258928554 0.0379013678 1
737 812 0 0.0258351112 -0.000389718583 0 0.0258380505 0.0358510167 1
741 812 0 0.0257827817 -0.000373415856 0 0.0257854857 0.0338671817 1
745 812 0 0.0257326884 -0.000357117752 0 0.0257351663 0.0319511359 1
749 812 0 0.0256848261 -0.000340891218 0 0.0256870882 0.0301038397 1
753 812 0 0.0256391807 -0.00032479848 0 0.0256412379 0.0283259521 1
757 812 0 0.0255957298 -0.000308896922 0 0.0255975936 0.0266178439 1
761 812 0 0.0255544435 -0.000293239019 0 0.0255561259 0.024979611 1
765 812 0 0.0255152852 -0.000277872307 0 0.0255167982 0.0234110896 1
769 812 0 0.0254782119 -0.000262839403 0 0.0254795676 0.0219118717 1
773 812 0 0.0254431751 -0.000248178055 0 0.0254443855 0.0204813208 1
777 812 0 0.0254101217 -0.000233921241 0 0.0254111984 0.0191185889 1
781 812 0 0.025378994 -0.000220097285 0 0.0253799484 0.0178226334 1
785 812 0 0.0253497312 -0.000206730017 0 0.0253505742 0.016592234 1
789 812 0 0.0253222692 -0.000193838946 0 0.0253230111 0.01542601 1
793 812 0 0.0252965415 -0.000181439465 0 0.0252971922 0.014322437 1
797 812 0 0.0252724799 -0.000169543066 0 0.0252730486 0.0132798643 1
801 812 0 0.0252500149 -0.000158157572 0 0.0252505102 0.012296531 1
805 812 0 0.025229076 -0.000147287385 0 0.0252295059 0.0113705824 1
809 812 0 0.0252095925 -0.000136933737 0 0.0252099644 0.0105000851 1
813 812 0 0.0251914935 -0.000127094942 0 0.0251918141 0.00968304272 1
817 812 0 0.0251747088 -0.000117766663 0 0.0251749842 0.00891740962 1
821 812 0 0.0251591687 -0.000108942165 0 0.0251594046 0.00820110491 1
825 812 0 0.0251448049 -0.000100612575 0 0.0251450062 0.00753202517 1
829 812 0 0.02513155 -9.27671263e-05 0 0.0251317212 0.00690805651 1
833 812 0 0.0251193386 -8.53934083e-05 0 0.0251194838 0.0063270858 1
837 812 0 0.0251081069 -7.84775978e-05 0 0.0251082295 0.00578701102 1
841 812 0 0.0250977931 -7.20046841e-05 0 0.0250978964 0.00528575069 1
845 812 0 0.0250883375 -6.59586827e-05 0 0.0250884242 0.00482125253 1
849 812 0 0.0250796828 -6.03228359e-05 0 0.0250797554 0.00439150114 1
853 812 0 0.0250717739 -5.50798007e-05 0 0.0250718344 0.00399452491 1
857 812 0 0.0250645581 -5.02118232e-05 0 0.0250646084 0.00362840199 1
861 812 0 0.0250579852 -4.5700899e-05 0 0.0250580268 0.00329126555 1
253 816 0 0.0250496544 3.80772873e-05 0 0.0250496833 0.00286469029 1
257 816 0 0.0250552829 4.183572e-05 0 0.0250553178 0.00315946844 1
261 816 0 0.025061462 4.58916442e-05 0 0.025061504 0.00347975545 1
265 816 0 0.0250682347 5.02600606e-05 0 0.0250682851 0.00382721277 1
269 816 0 0.025075646 5.49557616e-05 0 0.0250757062 0.00420355285 1
273 816 0 0.025083743 5.99931971e-05 0 0.0250838148 0.0046105347 1
277 816 0 0.025092575 6.53863293e-05 0 0.0250926602 0.00504995876 1
281 816 0 0.0251021931 7.11484765e-05 0 0.0251022939 0.00552366095 1
285 816 0 0.0251126501 7.72921451e-05 0 0.025112769 0.00603350599 1
289 816 0 0.0251240006 8.38288524e-05 0 0.0251241404 0.00658137992 1
293 816 0 0.0251363008 9.07689394e-05 0 0.0251364646 0.00716918182 1
297 816 0 0.0251496081 9.8121375e-05 0 0.0251497996 0.00779881478 1
301 816 0 0.0251639814 0.000105893554 0 0.0251642042 0.00847217601 1
305 816 0 0.02517948 0.000114091087 0 0.0251797385 0.00919114624 1
309 816 0 0.0251961643 0.000122717588 0 0.0251964632 0.00995757833 1
313 816 0 0.0252140949 0.00013177446 0 0.0252144393 0.0107732852 1
317 816 0 0.0252333324 0.000141260679 0 0.0252337278 0.0116400271 1
321 816 0 0.025253937 0.000151172576 0 0.0252543894 0.0125594981 1
325 816 0 0.0252759683 0.000161503633 0 0.0252764843 0.0135333122 1
329 816 0 0.0252994849 0.000172244275 0 0.0253000712 0.0145629891 1
333 816 0 0.0253245435 0.000183381678 0 0.0253252074 0.0156499389 1
337 816 0 0.0253511989 0.000194899586 0 0.0253519481 0.0167954472 1
341 816 0 0.0253795035 0.000206778145 0 0.0253803459 0.0180006598 1
345 816 0 0.0254095065 0.000218993754 0 0.0254104502 0.0192665666 1
349 816 0 0.0254412535 0.000231518939 0 0.0254423069 0.0205939869 1
353 816 0 0.0254747859 0.000244322247 0 0.0254759575 0.0219835529 1
357 816 0 0.0255101405 0.000257368172 0 0.0255114387 0.0234356955 1
361 816 0 0.0255473487 0.000270617106 0 0.025548782 0.0249506287 1
365 816 0 0.0255864362 0.000284025328 0 0.0255880126 0.0265283355 1
369 816 0 0.0256274221 0.000297545027 0 0.0256291493 0.0281685543 1
373 816 0 0.0256703184 0.000311124357 0 0.0256722037 0.0298707658 1
377 816 0 0.0257151297 0.000324707539 0 0.0257171797 0.031634181 1
381 816 0 0.0257618524 0.000338235003 0 0.0257640727 0.0334577304 1
385 816 0 0.0258104742 0.00035164357 0 0.0258128695 0.0353400539 1
389 816 0 0.0258609737 0.00036486668 0 0.0258635475 0.0372794929 1
393 816 0 0.0259133198 0.000377834661 0 0.0259160743 0.0392740828 1
397 816 0 0.0259674717 0.000390475054 0 0.0259704073 0.041321548 1
401 816 0 0.0260233777 0.000402712961 0 0.0260264935 0.0434192982 1
405 816 0 0.0260809759 0.000414471462 0 0.026084269 0.0455644263 1
409 816 0 0.026140193 0.000425672048 0 0.0261436586 0.0477537087 1
413 816 0 0.0262009449 0.000436235112 0 0.0262045762 0.0499836071 1
417 816 0 0.026263136 0.000446080468 0 0.0262669241 0.0522502726 1
421 816 0 0.0263266596 0.000455127904 0 0.0263305934 0.054549552 1
425 816 0 0.0263913975 0.000463297765 0 0.0263954638 0.0568769958 1
429 816 0 0.0264572205 0.000470511562 0 0.0264614039 0.0592278688 1
433 816 0 0.0265239884 0.000476692598 0 0.0265282717 0.0615971624 1
437 816 0 0.0265915504 0.000481766612 0 0.0265959142 0.0639796097 1
441 816 0 0.0266597454 0.000485662429 0 0.0266641687 0.0663697019 1
445 816 0 0.0267284024 0.000488312616 0 0.0267328627 0.0687617071 1
449 816 0 0.0267973415 0.000489654125 0 0.0268018148 0.0711496913 1
453 816 0 0.026866374 0.000489628938 0 0.0268708353 0.073527541 1
457 816 0 0.0269353036 0.000488184685 0 0.0269397272 0.0758889874 1
461 816 0 0.0270039268 0.000485275241 0 0.0270082868 0.0782276326 1
465 816 0 0.0270720343 0.000480861288 0 0.0270763045 0.0805369773 1
469 816 0 0.0271394117 0.000474910841 0 0.0271435666 0.0828104492 1
473 816 0 0.0272058406 0.00046739973 0 0.0272098553 0.0850414334 1
477 816 0 0.0272710998 0.000458312028 0 0.0272749507 0.0872233036 1
481 816 0 0.0273349665 0.00044764042 0 0.0273386315 0.0893494532 1
485 816 0 0.0273972174 0.00043538651 0 0.0274006767 0.0914133284 1
489 816 0 0.0274576302 0.000421561064 0 0.0274608661 0.0934084605 1
493 816 0 0.0275159846 0.000406184173 0 0.0275189824 0.0953284989 1
497 816 0 0.0275720639 0.000389285345 0 0.0275748119 0.0971672441 1
501 816 0 0.0276256563 0.000370903514 0 0.027628146 0.0989186794 1
505 816 0 0.0276765559 0.000351086976 0 0.0276787827 0.100577004 1
509 816 0 0.0277245646 0.00032989323 0 0.0277265272 0.102136662 1
513 816 0 0.0277694928 0.000307388751 0 0.027771194 0.103592377 1
517 816 0 0.0278111609 0.000283648668 0 0.0278126074 0.104939174 1
521 816 0 0.0278494006 0.000258756376 0 0.0278506026 0.106172413 1
525 816 0 0.0278840557 0.000232803055 0 0.0278850275 0.107287813 1
529 816 0 0.0279149836 0.000205887131 0 0.0279157429 0.108281475 1
533 816 0 0.027942056 0.000178113658 0 0.0279426236 0.109149905 1
537 816 0 0.0279651596 0.000149593639 0 0.0279655597 0.109890033 1
541 816 0 0.0279841975 0.000120443287 0 0.0279844567 0.110499229 1
545 816 0 0.0279990892 9.07832408e-05 0 0.0279992364 0.110975325 1
549 816 0 0.0280097716 6.07377335e-05 0 0.0280098375 0.111316617 1
553 816 0 0.0280161993 3.04337228e-05 0 0.0280162158 0.111521883 1
557 816 0 0.0280183449 -0 0 0.0280183449 0.111590387 1
561 816 0 0.0280161993 -3.04337228e-05 0 0.0280162158 0.111521883 1
565 816 0 0.0280097716 -6.07377335e-05 0 0.0280098375 0.111316617 1
569 816 0 0.0279990892 -9.07832408e-05 0 0.0279992364 0.110975325 1
573 816 0 0.0279841975 -0.000120443287 0 0.0279844567 0.110499229 1
577 816 0 0.0279651596 -0.000149593639 0 0.0279655597 0.109890033 1
581 816 0 0.027942056 -0.000178113658 0 0.0279426236 0.109149905 1
585 816 0 0.0279149836 -0.000205887131 0 0.0279157429 0.108281475 1
589 816 0 0.0278840557 -0.000232803055 0 0.0278850275 0.107287813 1
593 816 0 0.0278494006 -0.000258756376 0 0.0278506026 0.106172413 1
597 816 0 0.0278111609 -0.000283648668 0 0.0278126074 0.104939174 1
601 816 0 0.0277694928 -0.000307388751 0 0.027771194 0.103592377 1
605 816 0 0.0277245646 -0.00032989323 0 0.0277265272 0.102136662 1
609 816 0 0.0276765559 -0.000351086976 0 0.0276787827 0.100577004 1
613 816 0 0.0276256563 -0.000370903514 0 0.027628146 0.0989186794 1
617 816 0 0.0275720639 -0.000389285345 0 0.0275748119 0.0971672441 1
621 816 0 0.0275159846 -0.000406184173 0 0.0275189824 0.0953284989 1
625 816 0 0.0274576302 -0.000421561064 0 0.0274608661 0.0934084605 1
629 816 0 0.0273972174 -0.00043538651 0 0.0274006767 0.0914133284 1
633 816 0 0.0273349665 -0.00044764042 0 0.0273386315 0.0893494532 1
637 816 0 0.0272710998 -0.000458312028 0 0.0272749507 0.0872233036 1
641 816 0 0.0272058406 -0.00046739973 0 0.0272098553 0.0850414334 1
645 816 0 0.0271394117 -0.000474910841 0 0.0271435666 0.0828104492 1
649 816 0 0.0270720343 -0.000480861288 0 0.0270763045 0.0805369773 1
653 816 0 0.0270039268 -0.000485275241 0 0.0270082868 0.0782276326 1
657 816 0 0.0269353036 -0.000488184685 0 0.0269397272 0.0758889874 1
661 816 0 0.026866374 -0.000489628938 0 0.0268708353 0.073527541 1
665 816 0 0.0267973415 -0.000489654125 0 0.0268018148 0.0711496913 1
669 816 0 0.0267284024 -0.000488312616 0 0.0267328627 0.0687617071 1
673 816 0 0.0266597454 -0.000485662429 0 0.0266641687 0.0663697019 1
677 816 0 0.0265915504 -0.000481766612 0 0.0265959142 0.0639796097 1
681 816 0 0.0265239884 -0.000476692598 0 0.0265282717 0.0615971624 1
685 816 0 0.0264572205 -0.000470511562 0 0.0264614039 0.0592278688 1
689 816 0 0.0263913975 -0.000463297765 0 0.0263954638 0.0568769958 1
693 816 0 0.0263266596 -0.000455127904 0 0.0263305934 0.054549552 1
697 816 0 0.026263136 -0.000446080468 0 0.0262669241 0.0522502726 1
701 816 0 0.0262009449 -0.000436235112 0 0.0262045762 0.0499836071 1
705 816 0 0.026140193 -0.000425672048 0 0.0261436586 0.0477537087 1
709 816 0 0.0260809759 -0.000414471462 0 0.026084269 0.0455644263 1
713 816 0 0.0260233777 -0.000402712961 0 0.0260264935 0.0434192982 1
717 816 0 0.0259674717 -0.000390475054 0 0.0259704073 0.041321548 1
721 816 0 0.0259133198 -0.000377834661 0 0.0259160743 0.0392740828 1
725 816 0 0.0258609737 -0.00036486668 0 0.0258635475 0.0372794929 1
729 816 0 0.0258104742 -0.00035164357 0 0.0258128695 0.0353400539 1
733 816 0 0.0257618524 -0.000338235003 0 0.0257640727 0.0334577304 1
737 816 0 0.0257151297 -0.000324707539 0 0.0257171797 0.031634181 1
741 816 0 0.0256703184 -0.000311124357 0 0.0256722037 0.0298707658 1
745 816 0 0.0256274221 -0.000297545027 0 0.0256291493 0.0281685543 1
749 816 0 0.0255864362 -0.000284025328 0 0.0255880126 0.0265283355 1
753 816 0 0.0255473487 -0.000270617106 0 0.025548782 0.0249506287 1
757 816 0 0.0255101405 -0.000257368172 0 0.0255114387 0.0234356955 1
761 816 0 0.0254747859 -0.000244322247 0 0.0254759575 0.0219835529 1
765 816 0 0.0254412535 -0.000231518939 0 0.0254423069 0.0205939869 1
769 816 0 0.0254095065 -0.000218993754 0 0.0254104502 0.0192665666 1
773 816 0 0.0253795035 -0.000206778145 0 0.0253803459 0.0180006598 1
777 816 0 0.0253511989 -0.000194899586 0 0.0253519481 0.0167954472 1
781 816 0 0.0253245435 -0.000183381678 0 0.0253252074 0.0156499389 1
785 816 0 0.0252994849 -0.000172244275 0 0.0253000712 0.0145629891 1
789 816 0 0.0252759683 -0.000161503633 0 0.0252764843 0.0135333122 1
793 816 0 0.025253937 -0.000151172576 0 0.0252543894 0.0125594981 1
797 816 0 0.0252333324 -0.000141260679 0 0.0252337278 0.0116400271 1
801 816 0 0.0252140949 -0.00013177446 0 0.0252144393 0.0107732852 1
805 816 0 0.0251961643 -0.000122717588 0 0.0251964632 0.00995757833 1
809 816 0 0.02517948 -0.000114091087 0 0.0251797385 0.00919114624 1
813 816 0 0.0251639814 -0.000105893554 0 0.0251642042 0.00847217601 1
817 816 0 0.0251496081 -9.8121375e-05 0 0.0251497996 0.00779881478 1
821 816 0 0.0251363008 -9.07689394e-05 0 0.0251364646 0.00716918182 1
825 816 0 0.0251240006 -8.38288524e-05 0 0.0251241404 0.00658137992 1
829 816 0 0.0251126501 -7.72921451e-05 0 0.025112769 0.00603350599 1
833 816 0 0.0251021931 -7.11484765e-05 0 0.0251022939 0.00552366095 1
837 816 0 0.025092575 -6.53863293e-05 0 0.0250926602 0.00504995876 1
841 816 0 0.025083743 -5.99931971e-05 0 0.0250838148 0.0046105347 1
845 816 0 0.025075646 -5.49557616e-05 0 0.0250757062 0.00420355285 1
849 816 0 0.0250682347 -5.02600606e-05 0 0.0250682851 0.00382721277 1
853 816 0 0.025061462 -4.58916442e-05 0 0.025061504 0.00347975545 1
857 816 0 0.0250552829 -4.183572e-05 0 0.0250553178 0.00315946844 1
861 816 0 0.0250496544 -3.80772873e-05 0 0.0250496833 0.00286469029 1
253 820 0 0.0250422775 3.15671799e-05 0 0.0250422974 0.00247921464 1
257 820 0 0.0250470698 3.46830301e-05 0 0.0250470938 0.00273541755 1
261 820 0 0.0250523309 3.80455093e-05 0 0.0250523598 0.00301392452 1
265 820 0 0.0250580974 4.16670537e-05 0 0.0250581321 0.00331620325 1
269 820 0 0.0250644076 4.55599266e-05 0 0.025064449 0.00364376812 1
273 820 0 0.0250713018 4.97361073e-05 0 0.0250713511 0.00399817647 1
277 820 0 0.0250788217 5.4207171e-05 0 0.0250788802 0.00438102417 1
281 820 0 0.0250870108 5.89841588e-05 0 0.0250870801 0.00479394056 1
285 820 0 0.0250959142 6.40774389e-05 0 0.025095996 0.00523858266 1
289 820 0 0.0251055785 6.94965596e-05 0 0.0251056747 0.00571662877 1
293 820 0 0.0251160513 7.52500938e-05 0 0.025116164 0.00622977121 1
297 820 0 0.0251273817 8.1345477e-05 0 0.0251275133 0.00677970849 1
301 820 0 0.0251396195 8.77888395e-05 0 0.0251397728 0.00736813668 1
305 820 0 0.0251528156 9.45848328e-05 0 0.0251529935 0.00799674011 1
309 820 0 0.0251670213 0.000101736454 0 0.0251672269 0.00866718139 1
313 820 0 0.025182288 0.000109244865 0 0.0251825249 0.00938109076 1
317 820 0 0.0251986674 0.000117109216 0 0.0251989395 0.0101400548 1
321 820 0 0.0252162109 0.000125326468 0 0.0252165224 0.0109456047 1
325 820 0 0.0252349692 0.000133891215 0 0.0252353244 0.0117992036 1
329 820 0 0.025254992 0.00014279552 0 0.0252553957 0.0127022341 1
333 820 0 0.0252763278 0.000152028751 0 0.025276785 0.0136559847 1
337 820 0 0.0252990232 0.000161577432 0 0.0252995391 0.0146616364 1
341 820 0 0.0253231227 0.000171425103 0 0.0253237029 0.0157202488 1
345 820 0 0.0253486683 0.000181552199 0 0.0253493185 0.0168327462 1
349 820 0 0.0253756988 0.000191935942 0 0.0253764247 0.0179999032 1
353 820 0 0.0254042495 0.000202550257 0 0.0254050569 0.0192223315 1
357 820 0 0.0254343516 0.000213365709 0 0.0254352466 0.0205004652 1
361 820 0 0.025466032 0.000224349461 0 0.0254670203 0.0218345478 1
365 820 0 0.0254993125 0.000235465267 0 0.0255003997 0.0232246191 1
369 820 0 0.0255342093 0.000246673491 0 0.0255354008 0.0246705023 1
373 820 0 0.0255707327 0.000257931151 0 0.0255720336 0.0261717924 1
377 820 0 0.0256088867 0.000269192005 0 0.0256103015 0.0277278447 1
381 820 0 0.025648668 0.000280406667 0 0.0256502008 0.029337765 1
385 820 0 0.0256900663 0.000291522759 0 0.0256917203 0.0310004 1
389 820 0 0.0257330634 0.000302485102 0 0.0257348411 0.0327143296 1
393 820 0 0.0257776328 0.000313235936 0 0.0257795358 0.0344778601 1
397 820 0 0.0258237395 0.000323715189 0 0.0258257684 0.0362890187 1
401 820 0 0.0258713399 0.000333860771 0 0.025873494 0.0381455498 1
405 820 0 0.025920381 0.000343608911 0 0.0259226584 0.040044913 1
409 820 0 0.0259708006 0.000352894522 0 0.025973198 0.0419842822 1
413 820 0 0.0260225269 0.00036165161 0 0.0260250398 0.0439605471 1
417 820 0 0.0260754786 0.000369813697 0 0.0260781009 0.0459703164 1
421 820 0 0.0261295648 0.000377314285 0 0.0261322889 0.0480099223 1
425 820 0 0.026184685 0.000384087338 0 0.0261875018 0.0500754282 1
429 820 0 0.026240729 0.000390067785 0 0.026243628 0.0521626369 1
433 820 0 0.0262975776 0.000395192044 0 0.0263005468 0.0542671017 1
437 820 0 0.0263551022 0.000399398549 0 0.0263581284 0.0563841393 1
441 820 0 0.0264131658 0.000402628296 0 0.0264162344 0.0585088442 1
445 820 0 0.0264716229 0.000404825377 0 0.0264747181 0.0606361059 1
449 820 0 0.02653032 0.000405937527 0 0.0265334255 0.0627606265 1
453 820 0 0.0265890968 0.000405916647 0 0.026592195 0.0648769414 1
457 820 0 0.0266477858 0.000404719319 0 0.026650859 0.0669794413 1
461 820 0 0.026706214 0.000402307305 0 0.0267092441 0.0690623949 1
465 820 0 0.0267642031 0.000398648009 0 0.0267671719 0.0711199741 1
469 820 0 0.0268215706 0.000393714916 0 0.0268244602 0.0731462802 1
473 820 0 0.0268781305 0.000387487986 0 0.0268809235 0.0751353703 1
477 820 0 0.0269336945 0.000379954017 0 0.0269363744 0.0770812864 1
481 820 0 0.0269880729 0.000371106942 0 0.0269906243 0.0789780835 1
485 820 0 0.0270410755 0.000360948094 0 0.0270434844 0.0808198592 1
489 820 0 0.0270925131 0.000349486397 0 0.0270947671 0.0826007837 1
493 820 0 0.0271421981 0.000336738507 0 0.0271442869 0.0843151296 1
497 820 0 0.027189946 0.000322728886 0 0.0271918612 0.085957302 1
501 820 0 0.0272355764 0.000307489813 0 0.0272373122 0.087521868 1
505 820 0 0.0272789142 0.000291061326 0 0.027280467 0.089003586 1
509 820 0 0.0273197905 0.000273491094 0 0.0273211594 0.0903974345 1
513 820 0 0.027358044 0.000254834225 0 0.0273592308 0.0916986393 1
517 820 0 0.0273935217 0.000235153005 0 0.027394531 0.0929027004 1
521 820 0 0.0274260803 0.00021451657 0 0.0274269192 0.0940054173 1
525 820 0 0.0274555869 0.000193000511 0 0.0274562652 0.0950029125 1
529 820 0 0.02748192 0.000170686427 0 0.02748245 0.095891654 1
533 820 0 0.0275049703 0.000147661409 0 0.0275053667 0.0966684752 1
537 820 0 0.0275246416 0.000124017482 0 0.027524921 0.0973305934 1
541 820 0 0.0275408511 9.98509916e-05 0 0.0275410321 0.097875626 1
545 820 0 0.0275535304 7.52619501e-05 0 0.0275536332 0.0983016042 1
549 820 0 0.0275626258 5.03533496e-05 0 0.0275626718 0.0986069845 1
553 820 0 0.0275680986 2.52304424e-05 0 0.0275681101 0.0987906582 1
557 820 0 0.0275699255 -0 0 0.0275699255 0.0988519571 1
561 820 0 0.0275680986 -2.52304424e-05 0 0.0275681101 0.0987906582 1
565 820 0 0.0275626258 -5.03533496e-05 0 0.0275626718 0.0986069845 1
569 820 0 0.0275535304 -7.52619501e-05 0 0.0275536332 0.0983016042 1
573 820 0 0.0275408511 -9.98509916e-05 0 0.0275410321 0.097875626 1
577 820 0 0.0275246416 -0.000124017482 0 0.027524921 0.0973305934 1
581 820 0 0.0275049703 -0.000147661409 0 0.0275053667 0.0966684752 1
585 820 0 0.02748192 -0.000170686427 0 0.02748245 0.095891654 1
589 820 0 0.0274555869 -0.000193000511 0 0.0274562652 0.0950029125 1
593 820 0 0.0274260803 -0.00021451657 0 0.0274269192 0.0940054173 1
597 820 0 0.0273935217 -0.000235153005 0 0.027394531 0.0929027004 1
601 820 0 0.027358044 -0.000254834225 0 0.0273592308 0.0916986393 1
605 820 0 0.0273197905 -0.000273491094 0 0.0273211594 0.0903974345 1
609 820 0 0.0272789142 -0.000291061326 0 0.027280467 0.089003586 1
613 820 0 0.0272355764 -0.000307489813 0 0.0272373122 0.087521868 1
617 820 0 0.027189946 -0.000322728886 0 0.0271918612 0.085957302 1
621 820 0 0.0271421981 -0.000336738507 0 0.0271442869 0.0843151296 1
625 820 0 0.0270925131 -0.000349486397 0 0.0270947671 0.0826007837 1
629 820 0 0.0270410755 -0.000360948094 0 0.0270434844 0.0808198592 1
633 820 0 0.0269880729 -0.000371106942 0 0.0269906243 0.0789780835 1
637 820 0 0.0269336945 -0.000379954017 0 0.0269363744 0.0770812864 1
641 820 0 0.0268781305 -0.000387487986 0 0.0268809235 0.0751353703 1
645 820 0 0.0268215706 -0.000393714916 0 0.0268244602 0.0731462802 1
649 820 0 0.0267642031 -0.000398648009 0 0.0267671719 0.0711199741 1
653 820 0 0.026706214 -0.000402307305 0 0.0267092441 0.0690623949 1
657 820 0 0.0266477858 -0.000404719319 0 0.026650859 0.0669794413 1
661 820 0 0.0265890968 -0.000405916647 0 0.026592195 0.0648769414 1
665 820 0 0.02653032 -0.000405937527 0 0.0265334255 0.0627606265 1
669 820 0 0.0264716229 -0.000404825377 0 0.0264747181 0.0606361059 1
673 820 0 0.0264131658 -0.000402628296 0 0.0264162344 0.0585088442 1
677 820 0 0.0263551022 -0.000399398549 0 0.0263581284 0.0563841393 1
681 820 0 0.0262975776 -0.000395192044 0 0.0263005468 0.0542671017 1
685 820 0 0.026240729 -0.000390067785 0 0.026243628 0.0521626369 1
689 820 0 0.026184685 -0.000384087338 0 0.0261875018 0.0500754282 1
693 820 0 0.0261295648 -0.000377314285 0 0.0261322889 0.0480099223 1
697 820 0 0.0260754786 -0.000369813697 0 0.0260781009 0.0459703164 1
701 820 0 0.0260225269 -0.00036165161 0 0.0260250398 0.0439605471 1
705 820 0 0.0259708006 -0.000352894522 0 0.025973198 0.0419842822 1
709 820 0 0.025920381 -0.000343608911 0 0.0259226584 0.040044913 1
713 820 0 0.0258713399 -0.000333860771 0 0.025873494 0.0381455498 1
717 820 0 0.0258237395 -0.000323715189 0 0.0258257684 0.0362890187 1
721 820 0 0.0257776328 -0.000313235936 0 0.0257795358 0.0344778601 1
725 820 0 0.0257330634 -0.000302485102 0 0.0257348411 0.0327143296 1
729 820 0 0.0256900663 -0.000291522759 0 0.0256917203 0.0310004 1
733 820 0 0.025648668 -0.000280406667 0 0.0256502008 0.029337765 1
737 820 0 0.0256088867 -0.000269192005 0 0.0256103015 0.0277278447 1
741 820 0 0.0255707327 -0.000257931151 0 0.0255720336 0.0261717924 1
745 820 0 0.0255342093 -0.000246673491 0 0.0255354008 0.0246705023 1
749 820 0 0.0254993125 -0.000235465267 0 0.0255003997 0.0232246191 1
753 820 0 0.025466032 -0.000224349461 0 0.0254670203 0.0218345478 1
757 820 0 0.0254343516 -0.000213365709 0 0.0254352466 0.0205004652 1
761 820 0 0.0254042495 -0.000202550257 0 0.0254050569 0.0192223315 1
765 820 0 0.0253756988 -0.000191935942 0 0.0253764247 0.0179999032 1
769 820 0 0.0253486683 -0.000181552199 0 0.0253493185 0.0168327462 1
773 820 0 0.0253231227 -0.000171425103 0 0.0253237029 0.0157202488 1
777 820 0 0.0252990232 -0.000161577432 0 0.0252995391 0.0146616364 1
781 820 0 0.0252763278 -0.000152028751 0 0.025276785 0.0136559847 1
785 820 0 0.025254992 -0.00014279552 0 0.0252553957 0.0127022341 1
789 820 0 0.0252349692 -0.000133891215 0 0.0252353244 0.0117992036 1
793 820 0 0.0252162109 -0.000125326468 0 0.0252165224 0.0109456047 1
797 820 0 0.0251986674 -0.000117109216 0 0.0251989395 0.0101400548 1
801 820 0 0.025182288 -0.000109244865 0 0.0251825249 0.00938109076 1
805 820 0 0.0251670213 -0.000101736454 0 0.0251672269 0.00866718139 1
809 820 0 0.0251528156 -9.45848328e-05 0 0.0251529935 0.00799674011 1
813 820 0 0.0251396195 -8.77888395e-05 0 0.0251397728 0.00736813668 1
817 820 0 0.0251273817 -8.1345477e-05 0 0.0251275133 0.00677970849 1
821 820 0 0.0251160513 -7.52500938e-05 0 0.025116164 0.00622977121 1
825 820 0 0.0251055785 -6.94965596e-05 0 0.0251056747 0.00571662877 1
829 820 0 0.0250959142 -6.40774389e-05 0 0.025095996 0.00523858266 1
833 820 0 0.0250870108 -5.89841588e-05 0 0.0250870801 0.00479394056 1
837 820 0 0.0250788217 -5.4207171e-05 0 0.0250788802 0.00438102417 1
841 820 0 0.0250713018 -4.97361073e-05 0 0.0250713511 0.00399817647 1
845 820 0 0.0250644076 -4.55599266e-05 0 0.025064449 0.00364376812 1
849 820 0 0.0250580974 -4.16670537e-05 0 0.0250581321 0.00331620325 1
853 820 0 0.0250523309 -3.80455093e-05 0 0.0250523598 0.00301392452 1
857 820 0 0.0250470698 -3.46830301e-05 0 0.0250470938 0.00273541755 1
861 820 0 0.0250422775 -3.15671799e-05 0 0.0250422974 0.00247921464 1
253 824 0 0.0250357922 2.60395873e-05 0 0.0250358057 0.00213342338 1
257 824 0 0.0250398494 2.86098345e-05 0 0.0250398658 0.0023547767 1
261 824 0 0.0250443035 3.13835245e-05 0 0.0250443231 0.00259550793 1
265 824 0 0.0250491854 3.43709159e-05 0 0.025049209 0.00285690423 1
269 824 0 0.0250545276 3.75821246e-05 0 0.0250545558 0.00314029503 1
273 824 0 0.0250603642 4.10270323e-05 0 0.0250603978 0.00344704885 1
277 824 0 0.0250667306 4.47151873e-05 0 0.0250667705 0.00377856958 1
281 824 0 0.0250736635 4.86556974e-05 0 0.0250737107 0.00413629211 1
285 824 0 0.0250812012 5.28571153e-05 0 0.0250812569 0.00452167744 1
289 824 0 0.0250893829 5.73273171e-05 0 0.0250894484 0.00493620711 1
293 824 0 0.0250982493 6.20733748e-05 0 0.025098326 0.00538137699 1
297 824 0 0.0251078416 6.71014218e-05 0 0.0251079312 0.00585869048 1
301 824 0 0.0251182022 7.24165149e-05 0 0.0251183066 0.006369651 1
305 824 0 0.025129374 7.80224912e-05 0 0.0251294952 0.00691575395 1
309 824 0 0.0251414005 8.39218225e-05 0 0.0251415406 0.00749847796 1
313 824 0 0.0251543254 9.01154681e-05 0 0.0251544868 0.00811927559 1
317 824 0 0.0251681922 9.66027269e-05 0 0.0251683776 0.00877956346 1
321 824 0 0.0251830446 0.000103381091 0 0.0251832568 0.00948071183 1
325 824 0 0.0251989254 0.000110446102 0 0.0251991674 0.0102240337 1
329 824 0 0.0252158768 0.000117791213 0 0.0252161519 0.0110107735 1
333 824 0 0.0252339397 0.000125407653 0 0.0252342513 0.0118420953 1
337 824 0 0.0252531536 0.000133284305 0 0.0252535054 0.0127190708 1
341 824 0 0.0252735564 0.000141407593 0 0.0252739519 0.013642667 1
345 824 0 0.0252951833 0.000149761377 0 0.0252956266 0.0146137339 1
349 824 0 0.0253180674 0.000158326868 0 0.0253185624 0.0156329919 1
353 824 0 0.0253422384 0.000167082556 0 0.0253427892 0.0167010189 1
357 824 0 0.025367723 0.000176004161 0 0.0253683335 0.0178182387 1
361 824 0 0.0253945437 0.000185064595 0 0.025395218 0.018984908 1
365 824 0 0.025422719 0.000194233961 0 0.025423461 0.0202011052 1
369 824 0 0.0254522627 0.000203479561 0 0.0254530761 0.0214667184 1
373 824 0 0.0254831835 0.000212765941 0 0.0254840717 0.022781435 1
377 824 0 0.0255154847 0.000222054955 0 0.0255164509 0.0241447314 1
381 824 0 0.0255491637 0.000231305866 0 0.0255502107 0.0255558635 1
385 824 0 0.0255842116 0.000240475468 0 0.0255853417 0.027013858 1
389 824 0 0.025620613 0.000249518242 0 0.025621828 0.0285175056 1
393 824 0 0.0256583455 0.000258386544 0 0.0256596465 0.0300653538 1
397 824 0 0.0256973796 0.00026703082 0 0.025698767 0.0316557024 1
401 824 0 0.0257376782 0.000275399853 0 0.0257391516 0.0332865992 1
405 824 0 0.0257791965 0.000283441038 0 0.0257807546 0.0349558381 1
409 824 0 0.0258218818 0.000291100686 0 0.0258235226 0.0366609579 1
413 824 0 0.0258656734 0.000298324359 0 0.0258673937 0.038399243 1
417 824 0 0.0259105024 0.000305057218 0 0.0259122981 0.040167726 1
421 824 0 0.0259562919 0.00031124441 0 0.0259581579 0.0419631916 1
425 824 0 0.0260029567 0.000316831463 0 0.0260048869 0.043782182 1
429 824 0 0.0260504037 0.0003217647 0 0.0260523908 0.0456210054 1
433 824 0 0.0260985318 0.000325991672 0 0.0261005677 0.0474757441 1
437 824 0 0.0261472323 0.000329461594 0 0.0261493079 0.0493422667 1
441 824 0 0.0261963891 0.000332125793 0 0.0261984944 0.0512162401 1
445 824 0 0.026245879 0.000333938153 0 0.0262480033 0.0530931446 1
449 824 0 0.0262955721 0.00033485556 0 0.0262977041 0.0549682897 1
453 824 0 0.0263453326 0.000334838335 0 0.0263474603 0.0568368322 1
457 824 0 0.0263950189 0.000333850667 0 0.0263971301 0.0586937956 1
461 824 0 0.0264444843 0.00033186101 0 0.0264465665 0.0605340903 1
465 824 0 0.026493578 0.000328842478 0 0.0264956188 0.0623525365 1
469 824 0 0.0265421455 0.000324773197 0 0.0265441324 0.0641438868 1
473 824 0 0.0265900292 0.000319636638 0 0.0265919503 0.0659028506 1
477 824 0 0.0266370698 0.00031342191 0 0.0266389137 0.0676241195 1
481 824 0 0.0266831066 0.000306124008 0 0.0266848626 0.0693023932 1
485 824 0 0.0267279788 0.000297744032 0 0.0267296371 0.0709324056 1
489 824 0 0.0267715259 0.000288289343 0 0.0267730781 0.0725089522 1
493 824 0 0.0268135893 0.000277773681 0 0.0268150281 0.0740269168 1
497 824 0 0.0268540128 0.000266217224 0 0.0268553324 0.0754812986 1
501 824 0 0.0268926436 0.0002536466 0 0.0268938398 0.076867239 1
505 824 0 0.0269293335 0.000240094834 0 0.0269304038 0.0781800485 1
509 824 0 0.0269639394 0.000225601249 0 0.0269648832 0.0794152319 1
513 824 0 0.0269963249 0.000210211304 0 0.0269971433 0.080568514 1
517 824 0 0.0270263604 0.000193976378 0 0.0270270565 0.0816358632 1
521 824 0 0.0270539246 0.0001769535 0 0.0270545033 0.082613515 1
525 824 0 0.0270789049 0.000159205025 0 0.0270793729 0.0834979934 1
529 824 0 0.0271011986 0.000140798264 0 0.0271015643 0.0842861309 1
533 824 0 0.0271207131 0.000121805057 0 0.0271209866 0.084975087 1
537 824 0 0.0271373668 0.000102301317 0 0.0271375596 0.0855623651 1
541 824 0 0.0271510898 8.23665156e-05 0 0.0271512147 0.0860458271 1
545 824 0 0.0271618241 6.2083155e-05 0 0.0271618951 0.0864237059 1
549 824 0 0.0271695243 4.1536192e-05 0 0.0271695561 0.086694616 1
553 824 0 0.0271741576 2.08124486e-05 0 0.0271741655 0.086857562 1
557 824 0 0.0271757042 -0 0 0.0271757042 0.0869119441 1
561 824 0 0.0271741576 -2.08124486e-05 0 0.0271741655 0.086857562 1
565 824 0 0.0271695243 -4.1536192e-05 0 0.0271695561 0.086694616 1
569 824 0 0.0271618241 -6.2083155e-05 0 0.0271618951 0.0864237059 1
573 824 0 0.0271510898 -8.23665156e-05 0 0.0271512147 0.0860458271 1
577 824 0 0.0271373668 -0.000102301317 0 0.0271375596 0.0855623651 1
581 824 0 0.0271207131 -0.000121805057 0 0.0271209866 0.084975087 1
585 824 0 0.0271011986 -0.000140798264 0 0.0271015643 0.0842861309 1
589 824 0 0.0270789049 -0.000159205025 0 0.0270793729 0.0834979934 1
593 824 0 0.0270539246 -0.0001769535 0 0.0270545033 0.082613515 1
597 824 0 0.0270263604 -0.000193976378 0 0.0270270565 0.0816358632 1
601 824 0 0.0269963249 -0.000210211304 0 0.0269971433 0.080568514 1
605 824 0 0.0269639394 -0.000225601249 0 0.0269648832 0.0794152319 1
609 824 0 0.0269293335 -0.000240094834 0 0.0269304038 0.0781800485 1
613 824 0 0.0268926436 -0.0002536466 0 0.0268938398 0.076867239 1
617 824 0 0.0268540128 -0.000266217224 0 0.0268553324 0.0754812986 1
621 824 0 0.0268135893 -0.000277773681 0 0.0268150281 0.0740269168 1
625 824 0 0.0267715259 -0.000288289343 0 0.0267730781 0.0725089522 1
629 824 0 0.0267279788 -0.000297744032 0 0.0267296371 0.0709324056 1
633 824 0 0.0266831066 -0.000306124008 0 0.0266848626 0.0693023932 1
637 824 0 0.0266370698 -0.00031342191 0 0.0266389137 0.0676241195 1
641 824 0 0.0265900292 -0.000319636638 0 0.0265919503 0.0659028506 1
645 824 0 0.0265421455 -0.000324773197 0 0.0265441324 0.0641438868 1
649 824 0 0.026493578 -0.000328842478 0 0.0264956188 0.0623525365 1
653 824 0 0.0264444843 -0.00033186101 0 0.0264465665 0.0605340903 1
657 824 0 0.0263950189 -0.000333850667 0 0.0263971301 0.0586937956 1
661 824 0 0.0263453326 -0.000334838335 0 0.0263474603 0.0568368322 1
665 824 0 0.0262955721 -0.00033485556 0 0.0262977041 0.0549682897 1
669 824 0 0.026245879 -0.000333938153 0 0.0262480033 0.0530931446 1
673 824 0 0.0261963891 -0.000332125793 0 0.0261984944 0.0512162401 1
677 824 0 0.0261472323 -0.000329461594 0 0.0261493079 0.0493422667 1
681 824 0 0.0260985318 -0.000325991672 0 0.0261005677 0.0474757441 1
685 824 0 0.0260504037 -0.0003217647 0 0.0260523908 0.0456210054 1
689 824 0 0.0260029567 -0.000316831463 0 0.0260048869 0.043782182 1
693 824 0 0.0259562919 -0.00031124441 0 0.0259581579 0.0419631916 1
697 824 0 0.0259105024 -0.000305057218 0 0.0259122981 0.040167726 1
701 824 0 0.0258656734 -0.000298324359 0 0.0258673937 0.038399243 1
705 824 0 0.0258218818 -0.000291100686 0 0.0258235226 0.0366609579 1
709 824 0 0.0257791965 -0.000283441038 0 0.0257807546 0.0349558381 1
713 824 0 0.0257376782 -0.000275399853 0 0.0257391516 0.0332865992 1
717 824 0 0.0256973796 -0.00026703082 0 0.025698767 0.0316557024 1
721 824 0 0.0256583455 -0.000258386544 0 0.0256596465 0.0300653538 1
725 824 0 0.025620613 -0.000249518242 0 0.025621828 0.0285175056 1
729 824 0 0.0255842116 -0.000240475468 0 0.0255853417 0.027013858 1
733 824 0 0.0255491637 -0.000231305866 0 0.0255502107 0.0255558635 1
737 824 0 0.0255154847 -0.000222054955 0 0.0255164509 0.0241447314 1
741 824 0 0.0254831835 -0.000212765941 0 0.0254840717 0.022781435 1
745 824 0 0.0254522627 -0.000203479561 0 0.0254530761 0.0214667184 1
749 824 0 0.025422719 -0.000194233961 0 0.025423461 0.0202011052 1
753 824 0 0.0253945437 -0.000185064595 0 0.025395218 0.018984908 1
757 824 0 0.025367723 -0.000176004161 0 0.0253683335 0.0178182387 1
761 824 0 0.0253422384 -0.000167082556 0 0.0253427892 0.0167010189 1
765 824 0 0.0253180674 -0.000158326868 0 0.0253185624 0.0156329919 1
769 824 0 0.0252951833 -0.000149761377 0 0.0252956266 0.0146137339 1
773 824 0 0.0252735564 -0.000141407593 0 0.0252739519 0.013642667 1
777 824 0 0.0252531536 -0.000133284305 0 0.0252535054 0.0127190708 1
781 824 0 0.0252339397 -0.000125407653 0 0.0252342513 0.0118420953 1
785 824 0 0.0252158768 -0.000117791213 0 0.0252161519 0.0110107735 1
789 824 0 0.0251989254 -0.000110446102 0 0.0251991674 0.0102240337 1
793 824 0 0.0251830446 -0.000103381091 0 0.0251832568 0.00948071183 1
797 824 0 0.0251681922 -9.66027269e-05 0 0.0251683776 0.00877956346 1
801 824 0 0.0251543254 -9.01154681e-05 0 0.0251544868 0.00811927559 1
805 824 0 0.0251414005 -8.39218225e-05 0 0.0251415406 0.00749847796 1
809 824 0 0.025129374 -7.80224912e-05 0 0.0251294952 0.00691575395 1
813 824 0 0.0251182022 -7.24165149e-05 0 0.0251183066 0.006369651 1
817 824 0 0.0251078416 -6.71014218e-05 0 0.0251079312 0.00585869048 1
821 824 0 0.0250982493 -6.20733748e-05 0 0.025098326 0.00538137699 1
825 824 0 0.0250893829 -5.73273171e-05 0 0.0250894484 0.00493620711 1
829 824 0 0.0250812012 -5.28571153e-05 0 0.0250812569 0.00452167744 1
833 824 0 0.0250736635 -4.86556974e-05 0 0.0250737107 0.00413629211 1
837 824 0 0.0250667306 -4.47151873e-05 0 0.0250667705 0.00377856958 1
841 824 0 0.0250603642 -4.10270323e-05 0 0.0250603978 0.00344704885 1
845 824 0 0.0250545276 -3.75821246e-05 0 0.0250545558 0.00314029503 1
849 824 0 0.0250491854 -3.43709159e-05 0 0.025049209 0.00285690423 1
853 824 0 0.0250443035 -3.13835245e-05 0 0.0250443231 0.00259550793 1
857 824 0 0.0250398494 -2.86098345e-05 0 0.0250398658 0.0023547767 1
861 824 0 0.0250357922 -2.60395873e-05 0 0.0250358057 0.00213342338 1
